k,acc,bal_acc,macro_f1,avg_inf_ms
1,0.9965197215777262,0.9965517241379309,0.9960136785539815,2.07879952654208
3,0.9965197215777262,0.9965517241379309,0.9960136785539815,0.012764244787654302
5,0.9965197215777262,0.9965517241379309,0.9960136785539815,0.012684864123846704
7,0.9965197215777262,0.9965517241379309,0.9960136785539815,0.013877510194712062
9,0.9953596287703016,0.9954022988505746,0.9946893439777854,0.014521959486251089
