held_subject,k,acc,bal_acc,macro_f1,avg_inf_ms
na,1,0.967741935483871,0.96875,0.9555555555555555,0.27110499720419606
