label,f0,f1,f2,f3,f4,f5,f6,f7,f8,f9,f10,f11,f12,f13,f14,f15,f16,f17,f18,f19,f20,f21,f22,f23,f24,f25,f26,f27,f28,f29,f30,f31,f32,f33,f34,f35,f36,f37,f38,f39,f40,f41,f42,f43,f44,f45,f46,f47,f48,f49,f50,f51,f52,f53,f54,f55,f56,f57,f58,f59,f60,f61,f62,f63,f64,f65,f66,f67,f68,f69,f70,f71,f72,f73,f74,f75,f76
3,0.0,0.0,0.0,-1.031542181968689,-0.13417838513851166,0.1503329873085022,-1.0359623432159424,-0.5262904167175293,0.27842092514038086,-1.0970373153686523,-0.6687406301498413,0.2926342785358429,-1.2699048519134521,-0.6927574872970581,0.3676111698150635,-0.7937226891517639,-0.33290165662765503,0.7478883266448975,-0.6526503562927246,-0.40272223949432373,0.6026667952537537,-0.5302860736846924,-0.10822394490242004,0.5782430768013,-0.42305639386177063,0.14091157913208008,0.6526140570640564,-0.35065561532974243,-0.3956183195114136,0.9508728384971619,-0.3054923713207245,-0.4466806650161743,0.5299319624900818,-0.26333725452423096,-0.12151918560266495,0.46596798300743103,-0.21972066164016724,0.12905721366405487,0.6512048244476318,0.18079420924186707,-0.49721845984458923,1.1426833868026733,0.24015478789806366,-0.6100410223007202,0.7507514953613281,0.23192448914051056,-0.3281272053718567,0.8494386076927185,0.13719405233860016,-0.08210008591413498,1.1038753986358643,0.5926982760429382,-0.6263625621795654,1.1848984956741333,0.766215980052948,-0.732312798500061,1.1339181661605835,0.936044454574585,-0.8215557932853699,1.047713041305542,0.982876718044281,-0.9433867335319519,1.0148072242736816,0.8620270490646362,0.56172114610672,0.47760072350502014,0.827239990234375,1.1676040887832642,0.3623177111148834,-3.204564094543457,-2.080209732055664,-1.5906352996826172,0.5233670473098755,-1.8223508596420288,-0.5463660955429077,0.8585711717605591,-0.5010738372802734
3,0.0,0.0,0.0,-1.020036220550537,-0.15929830074310303,0.16374993324279785,-1.0208395719528198,-0.5506470799446106,0.30815693736076355,-1.0776258707046509,-0.6822190284729004,0.326997846364975,-1.2471028566360474,-0.6967571377754211,0.40163302421569824,-0.778531014919281,-0.31742313504219055,0.7413444519042969,-0.6204577684402466,-0.3916111886501312,0.5949165225028992,-0.506523072719574,-0.09869988262653351,0.577348530292511,-0.4014383852481842,0.14474530518054962,0.6533657312393188,-0.34313634037971497,-0.3680024743080139,0.9332264065742493,-0.27275508642196655,-0.428200900554657,0.5105565786361694,-0.24431896209716797,-0.10914923250675201,0.44229447841644287,-0.2079119235277176,0.13556309044361115,0.6161683797836304,0.185127854347229,-0.4629826545715332,1.1021580696105957,0.27613091468811035,-0.5893101692199707,0.7002819776535034,0.25576987862586975,-0.30919456481933594,0.7626548409461975,0.1481589823961258,-0.06588763743638992,0.9925763607025146,0.6022103428840637,-0.5891857743263245,1.1206560134887695,0.7874331474304199,-0.6998815536499023,1.0576530694961548,0.9654384255409241,-0.7878764271736145,0.935792088508606,1.0236375331878662,-0.9102541208267212,0.8761875629425049,0.8656105399131775,0.5370737910270691,0.47112011909484863,0.8320201635360718,1.1590673923492432,0.3623177111148834,-3.204564094543457,-2.080209732055664,-1.5906352996826172,0.5233670473098755,-1.8223508596420288,-0.5325829982757568,0.8244159817695618,-0.7090195417404175
3,0.0,0.0,0.0,-0.8997606635093689,1.4712440967559814,-0.27723848819732666,-0.9603099822998047,1.5050880908966064,-0.6976935863494873,-1.0638923645019531,1.4069957733154297,-0.9120678901672363,-1.2495646476745605,1.3084867000579834,-1.134920597076416,-0.8733114004135132,1.4083951711654663,-1.3524993658065796,-0.36774787306785583,1.430368185043335,-1.266394019126892,-0.3417454659938812,1.2807579040527344,-1.2466801404953003,-0.3873593509197235,1.19765305519104,-1.2576237916946411,-0.3724996745586395,1.2209281921386719,-1.6755142211914062,0.008975982666015625,1.290191411972046,-1.3057950735092163,-0.05008292198181152,1.161178469657898,-1.1084741353988647,-0.12105667591094971,1.0842212438583374,-1.1089199781417847,0.1387736201286316,1.0542974472045898,-1.9694393873214722,0.41017818450927734,1.1390461921691895,-1.5833640098571777,0.38951489329338074,1.048967719078064,-1.2439748048782349,0.2474193423986435,1.0107380151748657,-1.0584218502044678,0.49514585733413696,0.9119418263435364,-2.021569013595581,0.7104358673095703,0.9676668047904968,-1.9500138759613037,0.835644543170929,0.9170947074890137,-1.7249245643615723,0.8918057680130005,0.9189313650131226,-1.5533194541931152,0.965440034866333,-0.02035374380648136,0.0705886259675026,0.18120227754116058,0.32631823420524597,0.3623177111148834,0.31205493211746216,0.48072075843811035,0.628679633140564,0.5233670473098755,0.7696335911750793,0.19419848918914795,-0.5602187514305115,0.3245633840560913
3,0.0,0.0,0.0,-0.8019829988479614,0.16186632215976715,-0.7239907383918762,-0.7833925485610962,-0.0016497968463227153,-0.7190604209899902,-0.8587644696235657,-0.17972926795482635,-0.6535634398460388,-1.108806848526001,-0.2468709647655487,-0.5509663224220276,-0.2622876763343811,-0.2692391276359558,-0.6346740126609802,0.13949276506900787,0.23714035749435425,-0.44020774960517883,-0.06203259527683258,0.4521430432796478,-0.2536364495754242,-0.20014475286006927,0.5139843821525574,-0.18211999535560608,0.29642677307128906,-0.33044275641441345,-0.5335497260093689,0.5113513469696045,0.247799351811409,-0.40701720118522644,0.1629624217748642,0.4303290843963623,-0.400325208902359,-0.009115137159824371,0.47423338890075684,-0.47646626830101013,0.7437649369239807,-0.30670374631881714,-0.2969483435153961,0.947486162185669,0.16530507802963257,-0.4711066782474518,0.6748297214508057,0.34801533818244934,-0.5963388085365295,0.32859888672828674,0.4391685724258423,-0.6432318091392517,0.9509891271591187,-0.2576446235179901,0.11324594169855118,1.2971718311309814,-0.17892472445964813,-0.27770936489105225,1.6172147989273071,-0.15062305331230164,-0.444947749376297,1.7809337377548218,-0.13078448176383972,-0.4997742772102356,0.6175116896629333,-1.832945466041565,-1.5272228717803955,-1.2671434879302979,0.1770537942647934,0.3623177111148834,0.31205493211746216,0.48072075843811035,0.628679633140564,0.5233670473098755,0.7696335911750793,-0.5324833393096924,0.8862256407737732,-0.6422187685966492
3,0.0,0.0,0.0,-0.8854340314865112,0.09158600121736526,-0.7074012756347656,-0.8668785691261292,-0.10545295476913452,-0.6752046346664429,-0.9178130030632019,-0.2723279893398285,-0.5789810419082642,-1.1430308818817139,-0.33610841631889343,-0.45031917095184326,-0.41433385014533997,-0.3265650272369385,-0.6004229784011841,0.00905036274343729,0.1420295387506485,-0.33558112382888794,-0.13776783645153046,0.35912397503852844,-0.1094803586602211,-0.24144065380096436,0.4388795793056488,-0.021301720291376114,0.11481808871030807,-0.4036403298377991,-0.4603361189365387,0.37955722212791443,0.14342109858989716,-0.22993148863315582,0.12702982127666473,0.2999204099178314,-0.1509796380996704,-0.005030351225286722,0.3374437987804413,-0.20531083643436432,0.5815854072570801,-0.38841572403907776,-0.16866534948349,0.87889164686203,-0.007854676805436611,-0.1598661094903946,0.8526963591575623,0.0842396691441536,-0.2995007634162903,0.7282939553260803,0.09789758920669556,-0.4728461802005768,0.8243871331214905,-0.3472069203853607,0.29070377349853516,1.1836801767349243,-0.27237939834594727,0.04501364752650261,1.5088562965393066,-0.25431063771247864,-0.13154877722263336,1.6942784786224365,-0.26761892437934875,-0.2571415305137634,0.6235266327857971,-1.8822616338729858,-1.5855093002319336,-1.1905713081359863,0.2197204977273941,0.3623177111148834,0.31205493211746216,0.48072075843811035,0.628679633140564,0.5233670473098755,0.7696335911750793,-0.6060602068901062,1.0457514524459839,-0.4754727780818939
3,0.0,0.0,0.0,-0.8497738838195801,-0.14621292054653168,-0.3995456397533417,-0.8143008351325989,-0.3733948767185211,-0.34049755334854126,-0.8563222289085388,-0.5199439525604248,-0.286946177482605,-1.0594617128372192,-0.5648868083953857,-0.20078450441360474,-0.38103002309799194,-0.4712907373905182,-0.0889478474855423,-0.004565180279314518,-0.06485751271247864,-0.007966149598360062,-0.021891307085752487,0.1924426257610321,0.12894050776958466,-0.09840058535337448,0.37932220101356506,0.2823491096496582,0.13657787442207336,-0.4843396246433258,0.11055319756269455,0.42693546414375305,-0.08313977718353271,0.08541988581418991,0.27357202768325806,0.17058047652244568,0.12264379113912582,0.10324030369520187,0.3514785170555115,0.2533126473426819,0.5789498090744019,-0.46392256021499634,0.4296468198299408,0.8786897659301758,-0.18242771923542023,0.19513823091983795,0.8650223016738892,0.05438459664583206,0.14708426594734192,0.6594290137290955,0.23562471568584442,0.2920052111148834,0.8293502330780029,-0.4401457607746124,0.8240787982940674,1.1363307237625122,-0.4323781728744507,0.7462342977523804,1.4405360221862793,-0.4336034059524536,0.7384478449821472,1.582137942314148,-0.4513087272644043,0.7760472893714905,0.8173853158950806,-1.7677079439163208,-1.3747835159301758,-0.8940722346305847,0.6649805903434753,0.3623177111148834,0.31205493211746216,0.48072075843811035,0.628679633140564,0.5233670473098755,0.7696335911750793,-0.7078490853309631,1.0422980785369873,-0.5499286651611328
3,0.0,0.0,0.0,-0.8013672828674316,-0.17047438025474548,-0.4082567095756531,-0.7881222367286682,-0.3900110721588135,-0.3768877685070038,-0.8434464335441589,-0.5406315922737122,-0.34499895572662354,-1.0513594150543213,-0.5878362059593201,-0.2754414975643158,-0.3999346196651459,-0.4765591323375702,-0.14254792034626007,0.013348345644772053,-0.1137000173330307,-0.09417777508497238,-0.013701137155294418,0.15049004554748535,0.022853702306747437,-0.11176420748233795,0.3521057069301605,0.17981423437595367,0.12204007804393768,-0.4890361726284027,0.04654379189014435,0.43069636821746826,-0.11821256577968597,-0.02494608424603939,0.26718395948410034,0.14197637140750885,-0.023418676108121872,0.06856829673051834,0.3348473906517029,0.11178771406412125,0.5701788663864136,-0.4699360430240631,0.3523143231868744,0.8830879926681519,-0.2107783704996109,0.11145912110805511,0.879853367805481,0.02178756520152092,0.027199314907193184,0.6549686789512634,0.20726361870765686,0.16833347082138062,0.8207430839538574,-0.4570220708847046,0.7455826997756958,1.1355617046356201,-0.4577704966068268,0.6898044943809509,1.435761570930481,-0.47198426723480225,0.6650587916374207,1.5668710470199585,-0.500698447227478,0.6922250390052795,0.8364607095718384,-1.5911978483200073,-1.266714334487915,-0.7777239680290222,0.7102108001708984,0.3623177111148834,0.31205493211746216,0.48072075843811035,-1.5906352996826172,0.5233670473098755,-0.09436118602752686,-0.8816587924957275,0.9068232178688049,-0.5197666883468628
3,0.0,0.0,0.0,-0.8161240220069885,-0.19572164118289948,-0.4648897349834442,-0.8022579550743103,-0.4449268877506256,-0.4159452021121979,-0.8567796945571899,-0.5894980430603027,-0.3860355615615845,-1.047621726989746,-0.6371158361434937,-0.312206894159317,-0.4017217755317688,-0.4617519676685333,-0.11795832216739655,0.02347336895763874,-0.15981115400791168,-0.08970610052347183,-0.01058105006814003,0.10759410262107849,0.034048039466142654,-0.11763016134500504,0.312644898891449,0.2047470360994339,0.12980997562408447,-0.4786068797111511,0.08327877521514893,0.41836053133010864,-0.14999845623970032,-0.01358679961413145,0.26566118001937866,0.11539734899997711,-0.006415688432753086,0.06740022450685501,0.30837029218673706,0.1494264453649521,0.5814265608787537,-0.46449014544487,0.38445770740509033,0.8687333464622498,-0.24390506744384766,0.131644606590271,0.8889535665512085,-0.01198492106050253,0.03470044210553169,0.6809985041618347,0.17204000055789948,0.17399300634860992,0.8371455073356628,-0.4626179039478302,0.7519320249557495,1.1242493391036987,-0.4751816987991333,0.7133251428604126,1.4115585088729858,-0.4869326651096344,0.6672486066818237,1.5288519859313965,-0.5147736072540283,0.6729485988616943,0.8718026876449585,-1.3763008117675781,-1.1685278415679932,-0.6240444183349609,0.8025758862495422,0.3623177111148834,0.31205493211746216,0.48072075843811035,-1.5906352996826172,0.5233670473098755,-0.09436118602752686,-0.9200356006622314,0.9316979050636292,-0.42438557744026184
3,0.0,0.0,0.0,-0.8534190058708191,-0.32988011837005615,-0.3755626082420349,-0.8236744403839111,-0.5956109166145325,-0.2923809289932251,-0.8645963668823242,-0.7222277522087097,-0.2903638780117035,-1.0231094360351562,-0.7523853778839111,-0.22180935740470886,-0.4332580268383026,-0.42706334590911865,0.14788247644901276,-0.07437323778867722,-0.29526156187057495,0.08070418983697891,-0.08664300292730331,-0.010920609347522259,0.19772395491600037,-0.14699742197990417,0.20403510332107544,0.3734690546989441,0.07712417840957642,-0.4198443293571472,0.359703004360199,0.32131120562553406,-0.28806501626968384,0.045596301555633545,0.20931565761566162,0.011171582154929638,0.06361919641494751,0.06385630369186401,0.22276966273784637,0.28867483139038086,0.5511184930801392,-0.4365372061729431,0.6053844690322876,0.8162948489189148,-0.39690926671028137,0.21023237705230713,0.8470717072486877,-0.12939074635505676,0.22091785073280334,0.661937952041626,0.0763353556394577,0.45843738317489624,0.8519919514656067,-0.47824233770370483,0.8240313529968262,1.0833719968795776,-0.5376988053321838,0.7615885138511658,1.2932730913162231,-0.5793052911758423,0.6834966540336609,1.3617262840270996,-0.6617425084114075,0.6604925990104675,0.8797748684883118,-0.46689966320991516,-0.30666154623031616,0.31930604577064514,1.0349887609481812,0.3623177111148834,-3.204564094543457,-2.080209732055664,-1.5906352996826172,0.5233670473098755,-1.8223508596420288,-0.9991596341133118,0.9761672019958496,-0.265970915555954
3,0.0,0.0,0.0,-0.8686344027519226,-0.37789130210876465,-0.19277577102184296,-0.8232328295707703,-0.6333633661270142,-0.10758765041828156,-0.8638390302658081,-0.7485871911048889,-0.1210276260972023,-1.0026313066482544,-0.7769094109535217,-0.07296984642744064,-0.4065227806568146,-0.38074666261672974,0.33691295981407166,-0.12385765463113785,-0.31476032733917236,0.24437490105628967,-0.14304395020008087,-0.028755441308021545,0.3291972577571869,-0.18950918316841125,0.19552981853485107,0.48562172055244446,0.09530402719974518,-0.3572794198989868,0.5371509790420532,0.27600404620170593,-0.3042604625225067,0.17744584381580353,0.1691649705171585,0.001965612405911088,0.17527993023395538,0.04455944895744324,0.22619205713272095,0.3940827250480652,0.56871098279953,-0.3774053752422333,0.7493039965629578,0.7873003482818604,-0.40501001477241516,0.32697057723999023,0.8034718036651611,-0.13563081622123718,0.3527275025844574,0.629960298538208,0.07804439216852188,0.6019135117530823,0.8755613565444946,-0.42840123176574707,0.8988046050071716,1.1044273376464844,-0.5232501029968262,0.8578405380249023,1.3122432231903076,-0.5764503479003906,0.7950257062911987,1.3819241523742676,-0.6678087115287781,0.7750272750854492,0.8938068151473999,-0.07802911102771759,0.020516494289040565,0.5278425812721252,1.12173330783844,0.3623177111148834,-3.204564094543457,-2.080209732055664,-1.5906352996826172,0.5233670473098755,-1.8223508596420288,-0.939517080783844,0.869800865650177,-0.38482993841171265
3,0.0,0.0,0.0,-0.853570282459259,-0.42756518721580505,-0.05516752228140831,-0.7950674295425415,-0.671151876449585,0.02465098537504673,-0.8464245796203613,-0.7776753306388855,0.005724345333874226,-0.995865523815155,-0.7952925562858582,0.044450387358665466,-0.37535640597343445,-0.36923596262931824,0.383015513420105,-0.11232466250658035,-0.31632891297340393,0.3005695939064026,-0.1388087123632431,-0.02955079823732376,0.3969835638999939,-0.18953576683998108,0.19129781424999237,0.5608825087547302,0.12206265330314636,-0.33500123023986816,0.5601934790611267,0.27870386838912964,-0.30620142817497253,0.2254115492105484,0.1674967110157013,-0.0043786573223769665,0.24262064695358276,0.04022327810525894,0.2140500396490097,0.46693164110183716,0.5926196575164795,-0.35311436653137207,0.749138355255127,0.7811129093170166,-0.3993353843688965,0.3529072403907776,0.7853896617889404,-0.1321408897638321,0.401729941368103,0.6085265278816223,0.07606230676174164,0.6626731753349304,0.900126039981842,-0.41101229190826416,0.8801240921020508,1.1278104782104492,-0.5202065110206604,0.8806777000427246,1.3411074876785278,-0.575325608253479,0.8500974774360657,1.4094873666763306,-0.6664494872093201,0.8476399779319763,0.9428477883338928,0.005161721259355545,0.12884388864040375,0.5892288684844971,1.1749213933944702,0.3623177111148834,-3.204564094543457,-2.080209732055664,-1.5906352996826172,0.5233670473098755,-1.8223508596420288,-0.7701582312583923,0.7096847891807556,-0.2887797951698303
1,0.0,0.0,0.0,-0.5504169464111328,-0.7117941379547119,0.2820691466331482,-0.44799429178237915,-0.7092838287353516,0.35013753175735474,-0.4860573709011078,-0.7578843235969543,0.377004474401474,-0.6022788286209106,-0.7729738354682922,0.37053927779197693,0.15975593030452728,-0.31527307629585266,0.4368691146373749,0.4603503942489624,-0.4816170930862427,0.5266658663749695,0.6198739409446716,-0.5552830100059509,0.6102941036224365,0.7278499007225037,-0.6142206788063049,0.616826593875885,0.4729052782058716,-0.16202454268932343,0.5283506512641907,0.5815578103065491,-0.250521183013916,0.3214883506298065,0.318482369184494,-0.02594117447733879,0.48044389486312866,0.14683590829372406,0.13315913081169128,0.7351712584495544,0.7019065618515015,-0.04020151495933533,0.6492152214050293,0.7518757581710815,-0.13164977729320526,0.3794730603694916,0.5232018232345581,0.06739342957735062,0.7638056874275208,0.3227347731590271,0.18145751953125,1.1107192039489746,0.8145814538002014,0.05570818483829498,0.7202132344245911,0.819236695766449,-0.0684066042304039,0.6479668021202087,0.5253598690032959,0.08365749567747116,0.9534491896629333,0.3353999853134155,0.18504446744918823,1.1592559814453125,1.0267044305801392,0.7689149379730225,0.5308548212051392,0.38157665729522705,0.7673630714416504,0.3623177111148834,0.31205493211746216,-2.080209732055664,-1.5906352996826172,-1.9107049703598022,-1.8223508596420288,0.35143187642097473,-0.43998757004737854,1.5873404741287231
1,0.0,0.0,0.0,-0.5556620359420776,-0.6343262791633606,0.2552727460861206,-0.4622422754764557,-0.7369709014892578,0.32563596963882446,-0.5161985158920288,-0.7689982652664185,0.3406621217727661,-0.6706271171569824,-0.7509130835533142,0.31418299674987793,0.2582589387893677,-0.27807512879371643,0.4421021342277527,0.5640799403190613,-0.4602099657058716,0.5609256625175476,0.7297835946083069,-0.5418319702148438,0.6673659682273865,0.8256388902664185,-0.5962444543838501,0.6840149760246277,0.5460434556007385,-0.11897467821836472,0.5248699188232422,0.6008336544036865,-0.24944551289081573,0.27870747447013855,0.3294544517993927,-0.029520243406295776,0.4042331278324127,0.143451988697052,0.15863604843616486,0.6724051833152771,0.7444322109222412,0.0010832251282408834,0.6308010816574097,0.7368872165679932,-0.13515770435333252,0.3543543815612793,0.5194359421730042,0.06845705211162567,0.6674675941467285,0.3330266773700714,0.21898381412029266,0.9934691786766052,0.8451040387153625,0.11403462290763855,0.6734465956687927,0.8133376836776733,-0.060974713414907455,0.5856032371520996,0.52280592918396,0.08691450953483582,0.8314523100852966,0.33915162086486816,0.2168191522359848,1.014680027961731,0.9437240958213806,0.7976452708244324,0.6064767837524414,0.45836320519447327,0.6035998463630676,0.3623177111148834,0.31205493211746216,-2.080209732055664,-1.5906352996826172,-1.9107049703598022,-1.8223508596420288,-0.4781801700592041,0.8144754767417908,0.17684565484523773
1,0.0,0.0,0.0,-0.5374850034713745,-0.6647635102272034,0.20818310976028442,-0.45260244607925415,-0.7292774319648743,0.269218772649765,-0.5098335146903992,-0.7538277506828308,0.28173884749412537,-0.6547460556030273,-0.7368564605712891,0.2550095319747925,0.25020527839660645,-0.2695815861225128,0.41193896532058716,0.5545303225517273,-0.44226399064064026,0.5318815112113953,0.7197027802467346,-0.5224334001541138,0.6302627921104431,0.8139731287956238,-0.5782303214073181,0.6423772573471069,0.5353773236274719,-0.10626978427171707,0.5015409588813782,0.5983288288116455,-0.22975477576255798,0.2787077724933624,0.3409510850906372,-0.022152528166770935,0.4027343988418579,0.14899282157421112,0.1536293625831604,0.6559681296348572,0.7291480302810669,0.013638153672218323,0.617222249507904,0.7249295115470886,-0.1207624152302742,0.3608630895614624,0.5119872093200684,0.07555544376373291,0.6685378551483154,0.31300902366638184,0.2190621942281723,0.9807447195053101,0.8323445916175842,0.12550246715545654,0.6736613512039185,0.7961844801902771,-0.047061629593372345,0.6019251346588135,0.5113616585731506,0.09578964859247208,0.8460033535957336,0.32549530267715454,0.21856366097927094,1.0219476222991943,0.9435727000236511,0.7772530317306519,0.5891985893249512,0.45110589265823364,0.590990424156189,0.3623177111148834,0.31205493211746216,-2.080209732055664,-1.5906352996826172,-1.9107049703598022,-1.8223508596420288,-0.46721717715263367,0.9379836916923523,0.1835581213235855
1,0.0,0.0,0.0,-0.536731481552124,-0.6674365401268005,0.18335464596748352,-0.45356231927871704,-0.7362854480743408,0.25753751397132874,-0.513980507850647,-0.7597422003746033,0.2763371169567108,-0.6594610810279846,-0.7423248291015625,0.2551175355911255,0.2503001093864441,-0.2785974442958832,0.41483914852142334,0.5586841702461243,-0.45440495014190674,0.534873902797699,0.7288228869438171,-0.5347778797149658,0.6339101195335388,0.8268337249755859,-0.5905442833900452,0.6468455195426941,0.5366196632385254,-0.11403349786996841,0.5126564502716064,0.6020963191986084,-0.23214547336101532,0.2690950930118561,0.34385278820991516,-0.021716000512242317,0.3852689266204834,0.14791664481163025,0.15765681862831116,0.6408988237380981,0.7311772704124451,0.005939975846558809,0.6376580595970154,0.7341306209564209,-0.12219352275133133,0.3519606292247772,0.5173441171646118,0.07454119622707367,0.6510351300239563,0.30773138999938965,0.21887682378292084,0.968987226486206,0.8354890942573547,0.11574848741292953,0.7012920379638672,0.8142338395118713,-0.04992322251200676,0.5994430184364319,0.5233107805252075,0.09235632419586182,0.8344973921775818,0.3265751898288727,0.21397987008094788,1.011145830154419,0.9369168877601624,0.7827762961387634,0.5642533898353577,0.42613327503204346,0.6358417272567749,0.3623177111148834,0.31205493211746216,-2.080209732055664,-1.5906352996826172,-1.9107049703598022,-1.8223508596420288,-0.40818145871162415,0.9520059823989868,0.10943691432476044
1,0.0,0.0,0.0,-0.5692608952522278,-0.7208584547042847,0.24825970828533173,-0.47525259852409363,-0.7637169361114502,0.31149789690971375,-0.5395605564117432,-0.7771800756454468,0.3268754184246063,-0.6850100159645081,-0.7613474726676941,0.3033943176269531,0.22763141989707947,-0.30354219675064087,0.4240570366382599,0.543037474155426,-0.47736692428588867,0.5457558035850525,0.7132863998413086,-0.5591550469398499,0.6446356773376465,0.8156512379646301,-0.6167770624160767,0.6565279960632324,0.5125357508659363,-0.14148539304733276,0.5092905759811401,0.5917061567306519,-0.2436085343360901,0.27683818340301514,0.3343099057674408,-0.029961630702018738,0.39633774757385254,0.13910211622714996,0.14782072603702545,0.650431752204895,0.7113706469535828,-0.019213853403925896,0.623988926410675,0.7245075106620789,-0.13445031642913818,0.3586910367012024,0.5093623399734497,0.06821683049201965,0.6658763885498047,0.29459795355796814,0.21270793676376343,0.9816117882728577,0.8162069320678711,0.08884824067354202,0.6819958686828613,0.797622799873352,-0.06189975515007973,0.5768335461616516,0.5089313983917236,0.08490925282239914,0.8128472566604614,0.3122989237308502,0.2060679942369461,0.9937636256217957,0.9121719002723694,0.778129518032074,0.5470944046974182,0.4337226450443268,0.6650257110595703,0.3623177111148834,0.31205493211746216,-2.080209732055664,-1.5906352996826172,-1.9107049703598022,-1.8223508596420288,-0.3093094229698181,0.9602352976799011,0.022468173876404762
1,0.0,0.0,0.0,-0.5306127071380615,-0.6316933035850525,0.23453949391841888,-0.4427269995212555,-0.6984215974807739,0.2924611568450928,-0.5011654496192932,-0.7226067185401917,0.3025416433811188,-0.6452959775924683,-0.7178388237953186,0.27750489115715027,0.25164684653282166,-0.2585386633872986,0.408553808927536,0.5573808550834656,-0.4356636106967926,0.5303528904914856,0.7260004878044128,-0.5148423314094543,0.6350654363632202,0.8218667507171631,-0.56527179479599,0.6548833250999451,0.5371765494346619,-0.09152762591838837,0.4950616657733917,0.6119586229324341,-0.2035444974899292,0.2661825120449066,0.3468763530254364,-0.0029590034391731024,0.3824634850025177,0.14695551991462708,0.16878850758075714,0.6307266354560852,0.7282532453536987,0.030787857249379158,0.6111500263214111,0.7354711294174194,-0.09175456315279007,0.3544422388076782,0.5218527317047119,0.08972926437854767,0.6354842782020569,0.29925575852394104,0.22646735608577728,0.9294307231903076,0.8264539241790771,0.1391977220773697,0.6724405288696289,0.806230366230011,-0.01239197887480259,0.587490439414978,0.5220804810523987,0.11047381162643433,0.801497757434845,0.3137471675872803,0.21770796179771423,0.9628860354423523,0.9251369833946228,0.7789002060890198,0.5261995792388916,0.3849141299724579,0.6409919261932373,0.3623177111148834,0.31205493211746216,-2.080209732055664,-1.5906352996826172,-1.9107049703598022,-1.8223508596420288,-0.2247411161661148,0.9334484934806824,0.0006036731065250933
1,0.0,0.0,0.0,-0.5730013847351074,-0.7119680047035217,0.33053380250930786,-0.4961976110935211,-0.7427146434783936,0.4017575979232788,-0.519534707069397,-0.7610227465629578,0.41554149985313416,-0.641608715057373,-0.7608885765075684,0.40109893679618835,0.1948988288640976,-0.32690075039863586,0.5711434483528137,0.4409816861152649,-0.4781663119792938,0.7265809774398804,0.5678087472915649,-0.5481474995613098,0.8485977053642273,0.6361010074615479,-0.5908496975898743,0.878639817237854,0.5140268206596375,-0.17449304461479187,0.6671754121780396,0.6077002286911011,-0.28166067600250244,0.46718311309814453,0.3958175480365753,-0.0857202559709549,0.552792489528656,0.185667484998703,0.09496408700942993,0.7599666714668274,0.7341363430023193,-0.06419247388839722,0.7960826754570007,0.7888281941413879,-0.18009978532791138,0.5090526938438416,0.6660299301147461,0.011032380163669586,0.7246932983398438,0.43903180956840515,0.1725059598684311,0.9743776321411133,0.8581598997116089,0.03777972608804703,0.8560214042663574,0.8707036972045898,-0.10677993297576904,0.771949291229248,0.641231894493103,0.028886711224913597,0.9612535834312439,0.42707446217536926,0.159356489777565,1.0988930463790894,0.9324672222137451,0.8370442986488342,0.6062327027320862,0.5172814130783081,0.7827284932136536,0.3623177111148834,0.31205493211746216,-2.080209732055664,-1.5906352996826172,-1.9107049703598022,-1.8223508596420288,-0.1827847808599472,-0.6796844601631165,-0.17504116892814636
1,0.0,0.0,0.0,-0.5700061917304993,-0.648009181022644,0.3609143793582916,-0.5118891596794128,-0.7259714603424072,0.4592072069644928,-0.5395598411560059,-0.7530039548873901,0.49325042963027954,-0.6600819826126099,-0.7455106377601624,0.4938657879829407,0.1493326723575592,-0.3057504892349243,0.5803238153457642,0.3988162577152252,-0.4664260745048523,0.7325096130371094,0.5305419564247131,-0.5357097387313843,0.8646436333656311,0.6089522242546082,-0.5809409618377686,0.9032984375953674,0.4730617105960846,-0.1571471244096756,0.6787856221199036,0.569158673286438,-0.278544157743454,0.4599459767341614,0.34963175654411316,-0.07627147436141968,0.5706315636634827,0.15628445148468018,0.10421207547187805,0.8098664283752441,0.7097854614257812,-0.052655164152383804,0.8122591376304626,0.7511020302772522,-0.17844147980213165,0.5051923990249634,0.6045295000076294,0.016745705157518387,0.7539865374565125,0.39288896322250366,0.17881955206394196,1.0420244932174683,0.8525490760803223,0.04520035162568092,0.8795130848884583,0.8668628931045532,-0.1099594384431839,0.7844852805137634,0.6333306431770325,0.027029676362872124,0.9930711984634399,0.4284336268901825,0.15645043551921844,1.1511812210083008,0.937221348285675,0.8284293413162231,0.6161738634109497,0.5138431787490845,0.7725766897201538,0.3623177111148834,0.31205493211746216,-2.080209732055664,-1.5906352996826172,-1.9107049703598022,-1.8223508596420288,-0.24131548404693604,-0.7334577441215515,-0.13899292051792145
1,0.0,0.0,0.0,-0.6163854598999023,-0.6672201752662659,0.3089338541030884,-0.5521242022514343,-0.7208456993103027,0.3920552134513855,-0.5825431942939758,-0.7570830583572388,0.4100918173789978,-0.7006183862686157,-0.759647011756897,0.3941679298877716,0.1465185135602951,-0.3124273121356964,0.5955261588096619,0.3838086426258087,-0.47071054577827454,0.7364225387573242,0.510933518409729,-0.5517145395278931,0.8454057574272156,0.5887883305549622,-0.6076391339302063,0.8653123378753662,0.4731091260910034,-0.17193180322647095,0.6947765946388245,0.5675880908966064,-0.3095380663871765,0.45083439350128174,0.3437958061695099,-0.10327628254890442,0.5224593281745911,0.14301732182502747,0.09089101850986481,0.7452653646469116,0.7192097306251526,-0.07084639370441437,0.8233960270881653,0.7661922574043274,-0.20592200756072998,0.4879533648490906,0.6020822525024414,-0.003369073150679469,0.7135941982269287,0.372546523809433,0.16922004520893097,1.0012989044189453,0.8741611838340759,0.02769208513200283,0.8746074438095093,0.8820538520812988,-0.14571665227413177,0.7478609085083008,0.6323586106300354,0.00010145012493012473,0.951759397983551,0.4161306917667389,0.14265495538711548,1.11525559425354,0.9367263317108154,0.8404290676116943,0.6596779227256775,0.5572177767753601,0.7318940162658691,0.3623177111148834,0.31205493211746216,-2.080209732055664,-1.5906352996826172,-1.9107049703598022,-1.8223508596420288,-0.3469529151916504,-0.9655601978302002,-0.10528963804244995
1,0.0,0.0,0.0,-0.6576197743415833,-0.696977972984314,0.3353521227836609,-0.5838075280189514,-0.7476944327354431,0.41315290331840515,-0.610317051410675,-0.7875447273254395,0.4227778911590576,-0.728786289691925,-0.7928820252418518,0.3946160674095154,0.09102090448141098,-0.3410283327102661,0.6087881326675415,0.3315909802913666,-0.5004104375839233,0.734290361404419,0.4631236791610718,-0.5861861705780029,0.8298470973968506,0.548987627029419,-0.6506025791168213,0.8373024463653564,0.42059385776519775,-0.20924940705299377,0.6925192475318909,0.5253738164901733,-0.3473575711250305,0.44529208540916443,0.3098049759864807,-0.12577937543392181,0.5056098699569702,0.11762363463640213,0.07085537910461426,0.7178841233253479,0.6849604845046997,-0.11256276816129684,0.799098551273346,0.7483235597610474,-0.24730107188224792,0.4556570053100586,0.5783018469810486,-0.02385551854968071,0.695673406124115,0.35107195377349854,0.15121063590049744,0.9951777458190918,0.8603525161743164,-0.020276471972465515,0.8261240124702454,0.8739174604415894,-0.19566147029399872,0.6910331845283508,0.6226770281791687,-0.03165832906961441,0.9176409244537354,0.4155396819114685,0.11693388223648071,1.0960209369659424,0.9254576563835144,0.8373023867607117,0.6891312599182129,0.6160919666290283,0.7691624760627747,0.3623177111148834,0.31205493211746216,-2.080209732055664,-1.5906352996826172,-1.9107049703598022,-1.8223508596420288,-0.3825837969779968,-1.1070172786712646,-0.2103387713432312
1,0.0,0.0,0.0,-0.7053568959236145,-0.7234852910041809,0.3011256158351898,-0.6308062076568604,-0.7739970684051514,0.3822892904281616,-0.6456983685493469,-0.8173743486404419,0.39666974544525146,-0.7436023950576782,-0.8319410085678101,0.3725498914718628,0.03623334318399429,-0.3627312481403351,0.5813844203948975,0.28872624039649963,-0.5266739130020142,0.7118397355079651,0.4280775189399719,-0.6137371063232422,0.8174626231193542,0.5209940075874329,-0.6804586052894592,0.831701397895813,0.36529797315597534,-0.2418128103017807,0.6632270216941833,0.4849090576171875,-0.3949139416217804,0.42509275674819946,0.2847731113433838,-0.16851110756397247,0.493398517370224,0.10335211455821991,0.04007359594106674,0.7150019407272339,0.6424593329429626,-0.14783470332622528,0.7645674347877502,0.7305387258529663,-0.2777145206928253,0.40777772665023804,0.5572877526283264,-0.041624926030635834,0.621397852897644,0.3300115764141083,0.14131858944892883,0.9123015403747559,0.8364687561988831,-0.05483663082122803,0.7915518879890442,0.8648601770401001,-0.22714467346668243,0.608916163444519,0.5960565209388733,-0.053863633424043655,0.8088992834091187,0.3766687214374542,0.10013052076101303,0.9790754318237305,0.8876567482948303,0.833071768283844,0.7539546489715576,0.6516871452331543,0.8104991316795349,0.3623177111148834,0.31205493211746216,-2.080209732055664,-1.5906352996826172,-1.9107049703598022,-1.8223508596420288,-0.4315095543861389,-1.1710747480392456,-0.19841508567333221
1,0.0,0.0,0.0,-0.7025710940361023,-0.7132763266563416,0.2200378030538559,-0.6292588114738464,-0.7747910618782043,0.3270397484302521,-0.6462668180465698,-0.8238973021507263,0.35549071431159973,-0.7413737773895264,-0.8370649814605713,0.3488032817840576,0.06780781596899033,-0.37867942452430725,0.5881856679916382,0.32346853613853455,-0.5496697425842285,0.7289170026779175,0.45379653573036194,-0.6317780613899231,0.8351688981056213,0.5401065349578857,-0.690519392490387,0.8509884476661682,0.39229846000671387,-0.2411009818315506,0.7165898084640503,0.517543375492096,-0.3806888461112976,0.48869532346725464,0.30633994936943054,-0.15796628594398499,0.5616623759269714,0.11620409041643143,0.04918508976697922,0.7689284682273865,0.6600169539451599,-0.14453446865081787,0.8789217472076416,0.7673356533050537,-0.2783929705619812,0.5180250406265259,0.5783276557922363,-0.05299707129597664,0.7385966777801514,0.3277629017829895,0.12839458882808685,1.0115647315979004,0.8488858938217163,-0.05889132246375084,0.9584813117980957,0.8932814598083496,-0.22400282323360443,0.7392368316650391,0.6124691963195801,-0.051100973039865494,0.9124331474304199,0.38046780228614807,0.10866066068410873,1.0597386360168457,0.8996020555496216,0.8538393378257751,0.7234539985656738,0.6577394604682922,0.8171582818031311,0.3623177111148834,0.31205493211746216,-2.080209732055664,-1.5906352996826172,-1.9107049703598022,-1.8223508596420288,-0.43541088700294495,-1.1875633001327515,-0.26740697026252747
1,0.0,0.0,0.0,-0.7121463418006897,-0.7758590579032898,0.24933959543704987,-0.6217724084854126,-0.7923320531845093,0.3349566161632538,-0.6215384006500244,-0.8365966081619263,0.35094812512397766,-0.7270335555076599,-0.852927029132843,0.3308364450931549,0.038080595433712006,-0.3762481212615967,0.5847072005271912,0.2810858488082886,-0.5389567017555237,0.7012741565704346,0.4206885099411011,-0.6256696581840515,0.7881805896759033,0.5175772905349731,-0.6935719847679138,0.7913980484008789,0.3661176562309265,-0.25426986813545227,0.6797373294830322,0.49793151021003723,-0.4006633460521698,0.41492196917533875,0.30392205715179443,-0.17778359353542328,0.44759833812713623,0.11655745655298233,0.028005043044686317,0.650291383266449,0.6424669027328491,-0.16068939864635468,0.7983958721160889,0.7428638339042664,-0.29117336869239807,0.4122222661972046,0.5634170770645142,-0.05760124698281288,0.6158375144004822,0.3065389394760132,0.12958645820617676,0.9131360650062561,0.8327235579490662,-0.06490643322467804,0.8366883397102356,0.8649164438247681,-0.23396652936935425,0.6117677092552185,0.594903826713562,-0.06620650738477707,0.8002105951309204,0.36019229888916016,0.089773990213871,0.9782372713088989,0.8524374961853027,0.8465996384620667,0.7294456362724304,0.6530613303184509,0.8035215735435486,0.3623177111148834,0.31205493211746216,-2.080209732055664,-1.5906352996826172,-1.9107049703598022,-1.8223508596420288,-0.3894438147544861,-1.1436424255371094,-0.04603636637330055
1,0.0,0.0,0.0,-0.7180242538452148,-0.7128583192825317,0.2589091658592224,-0.634003221988678,-0.7755920886993408,0.3574214279651642,-0.6332511901855469,-0.8267413973808289,0.3798190951347351,-0.7245728373527527,-0.8466624617576599,0.36263522505760193,0.022119181230664253,-0.35648083686828613,0.5844842195510864,0.27621155977249146,-0.5295854210853577,0.7092193961143494,0.4155057668685913,-0.6169641017913818,0.8142639398574829,0.5108717083930969,-0.6837087273597717,0.8295872807502747,0.3529457449913025,-0.2334386110305786,0.6782814860343933,0.4854060113430023,-0.3978428244590759,0.41877177357673645,0.28652486205101013,-0.17280301451683044,0.472867488861084,0.1031484380364418,0.03648342937231064,0.6918210387229919,0.6306735873222351,-0.14094071090221405,0.7934920787811279,0.7282692790031433,-0.28009045124053955,0.4019474685192108,0.5576872229576111,-0.04570826515555382,0.6026850938796997,0.329386442899704,0.13790448009967804,0.8986480236053467,0.8284363746643066,-0.04986928403377533,0.8325808048248291,0.8623796105384827,-0.23104141652584076,0.6239238977432251,0.6007418632507324,-0.05934281647205353,0.8148312568664551,0.38302144408226013,0.09587227553129196,0.9834601879119873,0.8436367511749268,0.8370922803878784,0.7553682923316956,0.655501127243042,0.8061705231666565,0.3623177111148834,0.31205493211746216,-2.080209732055664,-1.5906352996826172,-1.9107049703598022,-1.8223508596420288,-0.29321393370628357,-0.9935587644577026,-0.07187650352716446
1,0.0,0.0,0.0,-0.7220635414123535,-0.7659797072410583,0.27009809017181396,-0.6339145302772522,-0.7947269082069397,0.37174609303474426,-0.6331331133842468,-0.8381081223487854,0.3960196077823639,-0.7315912842750549,-0.8531637191772461,0.38062044978141785,0.029459334909915924,-0.37352463603019714,0.6168884634971619,0.2802659869194031,-0.5366466641426086,0.7397707104682922,0.4236387014389038,-0.6243045926094055,0.8316358327865601,0.5234916806221008,-0.6925135254859924,0.8368474841117859,0.3584093749523163,-0.2518266439437866,0.7186025381088257,0.48835816979408264,-0.40517619252204895,0.4593358337879181,0.29268768429756165,-0.1804516762495041,0.5002498626708984,0.10970743745565414,0.030894894152879715,0.7088745832443237,0.6383861303329468,-0.15951848030090332,0.8447440266609192,0.7320662140846252,-0.2863078713417053,0.45236244797706604,0.5512316823005676,-0.04997236654162407,0.6446114182472229,0.3125661015510559,0.13763807713985443,0.9346879124641418,0.8366277813911438,-0.06795893609523773,0.8864702582359314,0.8652387261390686,-0.2374010682106018,0.6637752652168274,0.5964199900627136,-0.06473703682422638,0.8466063737869263,0.37683096528053284,0.09424357116222382,1.0163973569869995,0.8471294641494751,0.8334543704986572,0.7400838136672974,0.6290716528892517,0.7930435538291931,0.3623177111148834,0.31205493211746216,-2.080209732055664,-1.5906352996826172,-1.9107049703598022,-1.8223508596420288,-0.19384513795375824,-0.7454878687858582,0.20255950093269348
0,0.0,0.0,0.0,0.9167157411575317,0.8204445838928223,0.0976460874080658,1.0224274396896362,0.7419664859771729,-0.006899277213960886,1.0102283954620361,0.6270290017127991,-0.045193493366241455,0.7674465775489807,0.5629238486289978,-0.0648115798830986,1.2521306276321411,0.22015559673309326,-0.2502199709415436,0.979163408279419,0.5614380240440369,-0.23289059102535248,0.7661844491958618,0.5686582922935486,-0.2216707170009613,0.64844810962677,0.5020907521247864,-0.25657984614372253,0.7234528660774231,0.07917200773954391,-0.37485191226005554,0.6323049664497375,0.51460862159729,-0.28472551703453064,0.5556157827377319,0.5027543902397156,-0.1916092038154602,0.5146795511245728,0.42670515179634094,-0.24642318487167358,0.10794482380151749,0.004807095974683762,-0.5247202515602112,0.16123925149440765,0.4401952624320984,-0.2703595459461212,0.1936931014060974,0.4181230366230011,-0.19617970287799835,0.24650578200817108,0.33085182309150696,-0.29638612270355225,-0.35883113741874695,-0.05909951403737068,-0.6461079120635986,-0.23510468006134033,0.34422528743743896,-0.39599519968032837,-0.19279974699020386,0.34392571449279785,-0.44120708107948303,-0.1609589010477066,0.2663664221763611,-0.5665552020072937,0.7215749621391296,-1.4267349243164062,-1.394632339477539,-1.513450026512146,-1.7051730155944824,0.3623177111148834,0.31205493211746216,0.48072075843811035,0.628679633140564,0.5233670473098755,0.7696335911750793,-0.08841085433959961,0.9079897403717041,0.026918495073914528
0,0.0,0.0,0.0,0.875855565071106,0.8281827569007874,-0.01937120594084263,1.0087705850601196,0.7575446367263794,-0.07740325480699539,0.9667266607284546,0.6659271121025085,-0.07703710347414017,0.6680614948272705,0.613817572593689,-0.07294321805238724,1.1533528566360474,0.2972731292247772,-0.38310983777046204,0.8415518999099731,0.6307505369186401,-0.3098026216030121,0.6766269207000732,0.6126368045806885,-0.24017921090126038,0.6000052094459534,0.5426064133644104,-0.2454211413860321,0.5997581481933594,0.15030024945735931,-0.4966282248497009,0.48732683062553406,0.5699514746665955,-0.34973472356796265,0.45886895060539246,0.5327872633934021,-0.18260547518730164,0.4651465117931366,0.44683098793029785,-0.18691658973693848,-0.010018747299909592,0.06817235797643661,-0.6192135810852051,0.023288128897547722,0.4886559844017029,-0.2916344702243805,0.07750312983989716,0.4426760673522949,-0.13312827050685883,0.17366793751716614,0.34810933470726013,-0.18285343050956726,-0.4602814316749573,0.0005680018221028149,-0.7019428610801697,-0.33440983295440674,0.39212682843208313,-0.41290056705474854,-0.2677500247955322,0.3719240427017212,-0.4196415841579437,-0.2202114462852478,0.2912560999393463,-0.5252860188484192,0.5428880453109741,-1.4425421953201294,-1.3961819410324097,-1.5002613067626953,-1.6499942541122437,0.3623177111148834,0.31205493211746216,0.48072075843811035,0.628679633140564,0.5233670473098755,0.7696335911750793,-0.050002213567495346,0.9432108998298645,0.060632385313510895
0,0.0,0.0,0.0,0.8826791644096375,0.7717554569244385,-0.16594567894935608,0.9922069907188416,0.727200448513031,-0.23014190793037415,0.9339916110038757,0.6771295666694641,-0.2346346229314804,0.6440529227256775,0.6497155427932739,-0.24084991216659546,0.942111611366272,0.34733766317367554,-0.500657856464386,0.8110456466674805,0.6577596664428711,-0.43411189317703247,0.7012629508972168,0.6234095096588135,-0.37141144275665283,0.5702984929084778,0.5535286068916321,-0.3660444915294647,0.3657788038253784,0.2733534872531891,-0.5893246531486511,0.44469213485717773,0.635625422000885,-0.4522959589958191,0.4609057605266571,0.5759157538414001,-0.3134993016719818,0.4088592827320099,0.48796889185905457,-0.32989341020584106,-0.2140132635831833,0.24938425421714783,-0.6738784313201904,-0.023664085194468498,0.5800098180770874,-0.35159310698509216,0.07413246482610703,0.5166391730308533,-0.20334728062152863,0.10718696564435959,0.42525771260261536,-0.23979412019252777,-0.6176038980484009,0.2308872640132904,-0.7000025510787964,-0.3707408607006073,0.5247339010238647,-0.44063395261764526,-0.2922360897064209,0.4698457717895508,-0.4460906386375427,-0.28243061900138855,0.3822067677974701,-0.5388414263725281,0.22388200461864471,-1.3013204336166382,-1.276379108428955,-1.338822603225708,-1.3942584991455078,0.3623177111148834,0.31205493211746216,0.48072075843811035,0.628679633140564,0.5233670473098755,0.7696335911750793,0.23370590806007385,-0.4559699296951294,0.4402450919151306
0,0.0,0.0,0.0,1.2634499073028564,0.3644050061702728,-0.1950618475675583,1.32930588722229,0.34473469853401184,-0.2869184911251068,1.1454949378967285,0.37385299801826477,-0.29240474104881287,0.6942904591560364,0.4251045286655426,-0.2536095380783081,1.0769718885421753,0.057602208107709885,-0.667809784412384,1.0222355127334595,0.4528990387916565,-0.6095561385154724,0.8261151909828186,0.527553141117096,-0.4163324236869812,0.6306042075157166,0.48948344588279724,-0.288009375333786,0.4918825328350067,0.018242469057440758,-0.7682541012763977,0.6442694067955017,0.4559755027294159,-0.6693530678749084,0.6137186884880066,0.49603208899497986,-0.368915319442749,0.5207692384719849,0.4289480745792389,-0.1958087980747223,-0.061898715794086456,0.02899356000125408,-0.8633623123168945,0.21394535899162292,0.4577111601829529,-0.5879215002059937,0.33640846610069275,0.46688273549079895,-0.3332463204860687,0.33066460490226746,0.3826466500759125,-0.22665619850158691,-0.4234409034252167,0.05114264413714409,-0.8579915165901184,-0.13205572962760925,0.43155965209007263,-0.5740286707878113,-0.06817473471164703,0.44733381271362305,-0.5215925574302673,-0.11305420100688934,0.38299885392189026,-0.551598310470581,-0.5796877145767212,-1.3414899110794067,-1.3033198118209839,-1.4059165716171265,-1.5846787691116333,0.3623177111148834,0.31205493211746216,0.48072075843811035,0.628679633140564,0.5233670473098755,0.7696335911750793,-0.2945156693458557,1.0624213218688965,0.9426543712615967
0,0.0,0.0,0.0,1.3924438953399658,0.3784370422363281,-0.35045763850212097,1.4510490894317627,0.3009597659111023,-0.4202771782875061,1.2013065814971924,0.33062174916267395,-0.40007269382476807,0.697450578212738,0.4104739725589752,-0.3350125551223755,1.082248568534851,0.018247947096824646,-0.8250451683998108,1.0498900413513184,0.44922974705696106,-0.7569224834442139,0.8646923303604126,0.5428996086120605,-0.5429002046585083,0.6685829758644104,0.4929336905479431,-0.40540769696235657,0.4942989945411682,-0.02094786986708641,-0.9057286381721497,0.677987813949585,0.4587920606136322,-0.7843658924102783,0.668671190738678,0.5145390629768372,-0.47951245307922363,0.5734851360321045,0.427436500787735,-0.32922035455703735,-0.053877148777246475,-0.006192478816956282,-0.9589356780052185,0.250253826379776,0.4671570062637329,-0.6637997627258301,0.4008896052837372,0.4919246435165405,-0.44626957178115845,0.40642616152763367,0.39140617847442627,-0.3915330171585083,-0.40721791982650757,0.02634536474943161,-0.8861521482467651,-0.11234593391418457,0.4522096514701843,-0.5922056436538696,-0.04100698605179787,0.4789167046546936,-0.5809150338172913,-0.0884912982583046,0.40674346685409546,-0.6707140803337097,-0.9705910682678223,-1.3331940174102783,-1.3036290407180786,-1.4172602891921997,-1.6188814640045166,0.3623177111148834,0.31205493211746216,0.48072075843811035,0.628679633140564,0.5233670473098755,0.7696335911750793,-0.37113213539123535,1.2360048294067383,1.1963986158370972
0,0.0,0.0,0.0,1.0328965187072754,0.5495341420173645,0.05263570323586464,1.1212323904037476,0.5449059009552002,-0.03398388996720314,0.9520865082740784,0.614736795425415,-0.03456934541463852,0.5578884482383728,0.685016930103302,-0.03241952136158943,0.8257251381874084,0.3308766186237335,-0.6196563839912415,0.7660477757453918,0.6335405111312866,-0.4783277213573456,0.6216281652450562,0.6753875613212585,-0.32001134753227234,0.4627523720264435,0.6163396835327148,-0.2510049641132355,0.20831365883350372,0.2911921739578247,-0.7837528586387634,0.3596295416355133,0.6254138946533203,-0.5286849737167358,0.3830050528049469,0.6242936253547668,-0.2931804060935974,0.3252919912338257,0.5417336225509644,-0.25719931721687317,-0.32878634333610535,0.3108218312263489,-0.9238395690917969,-0.07156458497047424,0.6149694323539734,-0.4523144066333771,0.0018728213617578149,0.6002156138420105,-0.20629224181175232,-0.020412104204297066,0.5182956457138062,-0.20215007662773132,-0.6594679951667786,0.3284268081188202,-0.9581105709075928,-0.37837880849838257,0.5997081398963928,-0.5466020703315735,-0.3099038004875183,0.5857630968093872,-0.44296130537986755,-0.33317941427230835,0.520374059677124,-0.4951755702495575,-1.285880208015442,-1.3039246797561646,-1.2631633281707764,-1.2629790306091309,-1.262154459953308,-2.7600085735321045,0.31205493211746216,0.48072075843811035,0.628679633140564,0.5233670473098755,-0.09436118602752686,-0.1953522115945816,1.0281813144683838,1.095980167388916
0,0.0,0.0,0.0,1.0829955339431763,0.5940309762954712,-0.08383937180042267,1.1749863624572754,0.5548306107521057,-0.16179527342319489,1.0139994621276855,0.5971664786338806,-0.1622644066810608,0.6357226371765137,0.6557339429855347,-0.15360410511493683,0.9056254625320435,0.3186919689178467,-0.6751284003257751,0.8435809016227722,0.6199706196784973,-0.5449092984199524,0.693605363368988,0.6590219736099243,-0.3775230944156647,0.5200356245040894,0.606201171875,-0.296088308095932,0.29853135347366333,0.27700671553611755,-0.8200322389602661,0.4217846989631653,0.6195269823074341,-0.6119751334190369,0.44544562697410583,0.6119070053100586,-0.39751192927360535,0.38571804761886597,0.5332373380661011,-0.35719263553619385,-0.24562866985797882,0.2999367415904999,-0.9414243102073669,-0.013916182331740856,0.6139286756515503,-0.5067617893218994,0.08020073920488358,0.5919381976127625,-0.28291255235671997,0.08042841404676437,0.5113326907157898,-0.279773086309433,-0.5823975205421448,0.3205694258213043,-0.9589121341705322,-0.31419020891189575,0.6057709455490112,-0.5866557359695435,-0.23828114569187164,0.5858103632926941,-0.5173744559288025,-0.25254738330841064,0.5178943276405334,-0.5827195048332214,-1.0037320852279663,-1.2551393508911133,-1.2333087921142578,-1.2498782873153687,-1.25441575050354,0.3623177111148834,0.31205493211746216,0.48072075843811035,0.628679633140564,0.5233670473098755,0.7696335911750793,-0.1524166613817215,1.0675883293151855,1.1038559675216675
0,0.0,0.0,0.0,1.0379399061203003,0.6315445899963379,-0.2008720487356186,1.1717398166656494,0.5702734589576721,-0.24373163282871246,1.0397484302520752,0.5659893751144409,-0.21942366659641266,0.616473913192749,0.5850623250007629,-0.18244382739067078,0.8200746178627014,0.25026002526283264,-0.6999127268791199,0.7969866394996643,0.5632305145263672,-0.6185298562049866,0.6938382983207703,0.6414652466773987,-0.5077981948852539,0.5174619555473328,0.5963819622993469,-0.45177751779556274,0.1963096559047699,0.20403432846069336,-0.8174222111701965,0.3718319833278656,0.5931812524795532,-0.633582592010498,0.4541235864162445,0.6200526356697083,-0.46650800108909607,0.3826513886451721,0.5430659055709839,-0.4794950783252716,-0.33976566791534424,0.22663331031799316,-0.9100894331932068,-0.05583669990301132,0.5857780575752258,-0.5296146273612976,0.07139380276203156,0.5850422382354736,-0.36952483654022217,0.034465491771698,0.4938831031322479,-0.4241239130496979,-0.6625062823295593,0.2533072233200073,-0.8975621461868286,-0.3626079559326172,0.5802382230758667,-0.5620520710945129,-0.28163427114486694,0.5684018731117249,-0.5323953628540039,-0.3127565085887909,0.4886637032032013,-0.644982635974884,-0.4468619227409363,-1.2865018844604492,-1.3026182651519775,-1.3305110931396484,-1.373280644416809,0.3623177111148834,0.31205493211746216,0.48072075843811035,0.628679633140564,0.5233670473098755,0.7696335911750793,-0.2316034585237503,0.9933170080184937,0.7018154859542847
0,0.0,0.0,0.0,0.8148861527442932,0.7298504710197449,-0.07977132499217987,0.9492496252059937,0.7004522085189819,-0.10690543055534363,0.8919693827629089,0.6375885605812073,-0.07599872350692749,0.5575358867645264,0.6173824667930603,-0.05457649379968643,0.7516242861747742,0.34591731429100037,-0.4215773046016693,0.6423977017402649,0.6705285310745239,-0.31865963339805603,0.5314549803733826,0.6552909016609192,-0.2530093193054199,0.4135134816169739,0.579154908657074,-0.25312525033950806,0.14187321066856384,0.31254643201828003,-0.49497875571250916,0.26360583305358887,0.6707054972648621,-0.2686706781387329,0.27937841415405273,0.6145948171615601,-0.11089545488357544,0.23484842479228973,0.5270512700080872,-0.15845887362957,-0.3919621407985687,0.3257252275943756,-0.5433063507080078,-0.16423286497592926,0.6469451785087585,-0.14701607823371887,-0.1439778059720993,0.5844650268554688,0.024554705247282982,-0.16206693649291992,0.49691903591156006,-0.05206439271569252,-0.7295193672180176,0.3456684947013855,-0.543431282043457,-0.45393845438957214,0.6255177855491638,-0.2055433839559555,-0.41598570346832275,0.5665126442909241,-0.1866726130247116,-0.4205239415168762,0.484462708234787,-0.30366578698158264,0.3425048291683197,-1.4224933385849,-1.3602583408355713,-1.3429851531982422,-1.302056908607483,0.3623177111148834,0.31205493211746216,0.48072075843811035,0.628679633140564,0.5233670473098755,0.7696335911750793,0.8451156616210938,-0.24483077228069305,0.07851287722587585
0,0.0,0.0,0.0,-0.7655676007270813,0.8226072788238525,-0.722877562046051,-0.8491840362548828,0.8346055746078491,-0.964599609375,-0.6572456359863281,0.879514217376709,-1.0604840517044067,-0.38840070366859436,0.8452573418617249,-1.098660945892334,-0.8876052498817444,0.3252374529838562,-1.0128438472747803,-0.7637684345245361,0.7267436385154724,-1.0279417037963867,-0.6218876838684082,0.7553949952125549,-1.0422171354293823,-0.4993600845336914,0.7060931921005249,-1.073441982269287,-0.41544556617736816,0.27219343185424805,-1.0427783727645874,-0.4347476363182068,0.7113513946533203,-0.947601854801178,-0.40321803092956543,0.6818339824676514,-0.8118816018104553,-0.3361383378505707,0.60063636302948,-0.773436427116394,0.08745277673006058,0.2473718523979187,-1.0210243463516235,-0.03563110902905464,0.6740140318870544,-0.7735621929168701,-0.12706635892391205,0.6326969265937805,-0.3883554935455322,-0.15403582155704498,0.5322092771530151,-0.20096518099308014,0.4450509548187256,0.24313393235206604,-0.8800088763237,0.2508081793785095,0.6060203313827515,-0.7605096697807312,0.1798594892024994,0.5783947706222534,-0.6161544322967529,0.1648232638835907,0.47532740235328674,-0.5296687483787537,-1.3250221014022827,-1.24433434009552,-1.2255953550338745,-1.2574831247329712,-1.266634225845337,0.3623177111148834,0.31205493211746216,0.48072075843811035,0.628679633140564,0.5233670473098755,0.7696335911750793,-0.41242384910583496,-0.4162980020046234,-1.169438362121582
0,0.0,0.0,0.0,-0.8120577335357666,0.8109034895896912,-0.5326492190361023,-0.904758095741272,0.7905176281929016,-0.7084722518920898,-0.712662398815155,0.7497767806053162,-0.7618314623832703,-0.4269992411136627,0.7018066644668579,-0.7524563670158386,-1.1284172534942627,0.22831648588180542,-0.6210423111915588,-0.9047457575798035,0.5949428677558899,-0.6150413155555725,-0.7305970191955566,0.6024497747421265,-0.6196718811988831,-0.5967612266540527,0.5454950332641602,-0.6480862498283386,-0.6970062255859375,0.14054273068904877,-0.5831499695777893,-0.5850092768669128,0.5986983180046082,-0.4311061501502991,-0.49660179018974304,0.5695048570632935,-0.24716685712337494,-0.40797340869903564,0.48627886176109314,-0.1910562664270401,-0.1710755079984665,0.09230086952447891,-0.4985251724720001,-0.18909093737602234,0.5507696866989136,-0.27121368050575256,-0.22942550480365753,0.5166115760803223,0.13024096190929413,-0.22899821400642395,0.4186747372150421,0.31441864371299744,0.2557419538497925,0.06681645661592484,-0.367368221282959,0.14306741952896118,0.45596471428871155,-0.2829377055168152,0.11644115298986435,0.4449716806411743,-0.15565992891788483,0.11738421022891998,0.3516666889190674,-0.06810212880373001,-1.5560269355773926,-1.3826267719268799,-1.4125310182571411,-1.5122644901275635,-1.5937294960021973,-2.7600085735321045,0.31205493211746216,0.48072075843811035,0.628679633140564,0.5233670473098755,-0.09436118602752686,0.4965633153915405,0.8223493099212646,1.528135061264038
0,0.0,0.0,0.0,-0.8120577335357666,0.8109034895896912,-0.5326492190361023,-0.904758095741272,0.7905176281929016,-0.7084722518920898,-0.712662398815155,0.7497767806053162,-0.7618314623832703,-0.4269992411136627,0.7018066644668579,-0.7524563670158386,-1.1284172534942627,0.22831648588180542,-0.6210423111915588,-0.9047457575798035,0.5949428677558899,-0.6150413155555725,-0.7305970191955566,0.6024497747421265,-0.6196718811988831,-0.5967612266540527,0.5454950332641602,-0.6480862498283386,-0.6970062255859375,0.14054273068904877,-0.5831499695777893,-0.5850092768669128,0.5986983180046082,-0.4311061501502991,-0.49660179018974304,0.5695048570632935,-0.24716685712337494,-0.40797340869903564,0.48627886176109314,-0.1910562664270401,-0.1710755079984665,0.09230086952447891,-0.4985251724720001,-0.18909093737602234,0.5507696866989136,-0.27121368050575256,-0.22942550480365753,0.5166115760803223,0.13024096190929413,-0.22899821400642395,0.4186747372150421,0.31441864371299744,0.2557419538497925,0.06681645661592484,-0.367368221282959,0.14306741952896118,0.45596471428871155,-0.2829377055168152,0.11644115298986435,0.4449716806411743,-0.15565992891788483,0.11738421022891998,0.3516666889190674,-0.06810212880373001,-1.5560269355773926,-1.3826267719268799,-1.4125310182571411,-1.5122644901275635,-1.5937294960021973,-2.7600085735321045,0.31205493211746216,0.48072075843811035,0.628679633140564,0.5233670473098755,-0.09436118602752686,0.4735439717769623,0.8690020442008972,1.9806780815124512
0,0.0,0.0,0.0,-0.850299060344696,0.6844291687011719,-0.5468817353248596,-0.9189143180847168,0.6223856210708618,-0.7226437926292419,-0.658001184463501,0.5830573439598083,-0.7835330963134766,-0.36983993649482727,0.5584865212440491,-0.7718229293823242,-1.051235318183899,0.032408036291599274,-0.48066073656082153,-0.8071582317352295,0.4364560842514038,-0.45917221903800964,-0.7259424924850464,0.5102170705795288,-0.4468642771244049,-0.6383708715438843,0.46953219175338745,-0.4815817177295685,-0.6047166585922241,-0.050650183111429214,-0.4239826202392578,-0.48707571625709534,0.4309163987636566,-0.2968200743198395,-0.4892265200614929,0.4843449890613556,-0.12678608298301697,-0.4218961298465729,0.4170716106891632,-0.1003163605928421,-0.08534086495637894,-0.0923021137714386,-0.3293207883834839,-0.0946730449795723,0.3914986252784729,-0.11674977838993073,-0.2072904109954834,0.42883408069610596,0.19838908314704895,-0.2577114999294281,0.3572186827659607,0.2650449573993683,0.3217325806617737,-0.11204256862401962,-0.21507790684700012,0.21026480197906494,0.2955693006515503,-0.09200111776590347,0.14037252962589264,0.3503609597682953,-0.004081908613443375,0.10455574840307236,0.29084721207618713,0.006600123830139637,-2.333439588546753,-1.5919537544250488,-1.5494108200073242,-1.6363283395767212,-1.7695634365081787,-2.7600085735321045,0.31205493211746216,0.48072075843811035,0.628679633140564,0.5233670473098755,-0.09436118602752686,0.44474664330482483,0.8393768072128296,1.6419346332550049
0,0.0,0.0,0.0,-0.7951131463050842,0.40974220633506775,-0.43484628200531006,-0.9386533498764038,0.38571807742118835,-0.5654095411300659,-0.7708764672279358,0.3594910502433777,-0.6205536127090454,-0.40493839979171753,0.36163362860679626,-0.5944908261299133,-1.0332719087600708,-0.12517490983009338,-0.27187225222587585,-0.8908975720405579,0.2757170498371124,-0.28690105676651,-0.7411686778068542,0.4371922016143799,-0.24444790184497833,-0.6000528335571289,0.4328250586986542,-0.23611116409301758,-0.590886652469635,-0.19456179440021515,-0.2084207832813263,-0.5402278304100037,0.29694411158561707,-0.17434032261371613,-0.5181661248207092,0.4209381341934204,0.008304650895297527,-0.4447491765022278,0.38905778527259827,0.12315527349710464,-0.07913736253976822,-0.22873716056346893,-0.132661372423172,-0.1552647203207016,0.28405097126960754,-0.001931499456986785,-0.27979913353919983,0.3865757882595062,0.30636653304100037,-0.3355558514595032,0.35249781608581543,0.43540528416633606,0.3301771879196167,-0.25130170583724976,-0.08174390345811844,0.16480807960033417,0.21369367837905884,0.08512550592422485,0.07524272054433823,0.32197290658950806,0.2196889966726303,0.010770454071462154,0.3045141100883484,0.28578051924705505,-1.6201190948486328,-1.590061902999878,-1.578423261642456,-1.6996506452560425,-1.9432369470596313,-2.7600085735321045,0.31205493211746216,0.48072075843811035,0.628679633140564,0.5233670473098755,-0.09436118602752686,0.25940781831741333,-0.44991230964660645,-1.292716383934021
0,0.0,0.0,0.0,-0.7161926031112671,0.612273097038269,-0.5034642815589905,-0.8452103137969971,0.5751415491104126,-0.6358231902122498,-0.6514230966567993,0.5756821036338806,-0.6942499279975891,-0.3303137719631195,0.5601200461387634,-0.7041721940040588,-0.8622012138366699,0.11580953747034073,-0.47540903091430664,-0.7446191906929016,0.42751631140708923,-0.5234777927398682,-0.6382471323013306,0.5235066413879395,-0.5535941123962402,-0.5138620138168335,0.4957011342048645,-0.5853784680366516,-0.38583868741989136,0.04017098620533943,-0.4331206977367401,-0.3824790120124817,0.4696006178855896,-0.41362836956977844,-0.40034547448158264,0.5524663329124451,-0.3229595124721527,-0.3365366756916046,0.5127483606338501,-0.28333306312561035,0.11436864733695984,0.007482766639441252,-0.36750122904777527,0.027910955250263214,0.4711112082004547,-0.2609788775444031,-0.14032506942749023,0.5506261587142944,-0.03282702714204788,-0.2160550355911255,0.5235259532928467,0.07188000530004501,0.49413126707077026,-0.01050764974206686,-0.2849104702472687,0.31909534335136414,0.3898457884788513,-0.17419715225696564,0.15195907652378082,0.48302844166755676,-0.07820295542478561,0.04330721125006676,0.47781941294670105,-0.02236008830368519,-2.032933473587036,-1.4367562532424927,-1.4789206981658936,-1.546692967414856,-1.66206693649292,-2.7600085735321045,0.31205493211746216,0.48072075843811035,0.628679633140564,0.5233670473098755,-0.09436118602752686,0.3925763964653015,-0.40903419256210327,-1.5725651979446411
0,0.0,0.0,0.0,-0.7005519866943359,0.6701993346214294,-0.5468760132789612,-0.8156489729881287,0.6556819677352905,-0.703104555606842,-0.6261374950408936,0.6535629630088806,-0.7746254801750183,-0.3196277618408203,0.6348893642425537,-0.7953477501869202,-0.8473351001739502,0.19380797445774078,-0.5988072752952576,-0.707943320274353,0.5065498352050781,-0.6469153761863708,-0.5675383806228638,0.6108971238136292,-0.6654695272445679,-0.4344673156738281,0.6082440614700317,-0.6800549030303955,-0.36278340220451355,0.11584917455911636,-0.5700833201408386,-0.3471558094024658,0.520182192325592,-0.5423016548156738,-0.3432203531265259,0.6093125343322754,-0.43659263849258423,-0.2807280123233795,0.5933197736740112,-0.3845958709716797,0.13864068686962128,0.07919608056545258,-0.5104762315750122,0.05416817590594292,0.5182765126228333,-0.3963395059108734,-0.08530737459659576,0.5999901294708252,-0.1683204472064972,-0.15337657928466797,0.5880794525146484,-0.052629806101322174,0.5118112564086914,0.05874325707554817,-0.4025723934173584,0.34254521131515503,0.4330717921257019,-0.2796645164489746,0.19981566071510315,0.5173019766807556,-0.17228996753692627,0.10212300717830658,0.5139753818511963,-0.1103377491235733,-1.8064494132995605,-1.394071102142334,-1.4154006242752075,-1.4660775661468506,-1.5581786632537842,-2.7600085735321045,0.31205493211746216,0.48072075843811035,0.628679633140564,0.5233670473098755,-0.09436118602752686,0.3758232891559601,-0.41756394505500793,-1.5844569206237793
0,0.0,0.0,0.0,-0.8550583720207214,0.627981424331665,-0.7187607884407043,-0.8471824526786804,0.5510417819023132,-0.886326014995575,-0.5952063202857971,0.503764808177948,-0.919688880443573,-0.3557915985584259,0.443046510219574,-0.8787075281143188,-0.9660944938659668,-0.011176730506122112,-0.7041714787483215,-0.7855561375617981,0.4321286976337433,-0.6836255192756653,-0.6390522122383118,0.5085285902023315,-0.6558471322059631,-0.520206868648529,0.4810878336429596,-0.6770088076591492,-0.5162922739982605,-0.10643013566732407,-0.6207697987556458,-0.45135578513145447,0.38375094532966614,-0.49234601855278015,-0.39084503054618835,0.43932294845581055,-0.3726445436477661,-0.3059160113334656,0.3825606405735016,-0.40483564138412476,0.00530319195240736,-0.15816837549209595,-0.46313852071762085,-0.028734443709254265,0.33559924364089966,-0.29192954301834106,-0.04211660847067833,0.37092122435569763,-0.07723213732242584,-0.00488377595320344,0.28200533986091614,-0.08848962187767029,0.40164268016815186,-0.17850272357463837,-0.2191852182149887,0.2939188480377197,0.23730416595935822,-0.17365515232086182,0.2511085569858551,0.2964082658290863,-0.16785845160484314,0.24729424715042114,0.22565306723117828,-0.23021945357322693,-2.1313869953155518,-1.5535732507705688,-1.5227062702178955,-1.60903799533844,-1.7454473972320557,-2.7600085735321045,0.31205493211746216,0.48072075843811035,0.628679633140564,0.5233670473098755,-0.09436118602752686,-0.1266551911830902,1.0130436420440674,1.9205503463745117
0,0.0,0.0,0.0,-0.8804198503494263,0.7696796655654907,-1.036960244178772,-0.8044246435165405,0.6812295913696289,-1.1923235654830933,-0.4828128218650818,0.6315670609474182,-1.2232162952423096,-0.2233489453792572,0.5601290464401245,-1.184438943862915,-0.8698570728302002,0.08312782645225525,-0.9920573234558105,-0.6285417675971985,0.46745598316192627,-0.9491763710975647,-0.549350380897522,0.5050420761108398,-0.8805940747261047,-0.4778918921947479,0.46395325660705566,-0.8820359706878662,-0.3868803083896637,-0.027517929673194885,-0.8953054547309875,-0.24941840767860413,0.43988192081451416,-0.8006484508514404,-0.27496829628944397,0.4844394326210022,-0.7031475901603699,-0.24797195196151733,0.4263671040534973,-0.7381464838981628,0.1277679055929184,-0.08616386353969574,-0.7026793956756592,0.1574976146221161,0.3811988830566406,-0.5598434805870056,0.08195247501134872,0.41100937128067017,-0.3951449990272522,0.04290204867720604,0.331066757440567,-0.4210543632507324,0.48822757601737976,-0.1170160099864006,-0.3800031244754791,0.4329236149787903,0.28135910630226135,-0.3702588975429535,0.3459726870059967,0.33428990840911865,-0.41552773118019104,0.28536084294319153,0.27450913190841675,-0.5162913203239441,-2.1700868606567383,-1.474286437034607,-1.4440419673919678,-1.4864070415496826,-1.5756616592407227,-2.7600085735321045,0.31205493211746216,0.48072075843811035,0.628679633140564,0.5233670473098755,-0.09436118602752686,-0.18107667565345764,1.0606606006622314,2.0224602222442627
0,0.0,0.0,0.0,-0.87026047706604,0.7541887164115906,-0.9599161148071289,-0.7488542795181274,0.6484817862510681,-1.079115629196167,-0.4203490912914276,0.5891497731208801,-1.0742841958999634,-0.16356010735034943,0.5107876658439636,-1.0098379850387573,-0.886847734451294,0.04412231221795082,-0.9399879574775696,-0.5844404697418213,0.4282076060771942,-0.8702129125595093,-0.5281834602355957,0.45533668994903564,-0.7893701791763306,-0.4633609354496002,0.4152953624725342,-0.789872944355011,-0.41128626465797424,-0.07183140516281128,-0.8230941295623779,-0.20673991739749908,0.3994500935077667,-0.7193323373794556,-0.24817319214344025,0.4514864385128021,-0.5977652072906494,-0.2356569617986679,0.4159259498119354,-0.622779905796051,0.10157430171966553,-0.13464781641960144,-0.5964165329933167,0.18840503692626953,0.3405733108520508,-0.47645804286003113,0.09334228932857513,0.3807229995727539,-0.34504827857017517,0.02719886414706707,0.3212573230266571,-0.3930439054965973,0.4713326394557953,-0.16643154621124268,-0.23016005754470825,0.4487653076648712,0.23112480342388153,-0.24186961352825165,0.3254861831665039,0.28986334800720215,-0.32364949584007263,0.23755018413066864,0.23724766075611115,-0.45525336265563965,-2.276432752609253,-1.5493069887161255,-1.4840985536575317,-1.5122569799423218,-1.6036319732666016,-2.7600085735321045,0.31205493211746216,0.48072075843811035,0.628679633140564,0.5233670473098755,-0.09436118602752686,-0.22277876734733582,1.085715413093567,1.706708312034607
0,0.0,0.0,0.0,-0.7528514266014099,0.8776097297668457,-1.3730472326278687,-0.5751270055770874,0.763543426990509,-1.471316933631897,-0.23941035568714142,0.6813801527023315,-1.4372071027755737,0.02742958813905716,0.5651214718818665,-1.346381664276123,-0.6548026204109192,0.14867228269577026,-1.4291051626205444,-0.32609057426452637,0.4543605446815491,-1.3128892183303833,-0.30244702100753784,0.5096516013145447,-1.1193311214447021,-0.29674413800239563,0.4823492765426636,-1.0333919525146484,-0.1313471496105194,0.007164512295275927,-1.3135172128677368,0.07874695956707001,0.4265039563179016,-1.193454623222351,-0.0018460776191204786,0.5057477951049805,-1.0345518589019775,-0.04713059589266777,0.4772384762763977,-1.0049415826797485,0.35283249616622925,-0.06278500705957413,-1.0542738437652588,0.4615541100502014,0.3600577414035797,-0.9349400997161865,0.38660019636154175,0.4337727725505829,-0.8109510540962219,0.2871071398258209,0.39378103613853455,-0.8287944197654724,0.6582422256469727,-0.09882616251707077,-0.5534511208534241,0.6442447900772095,0.27860361337661743,-0.6020359396934509,0.4948631227016449,0.3592827320098877,-0.6767439246177673,0.36554089188575745,0.3224475085735321,-0.7944335341453552,-1.6936904191970825,-1.3566631078720093,-1.3073173761367798,-1.2966028451919556,-1.3752237558364868,-2.7600085735321045,0.31205493211746216,0.48072075843811035,0.628679633140564,0.5233670473098755,-0.09436118602752686,-0.5029263496398926,1.025351881980896,1.69260573387146
0,0.0,0.0,0.0,-0.771774172782898,0.8827229142189026,-1.2942529916763306,-0.631993293762207,0.7847629189491272,-1.421036720275879,-0.2931327223777771,0.7155752182006836,-1.410012125968933,-0.0186083372682333,0.6018902659416199,-1.3419320583343506,-0.7067787647247314,0.19042831659317017,-1.4134601354599,-0.38719624280929565,0.4732597768306732,-1.3197274208068848,-0.3241615295410156,0.5484134554862976,-1.1532191038131714,-0.28408652544021606,0.5391513109207153,-1.0831270217895508,-0.17415042221546173,0.03705381602048874,-1.3251278400421143,0.041120726615190506,0.44561994075775146,-1.1915159225463867,-0.010820495896041393,0.5387197136878967,-1.055497407913208,-0.03863542899489403,0.5194977521896362,-1.0575289726257324,0.3140881061553955,-0.033994514495134354,-1.1030855178833008,0.43993470072746277,0.3833915889263153,-0.9736862778663635,0.37773168087005615,0.47065356373786926,-0.8844859004020691,0.2688405513763428,0.4450828433036804,-0.9303792119026184,0.6203532814979553,-0.06045685335993767,-0.6382080316543579,0.6356189250946045,0.31700822710990906,-0.6752709150314331,0.4924837350845337,0.4058283567428589,-0.7551385760307312,0.3497031331062317,0.3803008198738098,-0.8801252841949463,-1.8148102760314941,-1.3068259954452515,-1.2979297637939453,-1.2787381410598755,-1.330338478088379,-2.7600085735321045,0.31205493211746216,0.48072075843811035,0.628679633140564,0.5233670473098755,-0.09436118602752686,-0.5019354820251465,0.9878236651420593,1.830671787261963
0,0.0,0.0,0.0,-0.755383312702179,0.7978725433349609,-1.235741138458252,-0.6036893129348755,0.7031646370887756,-1.3532346487045288,-0.27589738368988037,0.6347167491912842,-1.3351439237594604,-0.007579290773719549,0.5308354496955872,-1.2596938610076904,-0.6842473745346069,0.11877628415822983,-1.3213714361190796,-0.3819146454334259,0.4216231107711792,-1.2368825674057007,-0.32890641689300537,0.4779450297355652,-1.088135838508606,-0.3010486960411072,0.4567626118659973,-1.0282278060913086,-0.15927723050117493,-0.018903441727161407,-1.2177635431289673,0.03869318589568138,0.40376195311546326,-1.088104009628296,-0.008824396878480911,0.4909544587135315,-0.9382343292236328,-0.03419129550457001,0.47432854771614075,-0.9292951226234436,0.32593804597854614,-0.07641491293907166,-0.9826587438583374,0.4335903823375702,0.3492780029773712,-0.869306743144989,0.3772232234477997,0.4294169545173645,-0.7548448443412781,0.28319448232650757,0.40173739194869995,-0.7801781296730042,0.6356334686279297,-0.09082607924938202,-0.5218040943145752,0.6310884952545166,0.2808283865451813,-0.5697498917579651,0.5040462017059326,0.35842031240463257,-0.6487759947776794,0.38363686203956604,0.32689368724823,-0.7678629755973816,-1.8341245651245117,-1.3707399368286133,-1.3475301265716553,-1.3230477571487427,-1.3728716373443604,-2.7600085735321045,0.31205493211746216,0.48072075843811035,0.628679633140564,0.5233670473098755,-0.09436118602752686,-0.5036719441413879,0.9069461226463318,1.1679223775863647
0,0.0,0.0,0.0,-0.6759294271469116,0.667700469493866,-0.5391991138458252,-0.7755579352378845,0.7133773565292358,-0.7052431106567383,-0.6215266585350037,0.7734439373016357,-0.7573394775390625,-0.3496595621109009,0.7759251594543457,-0.7561339139938354,-0.7402337193489075,0.30799058079719543,-0.6955195069313049,-0.7554550766944885,0.6207946538925171,-0.7529156804084778,-0.6042007803916931,0.6051028370857239,-0.7912118434906006,-0.43535372614860535,0.5557142496109009,-0.8059316873550415,-0.26484766602516174,0.2900441288948059,-0.6552506685256958,-0.45587843656539917,0.6810194849967957,-0.5735344290733337,-0.3805937170982361,0.5948096513748169,-0.3684418499469757,-0.2658534348011017,0.5036671161651611,-0.22350504994392395,0.19605538249015808,0.3046206831932068,-0.5717631578445435,-0.08189816772937775,0.6672150492668152,-0.3802608549594879,-0.11070088297128677,0.5741212964057922,0.17410458624362946,-0.039077501744031906,0.47315120697021484,0.5528409481048584,0.5149573683738708,0.33405983448028564,-0.4417230188846588,0.20807301998138428,0.6325955986976624,-0.4244786500930786,0.16620630025863647,0.5577530264854431,-0.2325686365365982,0.19845643639564514,0.4505419433116913,-0.02442915178835392,-1.4370003938674927,-1.2387399673461914,-1.2965375185012817,-1.3111742734909058,-1.260269045829773,-2.7600085735321045,0.31205493211746216,0.48072075843811035,0.628679633140564,0.5233670473098755,-0.09436118602752686,-0.3264993727207184,-0.4581097960472107,-0.2778109610080719
0,0.0,0.0,0.0,-0.8263059258460999,0.805413007736206,-1.1077840328216553,-0.6662094593048096,0.7820008397102356,-1.2305744886398315,-0.3009531795978546,0.7934819459915161,-1.2237725257873535,-0.04184096306562424,0.752700924873352,-1.1516988277435303,-0.6238734722137451,0.20002400875091553,-1.1165356636047363,-0.36460554599761963,0.5670328140258789,-1.0103853940963745,-0.3577296733856201,0.580075204372406,-0.8813114762306213,-0.3359450101852417,0.5232373476028442,-0.8534786105155945,-0.08449900150299072,0.08896184712648392,-1.0090646743774414,0.004642551299184561,0.538261890411377,-0.8774210214614868,-0.07103478908538818,0.5609063506126404,-0.7538495063781738,-0.07776997983455658,0.49164214730262756,-0.7706014513969421,0.4052519202232361,0.033602651208639145,-0.7730727791786194,0.4135898947715759,0.48683321475982666,-0.613694965839386,0.3317260444164276,0.5104974508285522,-0.48132914304733276,0.27500060200691223,0.4350060522556305,-0.5215104222297668,0.7037281394004822,0.00977510679513216,-0.36917564272880554,0.637326180934906,0.3934083878993988,-0.36869367957115173,0.5089055895805359,0.43156856298446655,-0.4448254704475403,0.41393864154815674,0.37514543533325195,-0.5664119720458984,-1.8408887386322021,-1.4556313753128052,-1.378158450126648,-1.3660637140274048,-1.397194743156433,-2.7600085735321045,0.31205493211746216,0.48072075843811035,0.628679633140564,0.5233670473098755,-0.09436118602752686,0.2994205057621002,0.8964546322822571,0.5810935497283936
0,0.0,0.0,0.0,-0.7882699370384216,0.7895820736885071,-1.258920431137085,-0.6302975416183472,0.7754519581794739,-1.37766695022583,-0.2890624701976776,0.7926578521728516,-1.365025281906128,-0.030899984762072563,0.7619596719741821,-1.2905502319335938,-0.5311411023139954,0.24245530366897583,-1.2798799276351929,-0.2864837646484375,0.5938848257064819,-1.1657973527908325,-0.31037312746047974,0.6153998374938965,-0.9912481904029846,-0.3043297827243805,0.5627334117889404,-0.9253208637237549,0.008089259266853333,0.14793561398983002,-1.1666932106018066,0.07588829100131989,0.5561921000480652,-1.05887770652771,-0.035885632038116455,0.5900573134422302,-0.9197553992271423,-0.04017217457294464,0.5286718606948853,-0.9030029773712158,0.48164454102516174,0.10762515664100647,-0.9147440791130066,0.47382885217666626,0.5134971141815186,-0.7872556447982788,0.3682367503643036,0.5428643226623535,-0.6652029156684875,0.32531866431236267,0.47236356139183044,-0.6892185211181641,0.761252224445343,0.09415391832590103,-0.45893946290016174,0.6841613054275513,0.44444382190704346,-0.46962985396385193,0.5192374587059021,0.48866575956344604,-0.533393383026123,0.40905556082725525,0.4371291399002075,-0.6483628153800964,-1.653567910194397,-1.3751670122146606,-1.280051350593567,-1.2511943578720093,-1.2696664333343506,-2.7600085735321045,0.31205493211746216,0.48072075843811035,0.628679633140564,0.5233670473098755,-0.09436118602752686,0.24615539610385895,1.0075806379318237,0.25538381934165955
0,0.0,0.0,0.0,-0.773739218711853,0.555858850479126,-0.33441686630249023,-0.9276043772697449,0.5402259230613708,-0.46207159757614136,-0.8182615041732788,0.4984695613384247,-0.4874219596385956,-0.5254685282707214,0.4623686373233795,-0.44328686594963074,-1.1709606647491455,0.0077591584995388985,-0.30313366651535034,-1.0498241186141968,0.3998652994632721,-0.30263933539390564,-0.8170051574707031,0.49549600481987,-0.2945101261138916,-0.622563362121582,0.4701005816459656,-0.3097936511039734,-0.7611526250839233,-0.0804302915930748,-0.2344534695148468,-0.7249287366867065,0.4202674627304077,-0.08748988062143326,-0.5556209683418274,0.4679214358329773,0.09585794806480408,-0.4061480760574341,0.4148719906806946,0.15498702228069305,-0.23125706613063812,-0.12413162738084793,-0.12770161032676697,-0.30852463841438293,0.39067021012306213,0.10421326011419296,-0.28338634967803955,0.42020952701568604,0.46141815185546875,-0.21468910574913025,0.349996954202652,0.5734845399856567,0.21514983475208282,-0.1518133282661438,-0.0212077759206295,0.045481063425540924,0.3013862669467926,0.15515686571598053,0.05945609509944916,0.3608519732952118,0.3038512170314789,0.08848752081394196,0.3071320056915283,0.37189534306526184,-1.0012356042861938,-1.4652986526489258,-1.5314539670944214,-1.7006391286849976,-1.9385534524917603,0.3623177111148834,0.31205493211746216,0.48072075843811035,0.628679633140564,0.5233670473098755,0.7696335911750793,-0.378940224647522,-0.5386024117469788,-0.755335807800293
0,0.0,0.0,0.0,-0.7204486727714539,0.5177586674690247,-0.35178470611572266,-0.8810113072395325,0.4930209815502167,-0.4660073220729828,-0.8153525590896606,0.44396838545799255,-0.4960710406303406,-0.5703819394111633,0.4281933605670929,-0.45427271723747253,-1.0401828289031982,0.018803976476192474,-0.3498690128326416,-0.9112387895584106,0.38375264406204224,-0.4297710359096527,-0.7420167326927185,0.504729688167572,-0.4224221706390381,-0.5966987013816833,0.48641282320022583,-0.4173753559589386,-0.6084374189376831,-0.06358644366264343,-0.32254132628440857,-0.6086676716804504,0.4169561564922333,-0.3393065929412842,-0.49188992381095886,0.5119213461875916,-0.16894614696502686,-0.3640560209751129,0.4565628170967102,-0.03582761809229851,-0.09235519915819168,-0.09462805837392807,-0.293768972158432,-0.21204634010791779,0.4013393521308899,-0.24568471312522888,-0.2059190720319748,0.4820507764816284,0.109832763671875,-0.14593757688999176,0.4347705543041229,0.32438769936561584,0.3247530162334442,-0.10696561634540558,-0.2557280659675598,0.1259835958480835,0.3441978991031647,-0.2036280483007431,0.0968199372291565,0.4434342384338379,-0.06304536014795303,0.10229229927062988,0.41053298115730286,0.05489649251103401,-0.5187311172485352,-1.464864730834961,-1.4874664545059204,-1.598586082458496,-1.789467215538025,0.3623177111148834,0.31205493211746216,0.48072075843811035,0.628679633140564,0.5233670473098755,0.7696335911750793,-0.46891945600509644,-0.6875464916229248,-1.1919814348220825
0,0.0,0.0,0.0,-0.6777454018592834,0.5217247009277344,-0.3419472277164459,-0.8412628173828125,0.49602609872817993,-0.44459986686706543,-0.8102160692214966,0.4868278503417969,-0.4542917013168335,-0.5987269282341003,0.49021244049072266,-0.4105380177497864,-0.9519732594490051,0.09764799475669861,-0.4556429088115692,-0.8142890334129333,0.4499851167201996,-0.49111247062683105,-0.6712182760238647,0.546183705329895,-0.44568610191345215,-0.55812668800354,0.5101190209388733,-0.4211089313030243,-0.5064811110496521,0.02597411349415779,-0.42411908507347107,-0.496777206659317,0.5003358721733093,-0.4293787479400635,-0.4201491177082062,0.5661191344261169,-0.2613474130630493,-0.3324469029903412,0.48945194482803345,-0.12386015057563782,0.01091336365789175,-0.00011398031347198412,-0.3560572862625122,-0.09129000455141068,0.48097148537635803,-0.2528902590274811,-0.1170688271522522,0.5320931673049927,0.12454502284526825,-0.1070120632648468,0.46997737884521484,0.3460127115249634,0.40228068828582764,-0.013829527422785759,-0.24825148284435272,0.21657484769821167,0.421282023191452,-0.18147288262844086,0.16653046011924744,0.4919610917568207,-0.049847908318042755,0.1469316929578781,0.4424799084663391,0.06090763211250305,-0.4535619914531708,-1.470052719116211,-1.4735476970672607,-1.5664196014404297,-1.7058087587356567,0.3623177111148834,0.31205493211746216,0.48072075843811035,0.628679633140564,0.5233670473098755,0.7696335911750793,-0.5747460722923279,-0.8636695146560669,-1.3120282888412476
0,0.0,0.0,0.0,-0.7415171265602112,0.5866062641143799,-0.3652441203594208,-0.9115389585494995,0.521426260471344,-0.4654625654220581,-0.8510053753852844,0.5019615888595581,-0.48161110281944275,-0.6183507442474365,0.5144941806793213,-0.44139158725738525,-0.9477260112762451,0.11472472548484802,-0.4700082838535309,-0.8081129789352417,0.47699448466300964,-0.47697022557258606,-0.691365659236908,0.5905519127845764,-0.40183424949645996,-0.5943524241447449,0.569247305393219,-0.3598933517932892,-0.4950033128261566,0.04097728803753853,-0.43879640102386475,-0.5009997487068176,0.5244272947311401,-0.4127453565597534,-0.4539693295955658,0.6007680296897888,-0.2275262326002121,-0.3787992298603058,0.5386185050010681,-0.08820953965187073,0.021931231021881104,0.011592688038945198,-0.36499685049057007,-0.10102158039808273,0.49743545055389404,-0.24696385860443115,-0.15055178105831146,0.5540691614151001,0.10807618498802185,-0.1532309651374817,0.4992820918560028,0.31153881549835205,0.4094073176383972,-0.0034454779233783484,-0.24517235159873962,0.21297775208950043,0.4260563552379608,-0.13851302862167358,0.14619724452495575,0.5007528066635132,0.008215569891035557,0.11296658217906952,0.4585365951061249,0.11945247650146484,-0.6562269926071167,-1.484278917312622,-1.4768085479736328,-1.5665699243545532,-1.7156322002410889,0.3623177111148834,0.31205493211746216,0.48072075843811035,0.628679633140564,0.5233670473098755,0.7696335911750793,-0.5933641791343689,-0.8209564685821533,-2.0804524421691895
0,0.0,0.0,0.0,-0.7383183836936951,0.6779822111129761,-0.6132147908210754,-0.9257389307022095,0.5857716798782349,-0.7096140384674072,-0.8409189581871033,0.5935881733894348,-0.7222112417221069,-0.5834032893180847,0.6155953407287598,-0.6861265301704407,-0.8270016312599182,0.20202389359474182,-0.7119845151901245,-0.7386461496353149,0.5630146861076355,-0.7011415362358093,-0.6466629505157471,0.6828888058662415,-0.6069444417953491,-0.555489718914032,0.6577388644218445,-0.5603893995285034,-0.34120669960975647,0.12646396458148956,-0.6841038465499878,-0.39450782537460327,0.5796424746513367,-0.6723189949989319,-0.3794020414352417,0.666848361492157,-0.4829519987106323,-0.308387815952301,0.6125683784484863,-0.33531495928764343,0.165350079536438,0.09767436981201172,-0.6074760556221008,0.009096012450754642,0.5557597279548645,-0.5082952380180359,-0.056596096605062485,0.6158788204193115,-0.1946510374546051,-0.061442188918590546,0.5605126023292542,-0.0023413945455104113,0.5227010846138,0.08034148067235947,-0.44814857840538025,0.3116227984428406,0.48983243107795715,-0.3787868916988373,0.21711422502994537,0.5650198459625244,-0.2757551372051239,0.160920649766922,0.5240105986595154,-0.1963951289653778,-1.0812221765518188,-1.3941508531570435,-1.3873822689056396,-1.4420661926269531,-1.545040249824524,0.3623177111148834,0.31205493211746216,0.48072075843811035,0.628679633140564,0.5233670473098755,0.7696335911750793,-0.6256100535392761,-0.8275563716888428,-2.436155319213867
0,0.0,0.0,0.0,-0.7502424716949463,0.6444107890129089,-0.5902267694473267,-0.9121818542480469,0.5709587335586548,-0.7263218760490417,-0.8390207886695862,0.5620401501655579,-0.7648307681083679,-0.6020256876945496,0.5856760144233704,-0.7556452751159668,-0.8535009026527405,0.18940289318561554,-0.6791165471076965,-0.7358728051185608,0.557877242565155,-0.6486191749572754,-0.6549338102340698,0.6628333926200867,-0.569463312625885,-0.5812241435050964,0.6235608458518982,-0.543308436870575,-0.3833049237728119,0.13165734708309174,-0.6529714465141296,-0.41744354367256165,0.5622952580451965,-0.5883685946464539,-0.39391618967056274,0.6403317451477051,-0.40934351086616516,-0.3329901695251465,0.5905660390853882,-0.30499693751335144,0.12122898548841476,0.11116623133420944,-0.5717718601226807,-0.030802756547927856,0.5419987440109253,-0.41980400681495667,-0.09652285277843475,0.6046991944313049,-0.09994200617074966,-0.11107101291418076,0.5547521114349365,0.05683239921927452,0.4832824468612671,0.0980149507522583,-0.4105168282985687,0.2732349932193756,0.48311591148376465,-0.25898662209510803,0.18786689639091492,0.5596791505813599,-0.1234344094991684,0.1415112167596817,0.5202460289001465,-0.057544026523828506,-0.8029093146324158,-1.4338916540145874,-1.3961334228515625,-1.4521187543869019,-1.5709606409072876,0.3623177111148834,0.31205493211746216,0.48072075843811035,0.628679633140564,0.5233670473098755,0.7696335911750793,-0.37835171818733215,-0.7885968685150146,-2.0389983654022217
0,0.0,0.0,0.0,-0.7553232908248901,0.6992830634117126,-0.6654593348503113,-0.9210057258605957,0.6008598804473877,-0.7824758887290955,-0.813947319984436,0.5811745524406433,-0.8052224516868591,-0.5466914176940918,0.5978466272354126,-0.7822525501251221,-0.796660304069519,0.19049447774887085,-0.7282918095588684,-0.6730632781982422,0.5540627241134644,-0.6989340782165527,-0.6048899292945862,0.6667147278785706,-0.6195328235626221,-0.5464392900466919,0.632154107093811,-0.5943004488945007,-0.30785080790519714,0.13138426840305328,-0.6918230652809143,-0.3507187068462372,0.5509291887283325,-0.6336364150047302,-0.3550824522972107,0.6389442086219788,-0.45492175221443176,-0.3085476756095886,0.5901806354522705,-0.34927651286125183,0.18769490718841553,0.11399592459201813,-0.5986047387123108,0.031152527779340744,0.5325125455856323,-0.45941394567489624,-0.046280618757009506,0.5985586047172546,-0.16440057754516602,-0.07582996040582657,0.5529060959815979,-0.019560789689421654,0.5322044491767883,0.10479255020618439,-0.4187755584716797,0.3231237530708313,0.4746226370334625,-0.3142186403274536,0.2195785641670227,0.5522414445877075,-0.20951035618782043,0.14917169511318207,0.5212274789810181,-0.15694983303546906,-1.0931012630462646,-1.4401549100875854,-1.3908309936523438,-1.430793046951294,-1.5250706672668457,0.3623177111148834,0.31205493211746216,0.48072075843811035,0.628679633140564,0.5233670473098755,0.7696335911750793,-0.26117563247680664,-0.5754556655883789,-2.260240316390991
3,0.0,0.0,0.0,-0.9043671488761902,-1.625455379486084,1.2358524799346924,-0.6434288620948792,-1.4839483499526978,1.2684062719345093,-0.6331024169921875,-1.3508247137069702,1.2040718793869019,-0.709111213684082,-1.3378366231918335,1.2458523511886597,0.08851572126150131,-1.1758872270584106,1.3687182664871216,-0.5951005220413208,-0.9250625371932983,1.0781190395355225,-0.8492848873138428,-0.5264366865158081,0.9124394059181213,-0.8450512886047363,-0.2426222413778305,0.9126467108726501,0.30508288741111755,-1.0733917951583862,1.2922728061676025,-0.6232856512069702,-0.894165575504303,0.8688366413116455,-0.8880500793457031,-0.49601489305496216,0.8367684483528137,-0.8996152877807617,-0.19774946570396423,0.9865211844444275,0.43899601697921753,-0.9481465816497803,1.0427249670028687,-0.39555561542510986,-0.9369950294494629,0.6671857833862305,-1.0000147819519043,-0.6238926649093628,0.8597865104675293,-1.2711702585220337,-0.3476027250289917,1.1505918502807617,0.4727068543434143,-0.8505327701568604,0.5268914699554443,0.5559399127960205,-0.9565215706825256,0.43173253536224365,0.7420313954353333,-1.0795949697494507,0.36622679233551025,0.849088191986084,-1.1886165142059326,0.388971745967865,0.8454834222793579,-0.11810638755559921,-0.0338376946747303,0.22843162715435028,1.1975879669189453,0.3623177111148834,-3.204564094543457,-2.080209732055664,-1.5906352996826172,0.5233670473098755,-1.8223508596420288,-1.0200092792510986,0.46049004793167114,0.44303593039512634
3,0.0,0.0,0.0,-0.7308826446533203,-0.6880403161048889,0.6110685467720032,-0.7076599597930908,-0.8270769715309143,0.596199631690979,-0.7950235605239868,-0.8549030423164368,0.5109763741493225,-0.9742122888565063,-0.8479560613632202,0.5100936889648438,-0.30904456973075867,-0.5328254103660583,0.8982033133506775,-0.3160884976387024,-0.5480241179466248,0.7013993859291077,-0.407157301902771,-0.24344484508037567,0.6276480555534363,-0.441546231508255,0.015567721799015999,0.6696493625640869,0.07769235968589783,-0.5043714642524719,1.0004911422729492,-0.045528680086135864,-0.5303460359573364,0.5807074308395386,-0.22208915650844574,-0.20581865310668945,0.5629022121429443,-0.28118565678596497,0.06213856860995293,0.7230115532875061,0.534186065196991,-0.49950605630874634,1.0300545692443848,0.5445714592933655,-0.6753515005111694,0.6573183536529541,0.2923766076564789,-0.4593157172203064,0.7585082650184631,-0.012116514146327972,-0.246029332280159,0.9583094120025635,0.8756168484687805,-0.5154832601547241,0.9066994190216064,1.16481614112854,-0.618908703327179,0.8848103880882263,1.4347491264343262,-0.68137127161026,0.7789943218231201,1.5357558727264404,-0.7727444171905518,0.7062686681747437,0.8571276664733887,0.5975721478462219,0.4696260988712311,0.874874472618103,1.1094101667404175,0.3623177111148834,-3.204564094543457,-2.080209732055664,-1.5906352996826172,0.5233670473098755,-1.8223508596420288,-0.9944095015525818,0.4918091297149658,0.10497833788394928
3,0.0,0.0,0.0,-0.6415799856185913,-0.7824566960334778,0.5981500148773193,-0.5841242074966431,-0.7862228155136108,0.5712680816650391,-0.6468567848205566,-0.8093777894973755,0.4909372329711914,-0.7682847380638123,-0.823042094707489,0.47863173484802246,-0.06083349138498306,-0.4317396283149719,0.8074321746826172,-0.03722810745239258,-0.4921818971633911,0.6832056641578674,-0.2043190747499466,-0.23490996658802032,0.6688070297241211,-0.31349730491638184,-0.0011449478333815932,0.734130859375,0.32404348254203796,-0.3766513764858246,0.9155371785163879,0.2683671712875366,-0.4626448452472687,0.6146337985992432,-0.013030827976763248,-0.185530424118042,0.6173555254936218,-0.15944163501262665,0.058114416897296906,0.7446675300598145,0.7405748963356018,-0.34354421496391296,0.9842790961265564,0.8750585913658142,-0.5397757291793823,0.6923324465751648,0.6734779477119446,-0.3648446798324585,0.723044753074646,0.3542518615722656,-0.17222252488136292,0.8304149508476257,1.0338536500930786,-0.32104483246803284,0.9382361173629761,1.346043586730957,-0.43171924352645874,0.9043647050857544,1.6070693731307983,-0.47608163952827454,0.7448270916938782,1.693228840827942,-0.5305683612823486,0.6262175440788269,0.8860101699829102,0.6966713666915894,0.6010733842849731,0.9183708429336548,1.080601453781128,0.3623177111148834,-3.204564094543457,-2.080209732055664,-1.5906352996826172,0.5233670473098755,-1.8223508596420288,-0.8805726766586304,0.4738088846206665,-0.5123857259750366
4,0.0,0.0,0.0,1.132846713066101,0.06267958134412766,0.019128568470478058,1.23409903049469,-0.29858532547950745,0.34954285621643066,1.351445198059082,-0.4082416594028473,0.5542031526565552,1.5150784254074097,-0.3512956202030182,0.6537954807281494,1.098769187927246,-0.48829686641693115,0.43212080001831055,1.0631285905838013,-0.7201448678970337,0.6190424561500549,1.0784796476364136,-0.8755168914794922,0.65047687292099,1.0263981819152832,-1.0021315813064575,0.5878577828407288,0.6156992316246033,-0.6199941039085388,0.4904792010784149,0.6744868755340576,-0.8605276942253113,0.7529461979866028,0.792809247970581,-1.0521084070205688,0.6098610162734985,0.7712128162384033,-1.2178641557693481,0.3594011962413788,0.01998911425471306,-0.699798047542572,0.5374470353126526,0.07624705135822296,-0.9102492928504944,0.5855400562286377,0.15333041548728943,-1.1087628602981567,-0.008063608780503273,0.15414266288280487,-1.29440176486969,-0.5634505748748779,-0.49521732330322266,-0.7371323108673096,0.5182248950004578,-0.6461564302444458,-0.8518478870391846,0.26293689012527466,-0.7642311453819275,-0.9738409519195557,-0.21025972068309784,-0.8048821687698364,-1.103747844696045,-0.5652623772621155,0.8965303301811218,1.0040158033370972,1.1028715372085571,1.2068383693695068,1.080836296081543,0.3623177111148834,0.31205493211746216,0.48072075843811035,0.628679633140564,0.5233670473098755,0.7696335911750793,-3.1094682216644287,0.23388612270355225,0.5405401587486267
4,0.0,0.0,0.0,1.1305060386657715,0.11133784800767899,-0.0400933139026165,1.2347400188446045,-0.2543499171733856,0.292428195476532,1.3563833236694336,-0.37442249059677124,0.4999675452709198,1.5266059637069702,-0.3281765878200531,0.6026687026023865,1.117221474647522,-0.47124677896499634,0.4251088500022888,1.0928422212600708,-0.7043759822845459,0.6138811707496643,1.1191823482513428,-0.8639414310455322,0.6458364725112915,1.0687683820724487,-0.9912120699882507,0.5845785737037659,0.6363540887832642,-0.6024022698402405,0.5034112334251404,0.7035662531852722,-0.8416840434074402,0.7777937650680542,0.8346055150032043,-1.032778024673462,0.6488174200057983,0.8237832188606262,-1.196613073348999,0.4057997167110443,0.037751514464616776,-0.6793904304504395,0.5748717188835144,0.11550026386976242,-0.8875942230224609,0.6215220093727112,0.21491238474845886,-1.0843592882156372,0.03656315058469772,0.23476102948188782,-1.2681111097335815,-0.5182008147239685,-0.47833916544914246,-0.7093394994735718,0.5772929191589355,-0.6100805997848511,-0.8191550374031067,0.30248090624809265,-0.7226846218109131,-0.9380308985710144,-0.1720477193593979,-0.7622715830802917,-1.0643301010131836,-0.5265911221504211,0.9135633707046509,1.0135586261749268,1.1067187786102295,1.201400637626648,1.0717898607254028,0.3623177111148834,0.31205493211746216,0.48072075843811035,0.628679633140564,0.5233670473098755,0.7696335911750793,-2.9714279174804688,-0.9166398048400879,0.7265625596046448
4,0.0,0.0,0.0,0.9474457502365112,0.22300347685813904,-0.358879953622818,1.031356692314148,-0.06323244422674179,-0.15955750644207,1.1426143646240234,-0.158354714512825,-0.05614904314279556,1.2995092868804932,-0.1586006134748459,-0.044996995478868484,0.9419158101081848,-0.4601094126701355,0.05074265971779823,0.905409574508667,-0.7016192078590393,0.13824038207530975,0.9552823305130005,-0.8644359111785889,0.08820532262325287,0.9389549493789673,-0.9971973896026611,-0.00724010867998004,0.4284840226173401,-0.5903878211975098,0.04728323966264725,0.4168824255466461,-0.8421940803527832,0.16781634092330933,0.5176776051521301,-1.054618000984192,-0.10999166965484619,0.5094437599182129,-1.2294349670410156,-0.38617318868637085,-0.1532730758190155,-0.6463844180107117,0.003320237621665001,-0.12325767427682877,-0.8762019872665405,-0.02047092281281948,-0.0831688940525055,-1.0991663932800293,-0.7579132318496704,-0.09218936413526535,-1.2930699586868286,-1.3237760066986084,-0.6257929801940918,-0.6349732875823975,-0.05364721640944481,-0.7867579460144043,-0.7662101984024048,-0.34189411997795105,-0.9293835759162903,-0.8832929730415344,-0.8303191065788269,-0.9964738488197327,-0.9965120553970337,-1.1483515501022339,0.7753673195838928,1.017901062965393,1.0713019371032715,1.2273218631744385,1.123367428779602,0.3623177111148834,0.31205493211746216,0.48072075843811035,0.628679633140564,0.5233670473098755,0.7696335911750793,0.8219171762466431,-0.018439732491970062,0.4924558103084564
5,0.0,0.0,0.0,-0.23121638596057892,-0.9468082189559937,1.2816357612609863,-0.602546215057373,-0.4099685251712799,1.2233010530471802,-0.8846871852874756,-0.09611582010984421,1.2471388578414917,-1.0752451419830322,0.10472533851861954,1.2096019983291626,-1.1210064888000488,0.19041325151920319,0.5566396117210388,-1.4939595460891724,0.07709023356437683,0.8116099238395691,-1.699386715888977,0.050122443586587906,0.9431520700454712,-1.7595398426055908,0.0638442188501358,1.003248929977417,-1.4376739263534546,0.41601502895355225,0.5403945446014404,-1.9125254154205322,0.174617737531662,0.8914849162101746,-2.289860248565674,0.09645456075668335,1.056777834892273,-2.378926992416382,0.08740391582250595,1.0648387670516968,-1.4962257146835327,0.5729501247406006,0.6672477722167969,-2.0446102619171143,0.3023865222930908,1.1075061559677124,-2.3670554161071777,0.28254789113998413,1.3383184671401978,-2.231555461883545,0.33263543248176575,1.3509718179702759,-1.3643490076065063,0.6902139186859131,0.8353091478347778,-1.6281851530075073,0.373869925737381,1.306414246559143,-1.5343769788742065,0.33828797936439514,1.56697416305542,-1.2896993160247803,0.3726407587528229,1.6438884735107422,-0.9190362095832825,0.34548354148864746,0.7258192300796509,1.0194530487060547,0.6171688437461853,0.3623177111148834,0.31205493211746216,0.48072075843811035,-1.5906352996826172,-1.9107049703598022,-0.9583560228347778,-1.0062103271484375,0.25356414914131165,-0.7722087502479553
5,0.0,0.0,0.0,-0.31631049513816833,-1.0073758363723755,1.3643090724945068,-0.6570082902908325,-0.3916364014148712,1.3069381713867188,-0.9207020401954651,-0.057834383100271225,1.346911072731018,-1.086221694946289,0.15067043900489807,1.3306492567062378,-1.1814507246017456,0.27504926919937134,0.4770899713039398,-1.5960495471954346,0.14751948416233063,0.7577277421951294,-1.7987111806869507,0.13049672544002533,0.918662965297699,-1.8635523319244385,0.1542869359254837,0.9979559183120728,-1.5194346904754639,0.5247857570648193,0.4687824547290802,-2.0353147983551025,0.250041663646698,0.8299745321273804,-2.4231693744659424,0.174178808927536,1.012621283531189,-2.5054869651794434,0.17731504142284393,1.038304328918457,-1.5723649263381958,0.6874292492866516,0.6399880647659302,-2.061570405960083,0.35528093576431274,1.113760232925415,-2.2700018882751465,0.30916881561279297,1.378554344177246,-2.0655200481414795,0.34743425250053406,1.4120051860809326,-1.4102673530578613,0.78102046251297,0.8885330557823181,-1.6456621885299683,0.41138631105422974,1.3584775924682617,-1.4760754108428955,0.3670230805873871,1.6310864686965942,-1.1985855102539062,0.40192458033561707,1.7167584896087646,-0.9447965621948242,0.3631660044193268,0.8266630172729492,1.1068977117538452,0.35446569323539734,0.3623177111148834,0.31205493211746216,0.48072075843811035,-1.5906352996826172,-1.9107049703598022,-0.9583560228347778,-1.2376070022583008,0.26816868782043457,-0.8861964344978333
5,0.0,0.0,0.0,-0.2926349937915802,-1.0311775207519531,1.4926658868789673,-0.6360780000686646,-0.4102545380592346,1.433167576789856,-0.8998476266860962,-0.07597381621599197,1.4820996522903442,-1.0744922161102295,0.12954464554786682,1.4801790714263916,-1.1917921304702759,0.2652268707752228,0.5423613786697388,-1.594879388809204,0.14050757884979248,0.8538491129875183,-1.7933948040008545,0.12455017864704132,1.0368069410324097,-1.850759744644165,0.15095816552639008,1.125125765800476,-1.5292425155639648,0.5162393450737,0.5417376160621643,-2.026050090789795,0.241635262966156,0.9270617961883545,-2.406522750854492,0.16687794029712677,1.1452714204788208,-2.478855609893799,0.17083601653575897,1.1887017488479614,-1.5759721994400024,0.678056538105011,0.7351294159889221,-2.0624806880950928,0.3480475842952728,1.262541651725769,-2.27461838722229,0.3006332218647003,1.5848817825317383,-2.069960832595825,0.3342816233634949,1.6292461156845093,-1.3974894285202026,0.7726566791534424,1.003423810005188,-1.6240113973617554,0.4075801372528076,1.5398997068405151,-1.457030177116394,0.3632444739341736,1.8423141241073608,-1.1799709796905518,0.3932143747806549,1.932637095451355,-0.9628908634185791,0.362546443939209,0.8354236483573914,1.0900771617889404,0.343040406703949,0.3623177111148834,0.31205493211746216,0.48072075843811035,-1.5906352996826172,-1.9107049703598022,-0.9583560228347778,-1.228501796722412,0.2905268967151642,-0.8657150864601135
5,0.0,0.0,0.0,-0.23932021856307983,-1.1219534873962402,1.5891577005386353,-0.5880024433135986,-0.521693766117096,1.6121752262115479,-0.8877444863319397,-0.22038456797599792,1.7328823804855347,-1.0949811935424805,-0.008433769457042217,1.7640810012817383,-1.1930772066116333,0.18810230493545532,0.6831318736076355,-1.638000726699829,0.11534540355205536,1.0610278844833374,-1.8490937948226929,0.11120689660310745,1.2945420742034912,-1.9120017290115356,0.14451606571674347,1.3923887014389038,-1.5586211681365967,0.40633440017700195,0.6992156505584717,-2.128202438354492,0.17383143305778503,1.0598304271697998,-2.529456853866577,0.1190742775797844,1.265844464302063,-2.5941102504730225,0.12033973634243011,1.3127269744873047,-1.633770227432251,0.5652716755867004,0.9214334487915039,-2.2838377952575684,0.27695244550704956,1.348257303237915,-3.0442614555358887,0.2227841019630432,1.5701351165771484,-3.255080223083496,0.2197621762752533,1.5399636030197144,-1.4850445985794067,0.6859137415885925,1.2197352647781372,-1.7805622816085815,0.3534325957298279,1.650194525718689,-1.6846027374267578,0.31645551323890686,1.9257005453109741,-1.3972505331039429,0.34042423963546753,1.9934773445129395,-0.6805201768875122,0.19239765405654907,0.7133800387382507,1.1147949695587158,0.6411125063896179,0.3623177111148834,0.31205493211746216,0.48072075843811035,0.628679633140564,0.5233670473098755,0.7696335911750793,-1.2186397314071655,0.3485446274280548,-1.1220192909240723
5,0.0,0.0,0.0,-0.17836737632751465,-1.0978829860687256,1.361940860748291,-0.5483444333076477,-0.5039145946502686,1.3069266080856323,-0.8459256291389465,-0.19141578674316406,1.3634428977966309,-1.047121524810791,0.010318446904420853,1.3593522310256958,-1.0853627920150757,0.17580316960811615,0.4280787706375122,-1.49613618850708,0.08604591339826584,0.7573750019073486,-1.704750895500183,0.07399008423089981,0.95061856508255,-1.7596465349197388,0.1010906845331192,1.0409644842147827,-1.4061694145202637,0.42672258615493774,0.44816717505455017,-1.8971304893493652,0.19424109160900116,0.76201331615448,-2.268636703491211,0.11111772805452347,0.9240731596946716,-2.3478171825408936,0.10551997274160385,0.9456831216812134,-1.4877426624298096,0.5846737027168274,0.6947608590126038,-2.0076589584350586,0.29483070969581604,1.211240291595459,-2.2874250411987305,0.2567340135574341,1.5798882246017456,-2.136969804763794,0.2951274812221527,1.6585423946380615,-1.3763176202774048,0.6767429113388062,1.0342830419540405,-1.625929355621338,0.31926724314689636,1.5829808712005615,-1.5116770267486572,0.26412275433540344,1.9219828844070435,-1.2548589706420898,0.28648436069488525,2.0306427478790283,-0.810195803642273,0.22624604403972626,0.6755720973014832,1.0535670518875122,0.4212675392627716,0.3623177111148834,0.31205493211746216,0.48072075843811035,-1.5906352996826172,0.5233670473098755,-0.09436118602752686,-0.9636728167533875,0.4468063712120056,-1.1216565370559692
5,0.0,0.0,0.0,-0.05598516762256622,-0.5937328338623047,0.07424035668373108,0.1251068115234375,-0.4021970331668854,0.09622251242399216,0.2253514677286148,-0.13213896751403809,0.08096490800380707,0.28344714641571045,0.09136787056922913,0.054541293531656265,1.1090680360794067,0.21516253054141998,0.1885334849357605,1.3711400032043457,0.04185515269637108,0.19190475344657898,1.5629897117614746,0.0024776719510555267,0.2028505653142929,1.6545864343643188,0.008390278555452824,0.22332455217838287,1.315494418144226,0.4403478801250458,0.158279150724411,1.7333836555480957,0.13306106626987457,0.1810646802186966,2.1330947875976562,0.05036934092640877,0.11869361251592636,2.281709909439087,0.020792806521058083,0.13485966622829437,1.1752921342849731,0.5987511277198792,0.10487072169780731,1.1914734840393066,0.30217859148979187,-0.12995930016040802,0.9388130903244019,0.2560521066188812,-0.2165248543024063,0.5643857717514038,0.2708020508289337,-0.04554504528641701,0.8595486879348755,0.7184813618659973,0.03342895954847336,0.6595563292503357,0.4117077589035034,-0.12403283268213272,0.35037490725517273,0.3421255052089691,-0.05026521161198616,0.11259126663208008,0.33947765827178955,0.10999289155006409,-2.1304004192352295,0.6915354132652283,1.0388662815093994,0.35818907618522644,-0.5235178470611572,-2.7600085735321045,0.31205493211746216,0.48072075843811035,-1.5906352996826172,0.5233670473098755,-0.9583560228347778,0.8756804466247559,0.32007306814193726,0.6075929999351501
5,0.0,0.0,0.0,-0.015160111710429192,-0.6045371294021606,0.09445898979902267,0.2003670334815979,-0.42671218514442444,0.13842789828777313,0.3011047840118408,-0.12734004855155945,0.13735495507717133,0.3427579998970032,0.13590535521507263,0.11249732226133347,1.1991548538208008,0.27440163493156433,0.18177329003810883,1.4737845659255981,0.11116142570972443,0.1850520819425583,1.6847821474075317,0.07889313995838165,0.19142884016036987,1.7826215028762817,0.09287980943918228,0.19891567528247833,1.3995846509933472,0.5102766156196594,0.14136017858982086,1.8177250623703003,0.21099412441253662,0.1409115493297577,2.2408878803253174,0.13760630786418915,0.04141082987189293,2.3982601165771484,0.11893808841705322,0.024706056341528893,1.235953688621521,0.6652868390083313,0.07601707428693771,1.277931809425354,0.3568570911884308,-0.20286698639392853,1.0317350625991821,0.3043261468410492,-0.37419942021369934,0.637675404548645,0.31867775321006775,-0.2531398832798004,0.9030035734176636,0.7765621542930603,-0.0018627034733071923,0.6653355956077576,0.4558366537094116,-0.28312599658966064,0.33509811758995056,0.3773210942745209,-0.32614555954933167,0.08475666493177414,0.37222573161125183,-0.2232508510351181,-2.303985834121704,0.6248347163200378,0.9981240630149841,0.3854306638240814,-0.6197389960289001,-2.7600085735321045,0.31205493211746216,0.48072075843811035,-1.5906352996826172,0.5233670473098755,-0.9583560228347778,1.0181571245193481,0.3637399673461914,0.9897462129592896
5,0.0,0.0,0.0,-0.02311493642628193,-0.5982304811477661,0.09673439711332321,0.1991511881351471,-0.42302876710891724,0.140238419175148,0.30407169461250305,-0.12628237903118134,0.13832958042621613,0.34890615940093994,0.1363053321838379,0.11479365825653076,1.220990777015686,0.2783604562282562,0.19994084537029266,1.4921244382858276,0.11654891073703766,0.19530929625034332,1.711395025253296,0.08236205577850342,0.19226258993148804,1.81077241897583,0.09682872146368027,0.1939060539007187,1.4248846769332886,0.5165058374404907,0.15609577298164368,1.8419650793075562,0.21721863746643066,0.14700138568878174,2.282341718673706,0.14093653857707977,0.029455600306391716,2.445704221725464,0.12204793095588684,0.0026985753793269396,1.2602468729019165,0.6720497012138367,0.08392031490802765,1.2816509008407593,0.3571571707725525,-0.18713973462581635,1.041859745979309,0.3049719035625458,-0.3504975438117981,0.651892900466919,0.32210978865623474,-0.2251151204109192,0.9247245788574219,0.7795432209968567,-0.009287350811064243,0.6819713711738586,0.45435968041419983,-0.2775093913078308,0.35157090425491333,0.37614357471466064,-0.3081628084182739,0.10310732573270798,0.3734229803085327,-0.1958252638578415,-2.263032913208008,0.6189621686935425,0.9952268600463867,0.3347089886665344,-0.6463639736175537,-2.7600085735321045,0.31205493211746216,0.48072075843811035,-1.5906352996826172,0.5233670473098755,-0.9583560228347778,0.9072109460830688,0.2872897684574127,1.0652070045471191
5,0.0,0.0,0.0,-0.3258664906024933,-1.013972282409668,1.1941331624984741,-0.6667901277542114,-0.38915038108825684,1.0692646503448486,-0.9302229881286621,-0.049631863832473755,1.0655051469802856,-1.085546851158142,0.1563796103000641,1.018699049949646,-1.1325483322143555,0.305171400308609,0.27116328477859497,-1.5348252058029175,0.1879875808954239,0.5338422060012817,-1.7293061017990112,0.17227940261363983,0.6785269379615784,-1.7950336933135986,0.19741354882717133,0.7453160881996155,-1.3950934410095215,0.5622692108154297,0.24266979098320007,-1.9071677923202515,0.298120379447937,0.5624094605445862,-2.3073251247406006,0.22155331075191498,0.6865180730819702,-2.4177300930023193,0.2261311113834381,0.6704819202423096,-1.3981996774673462,0.7303593754768372,0.4046422839164734,-1.854041576385498,0.38490915298461914,0.9124769568443298,-1.9752004146575928,0.3153102695941925,1.1892389059066772,-1.741054892539978,0.3352199196815491,1.2118929624557495,-1.2246705293655396,0.820364773273468,0.6750947833061218,-1.4021570682525635,0.45167645812034607,1.1827354431152344,-1.2044191360473633,0.3818260729312897,1.4607031345367432,-0.938901424407959,0.39546677470207214,1.5297104120254517,-0.9369068145751953,0.2836529612541199,0.7407565116882324,0.9970707893371582,0.1672535240650177,0.3623177111148834,0.31205493211746216,0.48072075843811035,-1.5906352996826172,-1.9107049703598022,-0.9583560228347778,-0.9218602776527405,0.14455653727054596,-0.7553413510322571
5,0.0,0.0,0.0,-0.363742858171463,-1.2447134256362915,1.4337037801742554,-0.6332485675811768,-0.5238606333732605,1.4986225366592407,-0.8192263841629028,-0.17486320436000824,1.6104005575180054,-0.9599646925926208,0.048953745514154434,1.6754564046859741,-1.452894926071167,0.2720065414905548,0.7864323854446411,-1.7921315431594849,0.173974871635437,1.1760759353637695,-1.9569875001907349,0.17289167642593384,1.4182963371276855,-2.004405975341797,0.2096443623304367,1.535150408744812,-1.7652077674865723,0.5233733057975769,0.9175153374671936,-2.161257743835449,0.28633439540863037,1.3830803632736206,-2.515843629837036,0.2282710075378418,1.6801644563674927,-2.582303285598755,0.2395719736814499,1.7583539485931396,-1.6537963151931763,0.6879226565361023,1.2758466005325317,-1.811363697052002,0.3798844814300537,1.758206844329834,-1.863743543624878,0.3065514862537384,1.9048035144805908,-1.6026650667190552,0.3108266592025757,1.7882754802703857,-1.3628582954406738,0.7851600646972656,1.6615456342697144,-1.3000034093856812,0.469226598739624,2.088893175125122,-1.0946719646453857,0.4058327078819275,2.198188066482544,-0.8416404128074646,0.4022822678089142,2.1394498348236084,-1.14705228805542,0.36617511510849,0.7742871046066284,1.1754015684127808,-0.054270826280117035,0.3623177111148834,0.31205493211746216,0.48072075843811035,-1.5906352996826172,-1.9107049703598022,-0.9583560228347778,-1.0925668478012085,0.308205783367157,-0.9642177820205688
5,0.0,0.0,0.0,-0.2819945514202118,-1.2387162446975708,1.492841362953186,-0.548201858997345,-0.5616023540496826,1.5951404571533203,-0.7200206518173218,-0.21195292472839355,1.7372910976409912,-0.857435941696167,0.011415363289415836,1.8320082426071167,-1.4555466175079346,0.21926946938037872,0.870191752910614,-1.7769440412521362,0.14518915116786957,1.3062101602554321,-1.926357388496399,0.15224386751651764,1.5771009922027588,-1.9728471040725708,0.19199170172214508,1.7029993534088135,-1.7717455625534058,0.47214752435684204,1.0180244445800781,-2.146421432495117,0.25792500376701355,1.5093042850494385,-2.494490146636963,0.20604486763477325,1.8191649913787842,-2.56891131401062,0.21785831451416016,1.8974287509918213,-1.6601333618164062,0.6351909637451172,1.4011270999908447,-1.7692457437515259,0.34687450528144836,1.8773304224014282,-1.782392978668213,0.2820039987564087,2.0087554454803467,-1.5197501182556152,0.2881976068019867,1.8743491172790527,-1.3746196031570435,0.7316411137580872,1.806091070175171,-1.2914429903030396,0.434597909450531,2.206198215484619,-1.0800796747207642,0.38205936551094055,2.2959377765655518,-0.8333696722984314,0.38379529118537903,2.224817991256714,-1.376439094543457,0.3005421757698059,0.7091226577758789,1.213919997215271,-0.041315264999866486,0.3623177111148834,0.31205493211746216,0.48072075843811035,-1.5906352996826172,-1.9107049703598022,-0.9583560228347778,-1.124356985092163,0.45850151777267456,-1.113057255744934
5,0.0,0.0,0.0,-0.25525689125061035,-1.144294023513794,1.5972765684127808,-0.49357932806015015,-0.5189937353134155,1.7701916694641113,-0.648634135723114,-0.192331463098526,1.980963945388794,-0.7709826827049255,0.015486144460737705,2.1533925533294678,-1.4696366786956787,0.2842738926410675,0.9871375560760498,-1.7652310132980347,0.18461264669895172,1.4830540418624878,-1.9006742238998413,0.1898965835571289,1.8258335590362549,-1.9223204851150513,0.23272013664245605,2.0049736499786377,-1.7821826934814453,0.5556301474571228,1.2020940780639648,-2.128711223602295,0.2855965793132782,1.743233561515808,-2.443448543548584,0.2294422686100006,2.160226821899414,-2.4709112644195557,0.24423612654209137,2.319777488708496,-1.651034951210022,0.7111800312995911,1.6870907545089722,-1.6643118858337402,0.3566218912601471,2.2048492431640625,-1.7179155349731445,0.2818196713924408,2.4057552814483643,-1.5076065063476562,0.29805561900138855,2.295929193496704,-1.3737484216690063,0.7978731393814087,2.1798484325408936,-1.2168209552764893,0.442324161529541,2.619523286819458,-1.044928789138794,0.3821193277835846,2.6951441764831543,-0.8345256447792053,0.3916356861591339,2.602881908416748,-1.4373239278793335,0.37086376547813416,0.9075131416320801,0.4765462875366211,-0.7668269276618958,0.3623177111148834,0.31205493211746216,0.48072075843811035,-1.5906352996826172,0.5233670473098755,-0.09436118602752686,-1.2399039268493652,0.46230554580688477,-0.9840553402900696
5,0.0,0.0,0.0,-0.2603552043437958,-1.079062819480896,1.6093719005584717,-0.4871373176574707,-0.49742206931114197,1.8138821125030518,-0.6569225192070007,-0.17503821849822998,2.0378992557525635,-0.7831417918205261,0.029271438717842102,2.210766553878784,-1.4590049982070923,0.2766823172569275,1.0632460117340088,-1.7517696619033813,0.18584713339805603,1.5518076419830322,-1.8862874507904053,0.19133764505386353,1.8823988437652588,-1.9091700315475464,0.23482494056224823,2.0520479679107666,-1.771836280822754,0.5374516844749451,1.2737905979156494,-2.1189541816711426,0.27866679430007935,1.8574202060699463,-2.4329373836517334,0.22789828479290009,2.2947418689727783,-2.4583072662353516,0.24737603962421417,2.45078444480896,-1.6393320560455322,0.6956191062927246,1.7277976274490356,-1.6642457246780396,0.37148094177246094,2.236043691635132,-1.694339632987976,0.3094816207885742,2.401754140853882,-1.4591765403747559,0.325188547372818,2.2630317211151123,-1.36813485622406,0.7900437712669373,2.1677205562591553,-1.2139487266540527,0.46663182973861694,2.5503382682800293,-1.0252509117126465,0.4138980507850647,2.5748305320739746,-0.8095093369483948,0.4209464192390442,2.4534034729003906,-1.4723811149597168,0.3342917561531067,0.8654639720916748,0.791391909122467,-0.6857116222381592,0.3623177111148834,0.31205493211746216,0.48072075843811035,-1.5906352996826172,-1.9107049703598022,-0.9583560228347778,-1.3228869438171387,0.5585974454879761,-0.9563263654708862
5,0.0,0.0,0.0,-0.3145773410797119,-1.1753326654434204,1.585591435432434,-0.5529223084449768,-0.50873202085495,1.6664693355560303,-0.7380566596984863,-0.176621213555336,1.8073846101760864,-0.8649975657463074,0.037675414234399796,1.9044804573059082,-1.450312614440918,0.30490437150001526,0.8090230226516724,-1.7874394655227661,0.1959918737411499,1.2153209447860718,-1.9503542184829712,0.19344426691532135,1.477275013923645,-1.9879204034805298,0.22916129231452942,1.6067708730697632,-1.7548187971115112,0.5690145492553711,0.9298792481422424,-2.172445058822632,0.3026779592037201,1.3996652364730835,-2.526329278945923,0.23819035291671753,1.7262624502182007,-2.579773187637329,0.24349284172058105,1.8300753831863403,-1.635567545890808,0.7283647060394287,1.291582465171814,-1.820773959159851,0.3806915283203125,1.780279517173767,-1.9121500253677368,0.3058992624282837,1.9798702001571655,-1.6621179580688477,0.31756046414375305,1.9067660570144653,-1.3362793922424316,0.8175488710403442,1.69390869140625,-1.2961606979370117,0.47123053669929504,2.1137120723724365,-1.113831877708435,0.40188056230545044,2.2393784523010254,-0.8686956763267517,0.3969062566757202,2.2023298740386963,-1.2719025611877441,0.3897342085838318,0.8678205013275146,0.9304349422454834,-0.17960712313652039,0.3623177111148834,0.31205493211746216,0.48072075843811035,-1.5906352996826172,-1.9107049703598022,-0.9583560228347778,-1.1757984161376953,0.42507094144821167,-0.06705313920974731
5,0.0,0.0,0.0,0.07654783129692078,-0.5566655397415161,0.1969878077507019,0.25343436002731323,-0.36550256609916687,0.26355624198913574,0.34802642464637756,-0.11376332491636276,0.29754638671875,0.4040669798851013,0.07442063093185425,0.33919665217399597,1.2317720651626587,0.39898568391799927,0.3199290335178375,1.4555774927139282,0.19317615032196045,0.33968785405158997,1.634000301361084,0.15563704073429108,0.38287895917892456,1.7048628330230713,0.17883925139904022,0.4213815927505493,1.4428035020828247,0.6411070823669434,0.3624875545501709,1.7349426746368408,0.3041975796222687,0.38944047689437866,2.1232612133026123,0.23037315905094147,0.36730441451072693,2.2670493125915527,0.2316761463880539,0.4063027501106262,1.2807410955429077,0.7988261580467224,0.4134659469127655,1.039703369140625,0.43437978625297546,0.3320140540599823,0.9270340204238892,0.3670167326927185,0.3227495849132538,0.7430420517921448,0.3850427269935608,0.43460559844970703,0.93569016456604,0.9081770777702332,0.40476125478744507,0.5700494647026062,0.5405095219612122,0.4276759922504425,0.3840149939060211,0.4457704722881317,0.4576900005340576,0.2792666554450989,0.43733617663383484,0.525697648525238,-1.9176239967346191,0.7366899847984314,1.0091880559921265,-0.5892627239227295,-1.4796452522277832,0.3623177111148834,0.31205493211746216,0.48072075843811035,0.628679633140564,0.5233670473098755,0.7696335911750793,1.2971237897872925,0.18187902867794037,0.5881357192993164
5,0.0,0.0,0.0,0.10221964865922928,-0.5288919806480408,0.3481939435005188,0.3232755661010742,-0.33592450618743896,0.42976856231689453,0.3815898597240448,-0.003442387329414487,0.473533570766449,0.33502328395843506,0.23924821615219116,0.4965856969356537,1.2213902473449707,0.4636910557746887,0.31679755449295044,1.4462265968322754,0.2425793707370758,0.36607590317726135,1.6393057107925415,0.20773813128471375,0.4083120822906494,1.721350073814392,0.2307913452386856,0.4328165352344513,1.424811601638794,0.7066311240196228,0.31338998675346375,1.7448983192443848,0.3462998867034912,0.41066139936447144,2.147146463394165,0.27532315254211426,0.3943389058113098,2.2971489429473877,0.2776501178741455,0.4121885299682617,1.255308747291565,0.8655285835266113,0.3195302486419678,1.0073524713516235,0.46343907713890076,0.35761070251464844,0.8966021537780762,0.38891178369522095,0.31233128905296326,0.7005544304847717,0.4040808379650116,0.3683345317840576,0.9123192429542542,0.9706419706344604,0.27713486552238464,0.5520139336585999,0.5698264837265015,0.39880380034446716,0.36296892166137695,0.4626861810684204,0.43760839104652405,0.2365034818649292,0.44530633091926575,0.48904481530189514,-2.9606785774230957,0.7746074795722961,1.082810878753662,-0.6880686283111572,-1.5612996816635132,-2.7600085735321045,0.31205493211746216,0.48072075843811035,0.628679633140564,0.5233670473098755,-0.09436118602752686,1.4454923868179321,0.1831822693347931,0.96734219789505
5,0.0,0.0,0.0,0.06716933101415634,-0.4064006507396698,0.2589123547077179,0.34493523836135864,-0.25783899426460266,0.32856377959251404,0.3838554620742798,0.09309232980012894,0.3748738169670105,0.29858654737472534,0.37374135851860046,0.4012240171432495,1.1764041185379028,0.5483646988868713,0.2045939415693283,1.401039958000183,0.31502845883369446,0.2158140242099762,1.6025454998016357,0.2776201069355011,0.22213561832904816,1.688910722732544,0.3036975860595703,0.21247133612632751,1.374963402748108,0.7984147667884827,0.17353218793869019,1.6935240030288696,0.419682115316391,0.1292273849248886,2.094513416290283,0.34689390659332275,-0.029984932392835617,2.290163516998291,0.3575281798839569,-0.0706181600689888,1.1938374042510986,0.9552127718925476,0.1607166975736618,0.9346170425415039,0.5003042221069336,0.12341184914112091,0.761978805065155,0.42040935158729553,0.1486959606409073,0.625752866268158,0.45331358909606934,0.2941977083683014,0.8502780795097351,1.0567996501922607,0.11284995079040527,0.5037272572517395,0.589658260345459,0.1763584166765213,0.29235538840293884,0.4943636655807495,0.29373693466186523,0.20261859893798828,0.5077846050262451,0.4234910309314728,-3.159093141555786,0.7694354057312012,1.0041993856430054,-0.7031979560852051,-1.5057027339935303,-2.7600085735321045,0.31205493211746216,0.48072075843811035,0.628679633140564,0.5233670473098755,-0.09436118602752686,1.5524837970733643,0.1743500828742981,1.5439671277999878
5,0.0,0.0,0.0,0.1161220595240593,-0.4762294590473175,0.38503795862197876,0.3397291302680969,-0.32442429661750793,0.4557209014892578,0.38712143898010254,-0.007030377630144358,0.494417667388916,0.2957027554512024,0.25471940636634827,0.5045347213745117,1.1976171731948853,0.4782896935939789,0.2796362042427063,1.4148074388504028,0.24828900396823883,0.3465226888656616,1.6032159328460693,0.2095068097114563,0.3895389437675476,1.6834222078323364,0.23057743906974792,0.40546852350234985,1.401199460029602,0.7206977009773254,0.24903760850429535,1.7012431621551514,0.35183796286582947,0.3722582459449768,2.0905559062957764,0.2788153886795044,0.3550558090209961,2.2506039142608643,0.2767648994922638,0.36435893177986145,1.2226370573043823,0.8818367123603821,0.2280978560447693,0.9474092125892639,0.4496400058269501,0.3156958520412445,0.8241404891014099,0.3862796127796173,0.28093627095222473,0.6516971588134766,0.418456107378006,0.33302196860313416,0.8704163432121277,0.9832318425178528,0.17057999968528748,0.5077223777770996,0.5493044853210449,0.35017240047454834,0.3201531767845154,0.4627843499183655,0.42532965540885925,0.20100714266300201,0.47693175077438354,0.488765686750412,-2.9008986949920654,0.8165073394775391,1.0810924768447876,-0.7784144282341003,-1.5933456420898438,-2.7600085735321045,0.31205493211746216,0.48072075843811035,0.628679633140564,0.5233670473098755,-0.09436118602752686,1.4299684762954712,0.17635221779346466,1.1060740947723389
5,0.0,0.0,0.0,0.031776368618011475,-0.6015928387641907,0.19570492208003998,0.16973553597927094,-0.35665667057037354,0.2226167470216751,0.2776718735694885,-0.15979832410812378,0.22586064040660858,0.3816732168197632,-0.044605106115341187,0.23578433692455292,1.0780855417251587,0.36875465512275696,0.2487172931432724,1.2933979034423828,0.163360595703125,0.26417434215545654,1.4580525159835815,0.12255186587572098,0.3030300736427307,1.5318619012832642,0.13901323080062866,0.34308287501335144,1.287009358406067,0.6014270186424255,0.24879319965839386,1.5687185525894165,0.2589065134525299,0.28950443863868713,1.9099996089935303,0.17863883078098297,0.254423052072525,2.031222343444824,0.16693171858787537,0.2779631018638611,1.1424485445022583,0.758228600025177,0.24494080245494843,0.9914815425872803,0.42959707975387573,0.14284375309944153,0.8243700861930847,0.37492993474006653,0.11180665343999863,0.5640701055526733,0.39132678508758545,0.23005667328834534,0.8157212138175964,0.8767103552818298,0.20642268657684326,0.5113560557365417,0.5589718818664551,0.17520886659622192,0.31135648488998413,0.4679698050022125,0.19556619226932526,0.16755078732967377,0.4492802023887634,0.2775585949420929,-1.2663860321044922,0.7252069711685181,1.0500661134719849,-0.22583897411823273,-1.1064000129699707,0.3623177111148834,0.31205493211746216,0.48072075843811035,-1.5906352996826172,0.5233670473098755,-0.09436118602752686,0.9599010944366455,0.21555936336517334,0.68390291929245
5,0.0,0.0,0.0,-0.37999314069747925,-0.886131763458252,1.5119843482971191,-0.6651327013969421,-0.36368873715400696,1.3874183893203735,-0.90095454454422,-0.08375316858291626,1.3556220531463623,-1.0642058849334717,0.11722302436828613,1.2691028118133545,-1.1857538223266602,0.21999116241931915,0.5597985982894897,-1.6271392107009888,0.11746298521757126,0.7873221635818481,-1.83467435836792,0.09478014707565308,0.9214407205581665,-1.898908019065857,0.11189677566289902,0.9789717197418213,-1.426985263824463,0.42427894473075867,0.444653183221817,-1.9919023513793945,0.2140483409166336,0.7956770062446594,-2.3911190032958984,0.1604064255952835,0.9359261989593506,-2.489341974258423,0.1671374887228012,0.9271671772003174,-1.4161771535873413,0.5894286632537842,0.4426393508911133,-1.8936916589736938,0.42820581793785095,0.9323561787605286,-2.0015735626220703,0.4159702658653259,1.105595588684082,-1.742319941520691,0.426906943321228,1.068321943283081,-1.2439059019088745,0.7192723751068115,0.49542033672332764,-1.3983306884765625,0.5411579012870789,0.9789258241653442,-1.1720832586288452,0.5187259316444397,1.2031739950180054,-0.895672082901001,0.5260236263275146,1.258129596710205,-0.8074649572372437,0.29259416460990906,0.5871204733848572,0.48905685544013977,0.8064011335372925,0.3623177111148834,0.31205493211746216,0.48072075843811035,-1.5906352996826172,-1.9107049703598022,-0.9583560228347778,-1.545965313911438,0.054230883717536926,-0.3696158826351166
5,0.0,0.0,0.0,-0.3884789049625397,-0.9067251086235046,1.5452920198440552,-0.6671208739280701,-0.33212196826934814,1.4562245607376099,-0.8857599496841431,-0.03819598630070686,1.4494023323059082,-1.0426617860794067,0.1577819585800171,1.3983373641967773,-1.21318781375885,0.2518422603607178,0.6424611210823059,-1.614262580871582,0.13524630665779114,0.9070491194725037,-1.8035281896591187,0.11396399140357971,1.0650973320007324,-1.870737910270691,0.1326398104429245,1.1393941640853882,-1.5111366510391235,0.46557512879371643,0.5761303305625916,-1.987931728363037,0.2240060269832611,0.9771876931190491,-2.362942934036255,0.16358813643455505,1.1709192991256714,-2.4455065727233887,0.17118805646896362,1.1927963495254517,-1.5112226009368896,0.6307216286659241,0.6418478488922119,-1.8560376167297363,0.4218786656856537,1.1987230777740479,-1.9574042558670044,0.3939894139766693,1.405163049697876,-1.7181928157806396,0.4157988131046295,1.3525232076644897,-1.3188728094100952,0.754122793674469,0.7391825914382935,-1.3685907125473022,0.5349875092506409,1.31940495967865,-1.1591187715530396,0.5028215646743774,1.5451852083206177,-0.9054912328720093,0.5181233286857605,1.5759426355361938,-0.8937546610832214,0.3467671573162079,0.7285258173942566,0.6491681337356567,0.7796868681907654,0.3623177111148834,0.31205493211746216,0.48072075843811035,-1.5906352996826172,-1.9107049703598022,-0.9583560228347778,-1.6210248470306396,0.08288668096065521,-0.6447973251342773
5,0.0,0.0,0.0,-0.3622206151485443,-1.0253773927688599,1.894252896308899,-0.6256229877471924,-0.3811441957950592,1.9118685722351074,-0.8341513276100159,-0.09295500814914703,1.9929782152175903,-0.9930239915847778,0.09543140977621078,2.037554979324341,-1.3103715181350708,0.22974830865859985,1.038650631904602,-1.6737415790557861,0.13163290917873383,1.4434927701950073,-1.8485655784606934,0.11469528824090958,1.7191325426101685,-1.8918194770812988,0.1381395310163498,1.8500330448150635,-1.6412320137023926,0.43981069326400757,1.0899477005004883,-2.069617748260498,0.212211474776268,1.600826621055603,-2.4158263206481934,0.15503078699111938,1.9524579048156738,-2.4460275173187256,0.16856609284877777,2.0566787719726562,-1.6108309030532837,0.609265148639679,1.339321494102478,-1.8520383834838867,0.381731241941452,1.9779077768325806,-1.944806456565857,0.3575349450111389,2.29825496673584,-1.710628867149353,0.38443678617477417,2.241313934326172,-1.371391773223877,0.7364208102226257,1.5756489038467407,-1.3232192993164062,0.49048179388046265,2.1816935539245605,-1.1064763069152832,0.45836132764816284,2.371917247772217,-0.8593743443489075,0.474893718957901,2.3517637252807617,-0.7692704796791077,0.33305609226226807,0.7360994815826416,0.7433880567550659,0.4413071274757385,0.3623177111148834,0.31205493211746216,0.48072075843811035,-1.5906352996826172,-1.9107049703598022,-0.9583560228347778,-1.7366342544555664,0.1395770162343979,-1.139286994934082
5,0.0,0.0,0.0,-0.35809770226478577,-1.0738800764083862,1.7090204954147339,-0.6423925757408142,-0.41493576765060425,1.7679964303970337,-0.8470140695571899,-0.11908089369535446,1.873697280883789,-1.005325198173523,0.06902879476547241,1.9410057067871094,-1.3740935325622559,0.21862947940826416,1.015515685081482,-1.7383480072021484,0.12180805206298828,1.4081979990005493,-1.9079604148864746,0.10729401558637619,1.6685930490493774,-1.9478399753570557,0.131820410490036,1.7996546030044556,-1.7200605869293213,0.4459577798843384,1.1199558973312378,-2.1335251331329346,0.2110978662967682,1.6475191116333008,-2.476732015609741,0.151688814163208,2.003695011138916,-2.507021188735962,0.1614794284105301,2.10907244682312,-1.674254298210144,0.6121219396591187,1.424924612045288,-1.8784619569778442,0.36788520216941833,1.999853253364563,-1.9698222875595093,0.3359782099723816,2.2175395488739014,-1.7257416248321533,0.36664342880249023,2.1110854148864746,-1.426146388053894,0.7288865447044373,1.711981177330017,-1.3491261005401611,0.4721987545490265,2.2357563972473145,-1.1298861503601074,0.4356854557991028,2.357654333114624,-0.8770422339439392,0.4549698233604431,2.302215576171875,-0.7461882829666138,0.3632495105266571,0.786165177822113,0.8908491134643555,0.38541123270988464,0.3623177111148834,0.31205493211746216,0.48072075843811035,-1.5906352996826172,-1.9107049703598022,-0.9583560228347778,-1.641310453414917,0.1672176867723465,-0.8866294622421265
5,0.0,0.0,0.0,-0.36464208364486694,-1.0910179615020752,1.8849635124206543,-0.631555438041687,-0.4102572798728943,1.9136619567871094,-0.832450807094574,-0.13105227053165436,2.0066816806793213,-0.9920653700828552,0.04912235587835312,2.063049554824829,-1.3543795347213745,0.22633862495422363,1.0346169471740723,-1.721540093421936,0.13413254916667938,1.4432111978530884,-1.887239694595337,0.12155456840991974,1.7164888381958008,-1.9298908710479736,0.14853432774543762,1.8478009700775146,-1.6817594766616821,0.4484601616859436,1.1114606857299805,-2.1089417934417725,0.22142855823040009,1.624342679977417,-2.448232889175415,0.16647985577583313,1.9888110160827637,-2.478731632232666,0.18098241090774536,2.0990779399871826,-1.6317883729934692,0.6161959171295166,1.3981362581253052,-1.8482766151428223,0.3738255500793457,2.017451286315918,-1.9297451972961426,0.34049901366233826,2.3096370697021484,-1.6836384534835815,0.3662255108356476,2.233860492706299,-1.3866095542907715,0.7355995178222656,1.6779097318649292,-1.325736165046692,0.47385191917419434,2.2608306407928467,-1.1095260381698608,0.43774592876434326,2.427572011947632,-0.854856014251709,0.4547293484210968,2.3893532752990723,-0.578831672668457,0.32962566614151,0.7418825626373291,0.8435174226760864,0.3066067099571228,0.3623177111148834,0.31205493211746216,0.48072075843811035,-1.5906352996826172,-1.9107049703598022,-0.9583560228347778,-1.4474236965179443,0.21566447615623474,-0.4001345932483673
5,0.0,0.0,0.0,-0.37289130687713623,-1.085076093673706,1.7796416282653809,-0.6357191801071167,-0.4072275161743164,1.8155311346054077,-0.8333097696304321,-0.11953029036521912,1.9136508703231812,-0.9904097318649292,0.06749412417411804,1.9744937419891357,-1.349095344543457,0.2457571178674698,0.9694953560829163,-1.7235783338546753,0.1436370611190796,1.3736963272094727,-1.89275324344635,0.13026787340641022,1.6506136655807495,-1.934956431388855,0.1565110832452774,1.7898765802383423,-1.679000735282898,0.4720398187637329,1.0552167892456055,-2.1032137870788574,0.23017671704292297,1.559391736984253,-2.4462168216705322,0.17127567529678345,1.9161781072616577,-2.4771223068237305,0.18278786540031433,2.03179931640625,-1.629361629486084,0.6391592621803284,1.352868914604187,-1.8368977308273315,0.3795880079269409,1.9478963613510132,-1.9203177690505981,0.3419688045978546,2.218933343887329,-1.677984356880188,0.3673047423362732,2.1496634483337402,-1.3832603693008423,0.7571006417274475,1.652020812034607,-1.3208295106887817,0.4814664125442505,2.219630718231201,-1.1062953472137451,0.4404885172843933,2.387127161026001,-0.853461503982544,0.4571987986564636,2.357081413269043,-0.6832751035690308,0.3546374440193176,0.7890679836273193,0.9462152719497681,0.22536320984363556,0.3623177111148834,0.31205493211746216,0.48072075843811035,-1.5906352996826172,-1.9107049703598022,-0.9583560228347778,-1.0128928422927856,0.16677039861679077,-0.21663066744804382
5,0.0,0.0,0.0,-0.3890382647514343,-1.1040458679199219,0.8766939043998718,-0.3237078785896301,-0.8308679461479187,0.9074982404708862,-0.34734442830085754,-0.7271643877029419,0.9408470988273621,-0.41480058431625366,-0.6720722317695618,0.9665630459785461,0.07122398167848587,-0.3222082555294037,0.44671595096588135,-0.1827833354473114,-0.43989819288253784,0.43769121170043945,-0.47192850708961487,-0.41298630833625793,0.46414974331855774,-0.6237502098083496,-0.3230527937412262,0.5128672122955322,0.17270949482917786,-0.1383472979068756,0.3978163003921509,-0.499155730009079,-0.20128336548805237,0.44306284189224243,-0.8729296922683716,-0.14391399919986725,0.6244941353797913,-0.9091039299964905,-0.04043450206518173,0.7542990446090698,0.11846328526735306,0.021726278588175774,0.33289992809295654,-0.6087022423744202,-0.07552754133939743,0.4568535387516022,-1.1660507917404175,-0.04612505063414574,0.6900845766067505,-1.3467562198638916,0.0324501171708107,0.777273952960968,-0.013891343958675861,0.1627584546804428,0.2354549765586853,-0.5188983082771301,0.054420359432697296,0.4089816212654114,-0.7496445178985596,0.04899369180202484,0.5596796274185181,-0.7759622931480408,0.09532257169485092,0.6484178900718689,0.9026249647140503,0.618749737739563,-0.19430308043956757,-0.3476112186908722,-0.4479248821735382,0.3623177111148834,0.31205493211746216,0.48072075843811035,0.628679633140564,0.5233670473098755,0.7696335911750793,1.0046013593673706,0.47515082359313965,-2.3739113807678223
0,0.0,0.0,0.0,1.0872399806976318,0.9784582853317261,-0.24291768670082092,1.112894058227539,0.9226101040840149,-0.3882047235965729,0.8453565835952759,0.9503533244132996,-0.44252273440361023,0.3676914870738983,0.9438664317131042,-0.4893898665904999,0.9819092154502869,0.4151451587677002,-0.6918807625770569,0.8581392765045166,0.7887248992919922,-0.7088529467582703,0.7340635657310486,0.7988024353981018,-0.7082669734954834,0.6201501488685608,0.729712963104248,-0.7224723100662231,0.40096405148506165,0.34236374497413635,-0.8205840587615967,0.4365783631801605,0.7829833030700684,-0.6727981567382812,0.4702371060848236,0.7383275032043457,-0.532197117805481,0.46973344683647156,0.6369351148605347,-0.5590836405754089,-0.1795606017112732,0.32681480050086975,-0.9516797065734863,0.007491151802241802,0.7533618211746216,-0.550072431564331,0.09502866119146347,0.67424476146698,-0.319610059261322,0.18044103682041168,0.5527375340461731,-0.3033536374568939,-0.5666770339012146,0.3284378945827484,-1.0097541809082031,-0.33557000756263733,0.7003200054168701,-0.6723676323890686,-0.2614758014678955,0.642333984375,-0.5927254557609558,-0.25454843044281006,0.5495380163192749,-0.6344430446624756,-1.3228317499160767,-1.1780784130096436,-1.2026375532150269,-1.235426664352417,-1.2197387218475342,-2.7600085735321045,0.31205493211746216,0.48072075843811035,0.628679633140564,0.5233670473098755,-0.09436118602752686,-0.5363786220550537,0.784574568271637,-1.0844048261642456
0,0.0,0.0,0.0,1.0369752645492554,0.7580460906028748,-0.28579044342041016,1.0733078718185425,0.74282306432724,-0.43209704756736755,0.8191895484924316,0.787869393825531,-0.4775540232658386,0.3568022549152374,0.7792890071868896,-0.5129266977310181,0.9602698683738708,0.2775956094264984,-0.771371066570282,0.8316339254379272,0.6964282989501953,-0.7872784733772278,0.6845954656600952,0.7168541550636292,-0.7641199231147766,0.5572022795677185,0.6395606398582458,-0.753223717212677,0.3808691203594208,0.2268475741147995,-0.8832661509513855,0.42501577734947205,0.6932779550552368,-0.7658260464668274,0.43797945976257324,0.6703923344612122,-0.6094151735305786,0.42414307594299316,0.5724774599075317,-0.6037768125534058,-0.18569281697273254,0.22406092286109924,-0.9858973622322083,0.002372551476582885,0.6585108041763306,-0.6492511034011841,0.0800066813826561,0.6003985404968262,-0.44741368293762207,0.1464674472808838,0.486040323972702,-0.42057040333747864,-0.5691850185394287,0.22324886918067932,-0.9840864539146423,-0.32005056738853455,0.5904116630554199,-0.7036755084991455,-0.26257839798927307,0.5476702451705933,-0.6629748940467834,-0.2655254602432251,0.45894086360931396,-0.7227221727371216,-1.4997830390930176,-1.2993683815002441,-1.27338445186615,-1.3094333410263062,-1.3609567880630493,-2.7600085735321045,0.31205493211746216,0.48072075843811035,0.628679633140564,0.5233670473098755,-0.09436118602752686,-0.5228484272956848,0.913714587688446,-1.1211962699890137
0,0.0,0.0,0.0,1.0860412120819092,0.7005780339241028,-0.3194000720977783,1.1206798553466797,0.6787950992584229,-0.4857341945171356,0.84152752161026,0.7297075390815735,-0.5434814691543579,0.353901743888855,0.7332695126533508,-0.5917332172393799,1.0407015085220337,0.23466935753822327,-0.8352248072624207,0.9205014109611511,0.676542341709137,-0.8333733677864075,0.7501127123832703,0.7021413445472717,-0.7929062247276306,0.5884453654289246,0.6170452833175659,-0.7724562883377075,0.46299469470977783,0.1717585176229477,-0.9484235644340515,0.5138334035873413,0.6495646238327026,-0.8159094452857971,0.5182846188545227,0.6325044631958008,-0.6470472812652588,0.4818994104862213,0.5294862985610962,-0.6351931691169739,-0.11152922362089157,0.1651287078857422,-1.0472309589385986,0.08440008759498596,0.6116712689399719,-0.6815170049667358,0.1782105416059494,0.5674583911895752,-0.49693039059638977,0.22542892396450043,0.4571780264377594,-0.48942387104034424,-0.5043212175369263,0.16048242151737213,-1.0254172086715698,-0.25181886553764343,0.5495877265930176,-0.7104657292366028,-0.1994386613368988,0.5202646255493164,-0.6790850162506104,-0.21719957888126373,0.43486160039901733,-0.7572045922279358,-1.7282713651657104,-1.292642593383789,-1.2748167514801025,-1.34092378616333,-1.4476444721221924,-2.7600085735321045,0.31205493211746216,0.48072075843811035,0.628679633140564,0.5233670473098755,-0.09436118602752686,-0.5682775974273682,0.925876796245575,-1.127886414527893
0,0.0,0.0,0.0,1.0357470512390137,0.713184118270874,-0.3860916495323181,1.0957618951797485,0.6830896139144897,-0.5073305368423462,0.8454340100288391,0.7243214249610901,-0.5406789779663086,0.36885589361190796,0.7258822917938232,-0.5595740675926208,0.9888214468955994,0.2276621311903,-0.7928043603897095,0.8399001955986023,0.6765367388725281,-0.8393690586090088,0.6876583695411682,0.7339401245117188,-0.8326151371002197,0.5630121827125549,0.6703211069107056,-0.8221972584724426,0.4046499729156494,0.16141027212142944,-0.8973057270050049,0.42855873703956604,0.6724516749382019,-0.8065589666366577,0.4409683048725128,0.6755494475364685,-0.6797029972076416,0.4232921004295349,0.5799111127853394,-0.683201789855957,-0.16675259172916412,0.1481383889913559,-0.9976372122764587,0.010106921195983887,0.6412715911865234,-0.7044901251792908,0.09446635842323303,0.6050100922584534,-0.5365701913833618,0.1774376481771469,0.4901428520679474,-0.5132740139961243,-0.5575914978981018,0.14532452821731567,-0.9945115447044373,-0.31186577677726746,0.5626587867736816,-0.7053315043449402,-0.2663491666316986,0.5393887162208557,-0.641155481338501,-0.26717063784599304,0.45717623829841614,-0.679450273513794,-1.571237325668335,-1.333106517791748,-1.3155590295791626,-1.3685417175292969,-1.46831214427948,-2.7600085735321045,0.31205493211746216,0.48072075843811035,0.628679633140564,0.5233670473098755,-0.09436118602752686,-0.5514513850212097,0.8622838854789734,-1.18015718460083
5,0.0,0.0,0.0,-0.02457212284207344,2.6444432735443115,-3.397792339324951,-0.6545525789260864,2.113657236099243,-3.0523886680603027,-1.263248324394226,1.752205491065979,-2.7205538749694824,-1.8332104682922363,1.5080699920654297,-2.536534547805786,-2.1294970512390137,1.0815708637237549,-2.5955705642700195,-3.0323054790496826,0.6819564700126648,-2.6813247203826904,-3.6375179290771484,0.6130528450012207,-2.747997522354126,-3.922248363494873,0.5951570868492126,-2.7551066875457764,-2.85170578956604,0.7455294132232666,-2.076059103012085,-3.543062686920166,0.7376091480255127,-2.277625322341919,-3.683382749557495,0.8449614644050598,-2.3928451538085938,-3.482720136642456,0.8828790783882141,-2.295252799987793,-2.997026205062866,0.5971421003341675,-1.247642159461975,-3.626788854598999,0.7894110679626465,-1.6434532403945923,-3.811387300491333,0.9621805548667908,-1.5218864679336548,-3.353525161743164,1.0376266241073608,-1.1422843933105469,-2.805370330810547,0.5086674690246582,-0.04443337023258209,-3.013402223587036,0.7383754253387451,-0.7583299875259399,-2.6306991577148438,0.871005654335022,-0.7762433290481567,-2.103881597518921,0.9419627785682678,-0.6030676364898682,0.08482199162244797,0.7315306067466736,0.47479718923568726,0.14794912934303284,0.0260726660490036,0.3623177111148834,0.31205493211746216,0.48072075843811035,0.628679633140564,0.5233670473098755,0.7696335911750793,0.7021841406822205,-0.23387682437896729,-1.038815975189209
5,0.0,0.0,0.0,-0.553330659866333,1.0663155317306519,-1.664398431777954,-0.13668838143348694,1.1989996433258057,-1.2899836301803589,0.2532805800437927,1.1622262001037598,-0.9618923664093018,0.5986911654472351,1.0568729639053345,-0.7090361714363098,0.4132753014564514,0.7367138862609863,-1.0971980094909668,0.7190926671028137,0.4990743100643158,-1.123377799987793,0.9335352182388306,0.48421791195869446,-1.1431282758712769,1.1388273239135742,0.4789466857910156,-1.1396950483322144,1.0998077392578125,0.7881835699081421,-0.7351799607276917,1.3535152673721313,0.49871009588241577,-0.7949922680854797,1.6121180057525635,0.39719700813293457,-0.8073412775993347,1.7762748003005981,0.292398601770401,-0.7285462617874146,1.378039836883545,0.8502322435379028,-0.1754564791917801,1.3714007139205933,0.8059138655662537,-0.5074422359466553,0.9942125082015991,0.8360932469367981,-0.31070756912231445,0.6568316221237183,0.8320271968841553,0.033605244010686874,1.3343781232833862,0.8876488208770752,0.5533074140548706,1.0542701482772827,0.9392551183700562,0.17657244205474854,0.6590949892997742,0.9035540819168091,0.2812023460865021,0.4147675633430481,0.8767896890640259,0.43667227029800415,-0.20663142204284668,0.4723430573940277,0.8510358929634094,-0.07810831815004349,-0.3883991837501526,0.3623177111148834,0.31205493211746216,0.48072075843811035,-1.5906352996826172,0.5233670473098755,-0.09436118602752686,2.4463443756103516,-0.8300585150718689,-0.055169522762298584
5,0.0,0.0,0.0,-0.5722180604934692,0.8773687481880188,-1.6770576238632202,-0.11477473378181458,1.0959776639938354,-1.3335201740264893,0.28751304745674133,1.0979268550872803,-1.0189497470855713,0.6309279203414917,1.0121015310287476,-0.784305214881897,0.44529882073402405,0.7137045860290527,-1.2226706743240356,0.7826799154281616,0.485831618309021,-1.2166426181793213,0.9938402771949768,0.4500756561756134,-1.2249501943588257,1.1993694305419922,0.4333568215370178,-1.2317262887954712,1.0951571464538574,0.7797144651412964,-0.8775840997695923,1.3420624732971191,0.442562073469162,-0.9326317310333252,1.635627269744873,0.34305134415626526,-1.0034624338150024,1.8375885486602783,0.2660346031188965,-0.9977045655250549,1.3473466634750366,0.8510639667510986,-0.3120693862438202,1.4244236946105957,0.7754120826721191,-0.6644052863121033,1.1310276985168457,0.8103867769241333,-0.5598412752151489,0.8037449717521667,0.826411783695221,-0.2974027395248413,1.2933826446533203,0.8966549038887024,0.4689907729625702,1.0672731399536133,0.9048463106155396,-0.025433387607336044,0.6977401375770569,0.8795841932296753,-0.024778511375188828,0.45957738161087036,0.8821420073509216,0.06457787752151489,-0.10129716992378235,0.4144211709499359,1.1122922897338867,0.0676468163728714,-0.2713310718536377,0.3623177111148834,0.31205493211746216,0.48072075843811035,-1.5906352996826172,0.5233670473098755,-0.09436118602752686,2.5321402549743652,-1.2629660367965698,1.1392171382904053
5,0.0,0.0,0.0,-0.5304198265075684,1.0455145835876465,-1.8222836256027222,-0.10069822520017624,1.1897883415222168,-1.5186467170715332,0.2937680184841156,1.1501232385635376,-1.2156280279159546,0.6351088285446167,1.0205508470535278,-0.9932524561882019,0.4807174503803253,0.6122153997421265,-1.4562015533447266,0.7713006138801575,0.428111732006073,-1.583584189414978,1.0792750120162964,0.43863996863365173,-1.671877145767212,1.2857633829116821,0.46034038066864014,-1.6973042488098145,1.1332696676254272,0.6735977530479431,-1.1754982471466064,1.4328835010528564,0.6936821341514587,-1.3726261854171753,1.251485824584961,0.7119711637496948,-1.3736255168914795,1.019621729850769,0.6698872447013855,-1.1746456623077393,1.395704746246338,0.753754198551178,-0.7149794697761536,1.3540208339691162,0.8613211512565613,-0.9985392093658447,1.018727421760559,0.8664174675941467,-0.6776724457740784,0.7275215983390808,0.8128635883331299,-0.2111499011516571,1.3108975887298584,0.8148099780082703,-0.03116573579609394,1.0879685878753662,0.9269083142280579,-0.23001860082149506,0.7193377614021301,0.8957154750823975,0.05770966038107872,0.48141005635261536,0.8328743577003479,0.3386842608451843,-0.18368041515350342,0.42767536640167236,-0.06907210499048233,-0.2664315104484558,-0.3637329638004303,0.3623177111148834,0.31205493211746216,0.48072075843811035,0.628679633140564,0.5233670473098755,0.7696335911750793,2.6463184356689453,-1.2803815603256226,2.0228188037872314
3,0.0,0.0,0.0,-0.2652808725833893,0.4197659492492676,-1.9950950145721436,-0.11513076722621918,0.30873700976371765,-2.1644134521484375,0.05784900486469269,0.27623918652534485,-2.2728002071380615,0.15467220544815063,0.30932971835136414,-2.3127753734588623,0.9701776504516602,0.16098624467849731,-1.8364982604980469,0.9626526236534119,0.6049926280975342,-1.950232744216919,0.595552921295166,0.7759575247764587,-1.7795051336288452,0.33708423376083374,0.8223928809165955,-1.5277329683303833,1.6083250045776367,0.2359672337770462,-1.762509822845459,1.4996237754821777,0.6360378265380859,-2.062587261199951,0.9611933827400208,0.7774055600166321,-2.126469850540161,0.5653658509254456,0.8103657364845276,-1.8816602230072021,1.8350932598114014,0.30567997694015503,-1.5854629278182983,1.9519269466400146,0.5886990427970886,-1.9172104597091675,1.733841061592102,0.7306303381919861,-2.01640248298645,1.3162367343902588,0.7819219827651978,-1.6549052000045776,1.8132317066192627,0.3708605468273163,-1.0881659984588623,2.119218111038208,0.374635249376297,-1.070656180381775,2.4217984676361084,0.4829770624637604,-1.007677674293518,2.5119998455047607,0.5895375609397888,-0.8637786507606506,-0.13751770555973053,-1.0265605449676514,-0.7488958835601807,-0.4718400835990906,0.5181600451469421,0.3623177111148834,0.31205493211746216,0.48072075843811035,0.628679633140564,0.5233670473098755,0.7696335911750793,2.7296812534332275,1.6105015277862549,-0.2217860072851181
3,0.0,0.0,0.0,-0.24242500960826874,0.3931829333305359,-1.79486882686615,-0.07644402235746384,0.3043479323387146,-1.9403564929962158,0.09191838651895523,0.2657011151313782,-2.0378451347351074,0.15933111310005188,0.2626517713069916,-2.0739660263061523,1.006252646446228,0.11629687249660492,-1.6146326065063477,0.9727210998535156,0.5753747224807739,-1.7479135990142822,0.6142520904541016,0.7516279816627502,-1.6363064050674438,0.3592545986175537,0.8139495849609375,-1.4267690181732178,1.6404688358306885,0.2067040652036667,-1.5470256805419922,1.5005697011947632,0.619051992893219,-1.8398394584655762,1.0016345977783203,0.7618604302406311,-1.9455476999282837,0.5982140898704529,0.8141562938690186,-1.754712462425232,1.8584083318710327,0.28438374400138855,-1.397853136062622,1.946590542793274,0.5782166719436646,-1.7134798765182495,1.7825807332992554,0.7141226530075073,-1.8797221183776855,1.3854682445526123,0.7742555737495422,-1.5929419994354248,1.8315244913101196,0.35686662793159485,-0.9696065187454224,2.135026693344116,0.3638535439968109,-0.9138770699501038,2.4408373832702637,0.4621180593967438,-0.8756648302078247,2.5280399322509766,0.5669485926628113,-0.7665860056877136,-0.05606117099523544,-1.1011067628860474,-0.8064754009246826,-0.5262168049812317,0.5038723349571228,0.3623177111148834,0.31205493211746216,0.48072075843811035,0.628679633140564,0.5233670473098755,0.7696335911750793,2.719089984893799,1.4404973983764648,-0.3074052631855011
3,0.0,0.0,0.0,0.2076236605644226,-0.5148011445999146,-0.4387614130973816,0.3443605601787567,-0.24465598165988922,-0.45135900378227234,0.4674764573574066,-0.0818018838763237,-0.4085037112236023,0.6244341731071472,-0.05090341344475746,-0.3040359616279602,1.3651901483535767,0.8698885440826416,-0.5602350831031799,0.5564431548118591,0.7559109330177307,-0.37638962268829346,0.19809846580028534,0.5929793119430542,-0.1205371841788292,0.13577432930469513,0.5344362854957581,0.007860169745981693,1.5153483152389526,1.155599594116211,-0.4919893443584442,0.48457667231559753,0.8486735224723816,-0.37960219383239746,0.13078702986240387,0.6236186623573303,-0.23541660606861115,0.1371629387140274,0.5772831439971924,-0.1861419379711151,1.25346839427948,1.308760643005371,-0.30842041969299316,0.4381532669067383,0.9586340188980103,-0.48015522956848145,0.15421903133392334,0.7173243165016174,-0.5225534439086914,0.09014329314231873,0.6306229829788208,-0.5088496804237366,0.8387197256088257,1.3682677745819092,0.04317127913236618,0.6370900869369507,1.213514804840088,-0.46712222695350647,0.5610695481300354,1.3190850019454956,-0.7344611883163452,0.5045735836029053,1.520627737045288,-0.8115386962890625,-0.6949328184127808,-1.4040876626968384,-1.0422334671020508,-0.6627854704856873,0.3627001941204071,0.3623177111148834,0.31205493211746216,0.48072075843811035,-1.5906352996826172,0.5233670473098755,-0.09436118602752686,0.0026249380316585302,-0.5556122660636902,-0.21828940510749817
3,0.0,0.0,0.0,0.5467163324356079,-0.6030579209327698,-0.2691366374492645,0.807285487651825,-0.2187870889902115,-0.07347750663757324,0.890241265296936,-0.04411183297634125,0.12424860149621964,1.039413571357727,0.025975052267313004,0.29046741127967834,1.3211565017700195,1.1003495454788208,-0.366299569606781,0.4592876136302948,0.5688976049423218,-0.15972578525543213,0.282601922750473,0.39493805170059204,-0.004981827922165394,0.3204461336135864,0.37228235602378845,0.059609249234199524,1.1094661951065063,1.3904118537902832,-0.3082905113697052,0.08818882703781128,0.6387854814529419,-0.015463597141206264,0.049738772213459015,0.41779306530952454,0.09029556810855865,0.1814524531364441,0.3801842927932739,0.0606168732047081,0.6551533341407776,1.4771273136138916,-0.14217878878116608,-0.14901329576969147,0.7397818565368652,-0.1977268010377884,-0.18739542365074158,0.5222010612487793,-0.3345206081867218,-0.10998039692640305,0.46675869822502136,-0.46747148036956787,0.19843880832195282,1.427201509475708,0.12835107743740082,-0.2623273730278015,1.040086030960083,-0.5146644711494446,-0.4275890290737152,1.070657730102539,-0.8382113575935364,-0.5476472973823547,1.206428050994873,-0.9302703738212585,-0.09714683890342712,-1.6325366497039795,-1.5489387512207031,-1.2862151861190796,-0.2912190854549408,0.3623177111148834,0.31205493211746216,0.48072075843811035,0.628679633140564,0.5233670473098755,0.7696335911750793,-0.023866668343544006,-0.7356076240539551,-0.5833754539489746
3,0.0,0.0,0.0,0.4803537130355835,-0.4649621248245239,-0.2916589379310608,0.7680527567863464,-0.11671881377696991,-0.1620129644870758,0.8426596522331238,0.025900952517986298,-0.03853718936443329,1.0030940771102905,0.07642307132482529,0.07570840418338776,1.2107032537460327,1.1442536115646362,-0.32451286911964417,0.44249337911605835,0.5789816379547119,-0.22164644300937653,0.26277539134025574,0.40257561206817627,-0.13752365112304688,0.27776163816452026,0.3929823040962219,-0.10933589935302734,0.9389988780021667,1.4131357669830322,-0.27486616373062134,0.0584271177649498,0.6355828046798706,-0.07631771266460419,0.01906704157590866,0.42477262020111084,0.012673566117882729,0.12531211972236633,0.42327800393104553,-0.002855798462405801,0.4317070543766022,1.4782596826553345,-0.15146662294864655,-0.2387051284313202,0.7415871620178223,-0.25480011105537415,-0.30206725001335144,0.5318301916122437,-0.3236776888370514,-0.24252280592918396,0.49847450852394104,-0.3824416697025299,-0.011468462646007538,1.415202260017395,0.05740850791335106,-0.4213675558567047,1.0230931043624878,-0.5054665207862854,-0.5898872017860413,1.029798150062561,-0.7675185799598694,-0.6946811079978943,1.1535685062408447,-0.8281601667404175,0.07820377498865128,-1.5066519975662231,-1.479950189590454,-1.1751391887664795,-0.15159541368484497,0.3623177111148834,0.31205493211746216,0.48072075843811035,0.628679633140564,0.5233670473098755,0.7696335911750793,0.08067666739225388,-0.7084705233573914,-0.8101253509521484
3,0.0,0.0,0.0,0.5484514832496643,-0.550369918346405,-0.09088459610939026,0.7646171450614929,-0.17197534441947937,0.02930024266242981,0.8537350296974182,-0.0273097213357687,0.17423254251480103,0.9990092515945435,0.031425394117832184,0.28257322311401367,1.1729278564453125,1.0321898460388184,-0.31018808484077454,0.5120491981506348,0.5113748908042908,-0.04298241063952446,0.3680325448513031,0.3815292418003082,0.21152788400650024,0.3601257801055908,0.3810064494609833,0.33810895681381226,0.9060341715812683,1.2954272031784058,-0.2968350648880005,0.1650373637676239,0.5793131589889526,0.06222447752952576,0.12921541929244995,0.4254548251628876,0.2723546028137207,0.206428661942482,0.42400166392326355,0.31061309576034546,0.4525807499885559,1.3824830055236816,-0.19054701924324036,-0.11841923743486404,0.6670414209365845,-0.16186749935150146,-0.12840494513511658,0.5345419049263,-0.27048125863075256,-0.05296262353658676,0.5424363017082214,-0.42079928517341614,0.022818798199295998,1.341127872467041,0.03550712391734123,-0.4051916003227234,0.9411820769309998,-0.49805349111557007,-0.5536394119262695,0.9570813179016113,-0.7900082468986511,-0.6312766075134277,1.0768002271652222,-0.9065573215484619,0.07954087108373642,-1.431828260421753,-1.4693723917007446,-1.2500619888305664,-0.3104636073112488,0.3623177111148834,0.31205493211746216,0.48072075843811035,0.628679633140564,0.5233670473098755,0.7696335911750793,-0.011680296622216702,-0.76854407787323,-0.5177249908447266
3,0.0,0.0,0.0,0.42403626441955566,-0.462369829416275,-0.2281893491744995,0.6729097962379456,-0.1515786349773407,-0.07203162461519241,0.7599493265151978,-0.007014200557023287,0.10191679745912552,0.9157147407531738,0.06374110281467438,0.25488507747650146,1.1042792797088623,1.0444122552871704,-0.34856322407722473,0.4030764400959015,0.5465021133422852,-0.052211277186870575,0.3134801983833313,0.4171930253505707,0.20939283072948456,0.3658502399921417,0.4253382086753845,0.32167482376098633,0.881160318851471,1.335297703742981,-0.2740720808506012,0.04149584472179413,0.62098628282547,0.0865156427025795,0.08949247747659683,0.4666595458984375,0.307526558637619,0.247889444231987,0.4820931851863861,0.35009315609931946,0.4401332437992096,1.4296624660491943,-0.08251698315143585,-0.20831121504306793,0.7244159579277039,-0.04834019020199776,-0.1573479175567627,0.5873631834983826,-0.08799540996551514,-0.010067361406981945,0.60474693775177,-0.19387878477573395,0.033122383058071136,1.388292908668518,0.21860648691654205,-0.40256649255752563,0.9831503629684448,-0.3662315607070923,-0.5190391540527344,0.9947710633277893,-0.6889136433601379,-0.582767903804779,1.1177748441696167,-0.8116170763969421,-0.11041803658008575,-1.5378258228302002,-1.5025324821472168,-1.2200828790664673,-0.3153389096260071,0.3623177111148834,0.31205493211746216,0.48072075843811035,0.628679633140564,0.5233670473098755,0.7696335911750793,-0.0888824611902237,-0.8522377610206604,-0.5901694893836975
3,0.0,0.0,0.0,0.41703012585639954,-0.5441279411315918,-0.2680220305919647,0.6642292737960815,-0.19131705164909363,-0.11709180474281311,0.7448215484619141,-0.033824969083070755,0.04643578454852104,0.9078524708747864,0.02722005732357502,0.19170387089252472,1.1333367824554443,1.0565091371536255,-0.303244411945343,0.37801143527030945,0.5596650838851929,-0.05124140530824661,0.2786250710487366,0.4264390468597412,0.15614621341228485,0.34256312251091003,0.43303728103637695,0.23804794251918793,0.9080184102058411,1.340572476387024,-0.2181469053030014,0.015126064419746399,0.6350439190864563,0.0953260287642479,0.042398013174533844,0.47183582186698914,0.25376057624816895,0.19381491839885712,0.48694777488708496,0.25648486614227295,0.46726641058921814,1.4335854053497314,-0.022172503173351288,-0.24097029864788055,0.737494170665741,-0.028660085052251816,-0.23942579329013824,0.5819803476333618,-0.1010117381811142,-0.11473048478364944,0.5878334045410156,-0.22012701630592346,0.06108371168375015,1.4014686346054077,0.2632518410682678,-0.3951328992843628,1.0039052963256836,-0.2933219373226166,-0.5368133187294006,1.013883113861084,-0.5995216369628906,-0.6107454299926758,1.137553095817566,-0.7167357206344604,-0.12152352929115295,-1.5870201587677002,-1.5016371011734009,-1.1992896795272827,-0.3127211332321167,0.3623177111148834,0.31205493211746216,0.48072075843811035,0.628679633140564,0.5233670473098755,0.7696335911750793,-0.06978817284107208,-0.8568955063819885,-0.5812503099441528
3,0.0,0.0,0.0,0.3072951138019562,-0.6863148808479309,-0.23943673074245453,0.5691592693328857,-0.3542757034301758,-0.12347815930843353,0.6663497090339661,-0.17946992814540863,-0.0007098473724909127,0.8312093615531921,-0.12031319737434387,0.13590854406356812,1.1529256105422974,0.8723040223121643,-0.3029811382293701,0.41098374128341675,0.5317584872245789,-0.10686498880386353,0.23160408437252045,0.38235628604888916,0.11940185725688934,0.26828235387802124,0.36454352736473083,0.23235292732715607,1.034944772720337,1.1576652526855469,-0.22031110525131226,0.09666601568460464,0.6160060167312622,-0.01200604997575283,0.0053674280643463135,0.4104875326156616,0.1632881462574005,0.12617674469947815,0.39471012353897095,0.22120748460292816,0.6318762302398682,1.2664263248443604,-0.03561348095536232,-0.12482646852731705,0.7270539999008179,-0.1634553074836731,-0.23107858002185822,0.5191351175308228,-0.19276666641235352,-0.14170607924461365,0.4803565740585327,-0.20627741515636444,0.21695859730243683,1.2703067064285278,0.2535738945007324,-0.13629817962646484,0.986431360244751,-0.30614301562309265,-0.25120842456817627,1.0297584533691406,-0.580053448677063,-0.3146118223667145,1.1881095170974731,-0.6487471461296082,-0.15450361371040344,-1.5298256874084473,-1.393666386604309,-0.9998016357421875,0.007230508606880903,0.3623177111148834,0.31205493211746216,0.48072075843811035,0.628679633140564,0.5233670473098755,0.7696335911750793,-0.13966621458530426,-0.7757799029350281,-0.8540071845054626
3,0.0,0.0,0.0,0.037405889481306076,-0.584189772605896,-0.5248379111289978,0.20327305793762207,-0.37065330147743225,-0.5088568329811096,0.3428196310997009,-0.27060192823410034,-0.4332260489463806,0.46134722232818604,-0.2957662045955658,-0.3101795017719269,1.272261142730713,0.5171737670898438,-0.5577455759048462,0.596662163734436,0.6132580637931824,-0.2995682954788208,0.25232595205307007,0.5186030864715576,0.014853846281766891,0.1747487336397171,0.4627746045589447,0.18078795075416565,1.5320717096328735,0.7677053809165955,-0.4198286235332489,0.6694623827934265,0.6974825263023376,-0.2417464703321457,0.28241512179374695,0.5536704659461975,-0.021267080679535866,0.2518468499183655,0.5043759942054749,0.08059561997652054,1.37348473072052,0.9313097596168518,-0.1271355152130127,0.7696436643600464,0.7928728461265564,-0.17113864421844482,0.5081363320350647,0.641434371471405,-0.11095748841762543,0.43301576375961304,0.5782920718193054,-0.08495555073022842,1.0283864736557007,1.0242236852645874,0.33398139476776123,0.9695179462432861,0.9489679932594299,0.0504445880651474,1.0177818536758423,1.0524837970733643,-0.10200603306293488,1.0610630512237549,1.22014582157135,-0.17951175570487976,-0.07450080662965775,-1.603198528289795,-1.1841163635253906,-0.7587027549743652,0.24353238940238953,0.3623177111148834,0.31205493211746216,0.48072075843811035,-1.5906352996826172,0.5233670473098755,-0.09436118602752686,-0.3230384290218353,-0.5337556004524231,-0.03918730840086937
3,0.0,0.0,0.0,3.1151421070098877,3.001966953277588,-3.7001404762268066,3.7469217777252197,0.653187096118927,-4.446752548217773,4.354434490203857,-0.07184752821922302,-5.224194526672363,5.008331775665283,-0.380281537771225,-5.490861415863037,7.072266101837158,-2.0860774517059326,-3.5931472778320312,6.977794647216797,0.43951207399368286,-5.8592209815979,5.188982009887695,1.0494282245635986,-6.764008522033691,3.952484369277954,1.0388075113296509,-6.7753586769104,7.964990139007568,-2.4298267364501953,-4.684197902679443,7.767944812774658,0.6796503067016602,-7.690387725830078,5.619957447052002,1.0365763902664185,-8.663223266601562,4.144608020782471,0.7456339597702026,-8.125603675842285,7.4257683753967285,-2.2890536785125732,-6.664480686187744,7.932458400726318,0.6823325157165527,-9.465097427368164,7.415161609649658,0.9679737091064453,-9.490962028503418,6.328400611877441,0.6509952545166016,-7.565810203552246,6.221457481384277,-1.7824143171310425,-8.358305931091309,7.938024997711182,-0.019693132489919662,-9.062535285949707,9.295563697814941,0.5355977416038513,-8.202648162841797,9.860690116882324,0.7709516882896423,-6.894054412841797,1.0754773616790771,-0.9087752103805542,-0.89174485206604,-0.8658835291862488,-0.32421013712882996,0.3623177111148834,0.31205493211746216,0.48072075843811035,0.628679633140564,0.5233670473098755,0.7696335911750793,-0.5913880467414856,-0.4139663577079773,0.47528961300849915
3,0.0,0.0,0.0,-1.3078652620315552,1.7325788736343384,-0.07356731593608856,-1.2734471559524536,2.0107712745666504,-0.4935072362422943,-1.4660061597824097,1.9905920028686523,-0.5846726894378662,-1.857688069343567,1.8222482204437256,-0.625251829624176,-0.418388307094574,2.2385783195495605,-2.00700306892395,-0.3351764380931854,2.0868353843688965,-1.5544332265853882,-0.6027362942695618,1.7946149110794067,-0.7979187965393066,-0.6294372081756592,1.5806382894515991,-0.24060744047164917,0.27291691303253174,2.1739323139190674,-2.227919101715088,0.11629261821508408,1.9476134777069092,-1.5558497905731201,-0.1751272976398468,1.6842378377914429,-0.6176619529724121,-0.21936339139938354,1.559838056564331,0.0504801906645298,0.7393993139266968,2.002854347229004,-2.2545583248138428,0.6678362488746643,1.9048045873641968,-1.2752374410629272,0.5072190165519714,1.6957387924194336,-0.6833221912384033,0.4596165418624878,1.5653066635131836,-0.45043158531188965,0.8862658739089966,1.8034566640853882,-1.7468373775482178,1.1487394571304321,1.7030055522918701,-1.565018653869629,1.2278623580932617,1.7135223150253296,-1.8500059843063354,1.2607688903808594,1.7941334247589111,-2.0401854515075684,0.9332425594329834,0.6364148855209351,0.632109522819519,0.6292113065719604,0.9661291837692261,0.3623177111148834,0.31205493211746216,0.48072075843811035,0.628679633140564,0.5233670473098755,0.7696335911750793,0.4014614522457123,-0.4557490050792694,2.092358350753784
3,0.0,0.0,0.0,-1.3147192001342773,1.640912413597107,0.09661079943180084,-1.3052343130111694,1.9735596179962158,-0.1524866670370102,-1.470106601715088,1.9448928833007812,-0.13456284999847412,-1.8023865222930908,1.7750617265701294,-0.09001965075731277,-0.47635984420776367,2.2527198791503906,-1.5585112571716309,-0.39837199449539185,2.0520074367523193,-1.0290716886520386,-0.6309171915054321,1.7759788036346436,-0.26816049218177795,-0.6276115775108337,1.5900793075561523,0.2783593237400055,0.19085800647735596,2.1851699352264404,-1.642903447151184,0.0033980573061853647,1.9227914810180664,-0.8581766486167908,-0.2564133107662201,1.669893503189087,0.11156538128852844,-0.26507478952407837,1.5562715530395508,0.7552723288536072,0.6475195288658142,2.005164861679077,-1.4847952127456665,0.5082556009292603,1.858804702758789,-0.4742986857891083,0.32764899730682373,1.6548904180526733,0.1834924817085266,0.31515631079673767,1.5310031175613403,0.4028952419757843,0.8144991397857666,1.791765809059143,-0.8730461597442627,0.9522140026092529,1.7036092281341553,-0.6371487379074097,0.9741218090057373,1.7067036628723145,-0.8345906734466553,1.000654697418213,1.7741931676864624,-0.9962955117225647,0.98179692029953,0.6798049807548523,0.6653826832771301,0.662466824054718,0.9317998290061951,0.3623177111148834,0.31205493211746216,0.48072075843811035,0.628679633140564,0.5233670473098755,0.7696335911750793,0.4290405213832855,-0.45384037494659424,2.053457498550415
3,0.0,0.0,0.0,-1.2772284746170044,1.5428578853607178,0.5894798040390015,-1.214038372039795,1.751846432685852,0.4368331730365753,-1.3799151182174683,1.7425909042358398,0.4971497356891632,-1.6582838296890259,1.6255769729614258,0.5681026577949524,-0.6491332650184631,2.3848776817321777,-0.5116915702819824,-0.5976206064224243,1.9393929243087769,0.0514855794608593,-0.7152873873710632,1.5917778015136719,0.5761741995811462,-0.6426840424537659,1.4252506494522095,0.8646274209022522,-0.1040276437997818,2.3054747581481934,-0.503503680229187,-0.2447536438703537,1.813889503479004,0.3068809509277344,-0.3956681191921234,1.5349756479263306,0.9496583938598633,-0.3547994792461395,1.4477739334106445,1.1508055925369263,0.3901836574077606,2.1096408367156982,-0.279384583234787,0.2435227334499359,1.7791765928268433,0.6418339014053345,0.13431499898433685,1.5719280242919922,0.9446696043014526,0.146413192152977,1.4732513427734375,0.6905897259712219,0.6613852977752686,1.8399410247802734,0.20855726301670074,0.8567416071891785,1.644976019859314,0.5079014301300049,1.0171351432800293,1.726976990699768,0.21425671875476837,1.1065826416015625,1.9171350002288818,-0.196132093667984,0.9743354916572571,0.8799977898597717,0.8247775435447693,0.8234241008758545,1.1345641613006592,0.3623177111148834,-3.204564094543457,0.48072075843811035,0.628679633140564,0.5233670473098755,-0.09436118602752686,0.4311050772666931,-0.39058607816696167,1.4993163347244263
0,0.0,0.0,0.0,-0.7671138644218445,-0.16587898135185242,-0.6283800601959229,-0.844925045967102,-0.32847586274147034,-0.5808579325675964,-0.7266075015068054,-0.4749670624732971,-0.5401208996772766,-0.4323360025882721,-0.3924393951892853,-0.3973712921142578,-0.5794661045074463,-0.38403502106666565,-0.04051237553358078,-0.4712975323200226,-0.28982779383659363,-0.06915973871946335,-0.4830961525440216,-0.014763628132641315,0.19477277994155884,-0.4139353036880493,0.06591347604990005,0.38523778319358826,-0.11582580953836441,-0.3746732175350189,0.191604346036911,-0.1197577640414238,-0.2515239119529724,0.005803659092634916,-0.24432553350925446,0.04102136194705963,0.36355262994766235,-0.18460460007190704,0.06173605099320412,0.7266712784767151,0.34446433186531067,-0.3829929828643799,0.44311678409576416,0.2861438989639282,-0.22337386012077332,0.056415025144815445,0.12418349832296371,0.030978228896856308,0.451019823551178,0.12322932481765747,0.03690413385629654,0.7976647019386292,0.6862144470214844,-0.3981417715549469,0.6827951073646545,0.5466606020927429,-0.22333432734012604,0.5530756115913391,0.368974506855011,-0.0006254518521018326,0.744520366191864,0.3033917546272278,0.03094356693327427,0.8709859251976013,-0.14829914271831512,0.057774510234594345,-0.3584701120853424,-0.6902777552604675,-1.1030138731002808,0.3623177111148834,-3.204564094543457,-2.080209732055664,-1.5906352996826172,-1.9107049703598022,-2.6863455772399902,0.033122602850198746,1.0939019918441772,-1.0875285863876343
0,0.0,0.0,0.0,-0.7467697262763977,-0.11939699947834015,-0.7038677334785461,-0.8426622152328491,-0.289762020111084,-0.6851729154586792,-0.7213162183761597,-0.43610960245132446,-0.6595959067344666,-0.42342066764831543,-0.35758915543556213,-0.5311163067817688,-0.554077684879303,-0.3887404203414917,-0.11864709854125977,-0.4867016673088074,-0.24471405148506165,-0.187813401222229,-0.47291821241378784,0.02875201590359211,0.031160008162260056,-0.3937002718448639,0.11370324343442917,0.1995355784893036,-0.07556861639022827,-0.40756526589393616,0.09953857213258743,-0.11543896794319153,-0.21221351623535156,-0.11577677726745605,-0.2154645174741745,0.07698597759008408,0.1816737800836563,-0.14597494900226593,0.10206775367259979,0.5072901248931885,0.387214332818985,-0.4249415695667267,0.32979896664619446,0.2928518056869507,-0.18593811988830566,-0.09119166433811188,0.15955588221549988,0.0604737289249897,0.21006831526756287,0.17990894615650177,0.06259509176015854,0.516645073890686,0.7344683408737183,-0.4384084641933441,0.5604885220527649,0.5736386179924011,-0.20226220786571503,0.3969802260398865,0.39992430806159973,0.020442886278033257,0.548845112323761,0.3306148946285248,0.04547196626663208,0.6647107005119324,-0.20657087862491608,-0.37275734543800354,-0.7837426662445068,-1.0187785625457764,-1.4061572551727295,0.3623177111148834,-3.204564094543457,0.48072075843811035,0.628679633140564,0.5233670473098755,-0.09436118602752686,0.06687915325164795,1.0380189418792725,-1.1102522611618042
0,0.0,0.0,0.0,-0.7504961490631104,-0.1149895191192627,-0.7455430626869202,-0.8345967531204224,-0.29484596848487854,-0.7326722145080566,-0.7040015459060669,-0.4342815577983856,-0.70273357629776,-0.4026055932044983,-0.3622397482395172,-0.5672726035118103,-0.5627601146697998,-0.40053990483283997,-0.21606910228729248,-0.4647168517112732,-0.24146497249603271,-0.297556072473526,-0.4502237141132355,0.04368026927113533,-0.08799269050359726,-0.38295048475265503,0.13027991354465485,0.07386458665132523,-0.08632509410381317,-0.431132048368454,-0.01989101991057396,-0.07873423397541046,-0.20670592784881592,-0.24558337032794952,-0.18240326642990112,0.09038861840963364,0.024797609075903893,-0.13559357821941376,0.11573372036218643,0.33193913102149963,0.3806685209274292,-0.4523741602897644,0.1867009401321411,0.3241628110408783,-0.18030698597431183,-0.2337622195482254,0.19497090578079224,0.07185117900371552,0.04972242936491966,0.1942853480577469,0.07166195660829544,0.34799107909202576,0.7343759536743164,-0.4639933109283447,0.41082945466041565,0.5928396582603455,-0.19166730344295502,0.223585844039917,0.41894498467445374,0.03503395617008209,0.36049535870552063,0.3384489417076111,0.055510129779577255,0.4732370972633362,-0.21618397533893585,-0.4697814881801605,-0.874221920967102,-1.0688352584838867,-1.4461064338684082,0.3623177111148834,-3.204564094543457,0.48072075843811035,0.628679633140564,0.5233670473098755,-0.09436118602752686,0.08287807554006577,1.0045089721679688,-1.2265033721923828
0,0.0,0.0,0.0,-0.7118340730667114,0.1449301689863205,-0.8146715760231018,-0.8109197616577148,-0.037221312522888184,-0.9227417707443237,-0.6458663940429688,-0.1547381430864334,-0.9888420701026917,-0.3348199725151062,-0.10504071414470673,-0.9491968750953674,-0.5157185196876526,-0.3237280249595642,-0.38363784551620483,-0.35225096344947815,-0.08040932565927505,-0.43972885608673096,-0.33786749839782715,0.1550525277853012,-0.29854443669319153,-0.28373095393180847,0.2078673243522644,-0.20961081981658936,-0.023488549515604973,-0.388654500246048,-0.2682168781757355,0.0882667601108551,-0.045202892273664474,-0.381233274936676,-0.039666976779699326,0.20398357510566711,-0.16675199568271637,-0.040001191198825836,0.20684239268302917,0.023839198052883148,0.43862438201904297,-0.40992221236228943,-0.15951481461524963,0.5281622409820557,-0.06177479028701782,-0.3982977569103241,0.41871416568756104,0.15064725279808044,-0.17044594883918762,0.3446715176105499,0.13412930071353912,0.011577487923204899,0.7954118251800537,-0.40939655900001526,-0.02574925310909748,0.7846277952194214,-0.09747681021690369,-0.10040684789419174,0.5571722388267517,0.08913712203502655,0.024242285639047623,0.3822844624519348,0.08403608947992325,0.0929364413022995,-0.6527802348136902,-1.2524365186691284,-1.338125467300415,-1.2392492294311523,-1.3232128620147705,0.3623177111148834,0.31205493211746216,0.48072075843811035,0.628679633140564,0.5233670473098755,0.7696335911750793,0.3843664824962616,0.8450844287872314,-1.8887676000595093
0,0.0,0.0,0.0,-0.8245601058006287,-0.24669001996517181,-0.5084384679794312,-0.9023789763450623,-0.3751206398010254,-0.46244290471076965,-0.8334767818450928,-0.5165492296218872,-0.4283539056777954,-0.5422234535217285,-0.4415889084339142,-0.29036664962768555,-0.5724036693572998,-0.47150617837905884,0.1152036115527153,-0.6045501828193665,-0.3082103133201599,0.00282973307184875,-0.5791133642196655,-0.020359357818961143,0.13157014548778534,-0.4500858187675476,0.06908047199249268,0.23556379973888397,-0.10149998217821121,-0.4867137670516968,0.35137835144996643,-0.30486077070236206,-0.24218794703483582,0.14329145848751068,-0.36436212062835693,0.042280714958906174,0.4172840416431427,-0.24213938415050507,0.0760403648018837,0.7092440128326416,0.35426992177963257,-0.48784971237182617,0.5951538681983948,0.07045537233352661,-0.21329288184642792,0.29878517985343933,-0.05152852088212967,0.0324447900056839,0.7104893922805786,0.07752912491559982,0.04681716859340668,1.015849232673645,0.6923640966415405,-0.48319312930107117,0.7650323510169983,0.3695357143878937,-0.21314595639705658,0.7524648904800415,0.22460752725601196,-0.0016370713710784912,0.9299483299255371,0.2443203330039978,0.028053918853402138,1.0260286331176758,0.07998377084732056,-0.3033798933029175,-0.9165687561035156,-1.2300301790237427,-1.8095834255218506,0.3623177111148834,-3.204564094543457,0.48072075843811035,0.628679633140564,0.5233670473098755,-0.09436118602752686,-0.21948055922985077,-0.4664415717124939,2.43578839302063
0,0.0,0.0,0.0,-0.7329771518707275,-0.004648020025342703,-0.4864500164985657,-0.8335108160972595,-0.21403507888317108,-0.5001541376113892,-0.7213558554649353,-0.3298153281211853,-0.49717873334884644,-0.42785415053367615,-0.22918161749839783,-0.40124115347862244,-0.44953474402427673,-0.3585197329521179,-0.023587120696902275,-0.38861244916915894,-0.1352512389421463,-0.09665779024362564,-0.398576945066452,0.1102154552936554,0.04744384065270424,-0.3404173254966736,0.17398738861083984,0.1516006737947464,0.01938818395137787,-0.3578347861766815,0.12494908273220062,-0.04164428263902664,-0.07106097042560577,-0.01992865651845932,-0.1763753741979599,0.17902010679244995,0.22721926867961884,-0.12992490828037262,0.18940673768520355,0.46629369258880615,0.4356285333633423,-0.33263683319091797,0.2620021104812622,0.34449881315231323,-0.04029405489563942,-0.0376955047249794,0.18155090510845184,0.17029695212841034,0.22986234724521637,0.16328570246696472,0.15744905173778534,0.44941696524620056,0.7467806339263916,-0.29431867599487305,0.37104374170303345,0.6041978001594543,-0.02801276184618473,0.26516246795654297,0.38541626930236816,0.157981738448143,0.38525739312171936,0.2775258719921112,0.15593768656253815,0.46124324202537537,-0.20178255438804626,-1.1554924249649048,-1.3265517950057983,-1.3295354843139648,-1.5741344690322876,0.3623177111148834,0.31205493211746216,0.48072075843811035,0.628679633140564,0.5233670473098755,0.7696335911750793,0.30064812302589417,0.8757321238517761,-1.5180364847183228
0,0.0,0.0,0.0,-0.7373579144477844,0.02806849591434002,-0.5551852583885193,-0.84983229637146,-0.18375155329704285,-0.5795168280601501,-0.7474793195724487,-0.30154165625572205,-0.5843996405601501,-0.45013171434402466,-0.2179739773273468,-0.4911615550518036,-0.4858509302139282,-0.36173561215400696,-0.09328261762857437,-0.4240799844264984,-0.13178011775016785,-0.17715559899806976,-0.42411354184150696,0.11885390430688858,-0.03462562710046768,-0.3509727120399475,0.17394424974918365,0.07089000940322876,-0.025243490934371948,-0.3706892728805542,0.05395638570189476,-0.05893237888813019,-0.06821101158857346,-0.09663256257772446,-0.18362030386924744,0.1845446676015854,0.14945481717586517,-0.13241617381572723,0.1845286637544632,0.38685303926467896,0.40405982732772827,-0.3501655161380768,0.1896994560956955,0.3370930254459381,-0.040601350367069244,-0.11160892993211746,0.18594522774219513,0.17224596440792084,0.16496962308883667,0.1631225049495697,0.15154172480106354,0.3927346169948578,0.7321737408638,-0.31900638341903687,0.3058987259864807,0.608566164970398,-0.03637770190834999,0.20068179070949554,0.3956810235977173,0.15224741399288177,0.3274528384208679,0.28643643856048584,0.14722485840320587,0.40961503982543945,-0.18020564317703247,-1.1457425355911255,-1.334895372390747,-1.3322017192840576,-1.5626544952392578,0.3623177111148834,0.31205493211746216,0.48072075843811035,0.628679633140564,0.5233670473098755,0.7696335911750793,0.29159408807754517,0.9147891998291016,-1.5504776239395142
0,0.0,0.0,0.0,-0.7290900945663452,0.07031295448541641,-0.5851044654846191,-0.8562808036804199,-0.12006019055843353,-0.6375115513801575,-0.7676903605461121,-0.24167846143245697,-0.6542959213256836,-0.48534390330314636,-0.1804393082857132,-0.5739762187004089,-0.5471646189689636,-0.35171666741371155,-0.2170608937740326,-0.47808611392974854,-0.10116218775510788,-0.2682817578315735,-0.4556017816066742,0.13913212716579437,-0.12553125619888306,-0.38475266098976135,0.18945194780826569,-0.034281279891729355,-0.0765407532453537,-0.3935614824295044,-0.09573785960674286,-0.09864190220832825,-0.06077517196536064,-0.21231292188167572,-0.19411319494247437,0.18929480016231537,0.004646941088140011,-0.14542371034622192,0.19907301664352417,0.20068030059337616,0.37710386514663696,-0.39107316732406616,0.029161108657717705,0.3057171106338501,-0.03822745382785797,-0.20324838161468506,0.17995792627334595,0.17299498617649078,0.05701081454753876,0.16228888928890228,0.16026978194713593,0.2466719001531601,0.7242271304130554,-0.3713674545288086,0.1575292944908142,0.5877032279968262,-0.028452193364501,0.10680516809225082,0.3806476294994354,0.1572176069021225,0.22668172419071198,0.27334675192832947,0.15451104938983917,0.2859344780445099,-0.18591003119945526,-1.250563144683838,-1.3724472522735596,-1.398787021636963,-1.6815294027328491,0.3623177111148834,0.31205493211746216,0.48072075843811035,0.628679633140564,0.5233670473098755,0.7696335911750793,0.17737025022506714,0.9605197906494141,-1.8542253971099854
0,0.0,0.0,0.0,-0.7357727289199829,0.08755825459957123,-0.5919057130813599,-0.8563210368156433,-0.0939745381474495,-0.6459906101226807,-0.7614574432373047,-0.22376252710819244,-0.6643610000610352,-0.4765576124191284,-0.1551641821861267,-0.5849438309669495,-0.5644338130950928,-0.3336772918701172,-0.20974625647068024,-0.488299161195755,-0.07930458337068558,-0.2622114419937134,-0.4517241418361664,0.16176120936870575,-0.11835163831710815,-0.37674134969711304,0.21354658901691437,-0.024607880041003227,-0.09785526990890503,-0.3772081732749939,-0.08465832471847534,-0.10532954335212708,-0.04780476167798042,-0.1866234391927719,-0.18061292171478271,0.20154866576194763,0.04601768031716347,-0.1298554241657257,0.2127000093460083,0.24752405285835266,0.36139488220214844,-0.38054871559143066,0.041243232786655426,0.3086658716201782,-0.02704651653766632,-0.18440599739551544,0.19996310770511627,0.1860705316066742,0.08313059061765671,0.18678125739097595,0.17707830667495728,0.27692461013793945,0.7162753343582153,-0.3647722899913788,0.16662903130054474,0.5973289608955383,-0.02055327408015728,0.11623387783765793,0.40438368916511536,0.16807502508163452,0.23552396893501282,0.30075588822364807,0.16996952891349792,0.29632261395454407,-0.2494443953037262,-1.2973016500473022,-1.3881216049194336,-1.4048551321029663,-1.6654280424118042,0.3623177111148834,0.31205493211746216,0.48072075843811035,0.628679633140564,0.5233670473098755,0.7696335911750793,0.157985121011734,0.9378474354743958,-1.7592347860336304
0,0.0,0.0,0.0,-0.7543807625770569,0.12400496751070023,-0.6604096293449402,-0.8892791271209717,-0.04212276265025139,-0.7317066788673401,-0.81670743227005,-0.18275074660778046,-0.7667368650436401,-0.5323002338409424,-0.14370475709438324,-0.6959006786346436,-0.6365812420845032,-0.3288489878177643,-0.24116171896457672,-0.5841100215911865,-0.0911409929394722,-0.3173603415489197,-0.5260636210441589,0.15105271339416504,-0.17850711941719055,-0.42643269896507263,0.2063605934381485,-0.07895191013813019,-0.17587052285671234,-0.3889135718345642,-0.10745055228471756,-0.19403909146785736,-0.049399327486753464,-0.24135540425777435,-0.23912714421749115,0.20516754686832428,-0.013418057933449745,-0.16644945740699768,0.2189750075340271,0.2001558542251587,0.29581373929977417,-0.40364545583724976,0.020705509930849075,0.2311476618051529,-0.03627203404903412,-0.23245373368263245,0.14472226798534393,0.18343104422092438,0.034176286309957504,0.15201206505298615,0.17916961014270782,0.246079221367836,0.6736436486244202,-0.40011781454086304,0.14622050523757935,0.5471879243850708,-0.033970240503549576,0.08429916203022003,0.3701031506061554,0.15737731754779816,0.19586077332496643,0.27784040570259094,0.1589563935995102,0.2646576464176178,-0.19380031526088715,-1.1459789276123047,-1.3700001239776611,-1.4135875701904297,-1.7124403715133667,0.3623177111148834,0.31205493211746216,0.48072075843811035,0.628679633140564,0.5233670473098755,0.7696335911750793,0.12275993824005127,0.8905203342437744,-1.7738996744155884
0,0.0,0.0,0.0,-0.7137346863746643,0.13790878653526306,-0.6491447687149048,-0.8068705201148987,-0.01329684630036354,-0.7423117756843567,-0.7033342719078064,-0.12607190012931824,-0.7825841307640076,-0.42105716466903687,-0.09864041954278946,-0.7296024560928345,-0.5652661323547363,-0.29004809260368347,-0.34594225883483887,-0.46189191937446594,-0.03934725001454353,-0.383074015378952,-0.40572428703308105,0.19042642414569855,-0.24866212904453278,-0.3280118405818939,0.2556738555431366,-0.1611403077840805,-0.09117098897695541,-0.35906246304512024,-0.2310485541820526,-0.05477165803313255,-0.012739449739456177,-0.30065035820007324,-0.11265462636947632,0.23258017003536224,-0.08635289967060089,-0.05857159197330475,0.2598789930343628,0.08846374601125717,0.3735906183719635,-0.3743845522403717,-0.09998740255832672,0.3715570569038391,-0.01625514030456543,-0.2762550711631775,0.3021838366985321,0.19086386263370514,-0.03094915673136711,0.30343666672706604,0.19535787403583527,0.14159658551216125,0.7415845990180969,-0.3632267713546753,0.06202765181660652,0.6588819026947021,-0.027994873002171516,0.04393894970417023,0.4653942286968231,0.1518586128950119,0.18242084980010986,0.34671127796173096,0.1563022881746292,0.25211188197135925,-0.33620840311050415,-1.3229917287826538,-1.4144104719161987,-1.3800783157348633,-1.5796332359313965,0.3623177111148834,0.31205493211746216,0.48072075843811035,0.628679633140564,0.5233670473098755,0.7696335911750793,0.06137758865952492,0.8898259997367859,-1.6794357299804688
4,0.0,0.0,0.0,-0.976929247379303,-0.36743927001953125,0.006477415096014738,-1.0308594703674316,-0.4703977406024933,0.04659751057624817,-1.1201701164245605,-0.5726869106292725,0.04693692922592163,-1.2889118194580078,-0.6163689494132996,0.0021076295524835587,-0.7562913298606873,-0.5195506811141968,0.33889657258987427,-0.8348890542984009,-0.6765573024749756,0.3448181450366974,-0.8901163339614868,-0.7937865257263184,0.24114154279232025,-0.9093840718269348,-0.8949920535087585,0.14355452358722687,-0.3192857503890991,-0.6308901906013489,0.3648952841758728,-0.2911224663257599,-0.8083555102348328,0.462802529335022,-0.2913876473903656,-0.9819239974021912,0.3100724220275879,-0.3074500560760498,-1.1286178827285767,0.11808593571186066,0.17141087353229523,-0.6746203899383545,0.3292343318462372,0.23339448869228363,-0.845167338848114,0.4139057695865631,0.4116920828819275,-1.0191924571990967,-0.03917418792843819,0.511626124382019,-1.1825909614562988,-0.4568013846874237,0.5779927372932434,-0.6712403893470764,0.21844594180583954,0.7692176699638367,-0.7641874551773071,0.2999248802661896,0.9496017694473267,-0.85751873254776,0.04310055077075958,1.0047813653945923,-0.9658242464065552,-0.20354172587394714,0.8304221630096436,1.0584323406219482,1.1181020736694336,1.2012121677398682,1.2142376899719238,0.3623177111148834,0.31205493211746216,0.48072075843811035,0.628679633140564,0.5233670473098755,0.7696335911750793,0.08767685294151306,-0.4823366701602936,0.1318873018026352
4,0.0,0.0,0.0,-0.9904118776321411,-0.34626391530036926,-0.025438079610466957,-1.0517939329147339,-0.4498562514781952,0.016619175672531128,-1.1443284749984741,-0.5611817240715027,0.017985589802265167,-1.324041485786438,-0.596064567565918,-0.026830511167645454,-0.792553186416626,-0.5291197896003723,0.321535587310791,-0.8775925636291504,-0.6883978843688965,0.33275455236434937,-0.9284306764602661,-0.8093374371528625,0.23266230523586273,-0.9412059187889099,-0.9139581322669983,0.1348685771226883,-0.35926228761672974,-0.644509494304657,0.3476685881614685,-0.33419039845466614,-0.8225131630897522,0.44380149245262146,-0.33725863695144653,-1.0000325441360474,0.28893885016441345,-0.3533860743045807,-1.1498185396194458,0.09562423080205917,0.13534197211265564,-0.6918344497680664,0.31145697832107544,0.19280757009983063,-0.8585872054100037,0.39619946479797363,0.3573048412799835,-1.0354650020599365,-0.060851141810417175,0.4468691647052765,-1.2006429433822632,-0.4798457622528076,0.5497381091117859,-0.6943318843841553,0.19906124472618103,0.7417860627174377,-0.7855181694030762,0.27892595529556274,0.9220988750457764,-0.8824358582496643,0.015163039788603783,0.9795171022415161,-0.9936755895614624,-0.2351337969303131,0.8053895235061646,1.0687938928604126,1.1200698614120483,1.2049750089645386,1.2068809270858765,0.3623177111148834,0.31205493211746216,0.48072075843811035,0.628679633140564,0.5233670473098755,0.7696335911750793,0.08084408938884735,-0.7037563323974609,0.14583975076675415
4,0.0,0.0,0.0,-0.9641696810722351,-0.30338379740715027,-0.03306975215673447,-1.0290664434432983,-0.4353554844856262,0.028474582359194756,-1.1264837980270386,-0.5477876663208008,0.04768059402704239,-1.3057254552841187,-0.5840651392936707,0.01957438513636589,-0.815346896648407,-0.5161187648773193,0.3183697760105133,-0.8793953061103821,-0.6718981862068176,0.34961581230163574,-0.922602117061615,-0.7931897640228271,0.2680126428604126,-0.9334020018577576,-0.8990834355354309,0.17754358053207397,-0.3841702938079834,-0.6284745931625366,0.35814550518989563,-0.35270553827285767,-0.8062036633491516,0.4704378843307495,-0.34894588589668274,-0.9799140691757202,0.3331318497657776,-0.3516790568828583,-1.129989743232727,0.1490372121334076,0.11405796557664871,-0.676707923412323,0.3460443913936615,0.17457278072834015,-0.8366771936416626,0.4312901794910431,0.33633843064308167,-1.0079385042190552,-0.008378632366657257,0.4257357120513916,-1.170312762260437,-0.42048075795173645,0.5328333377838135,-0.6842725276947021,0.2616344690322876,0.7192564606666565,-0.7711857557296753,0.33217480778694153,0.8961874842643738,-0.8630750179290771,0.07542410492897034,0.9516239762306213,-0.9689531326293945,-0.17255261540412903,0.8431686162948608,1.0806797742843628,1.1199562549591064,1.2016863822937012,1.202001690864563,0.3623177111148834,0.31205493211746216,0.48072075843811035,0.628679633140564,0.5233670473098755,0.7696335911750793,0.07347363233566284,-0.7515366077423096,0.19448566436767578
4,0.0,0.0,0.0,-0.977746844291687,-0.4187673032283783,0.04670269787311554,-1.0305907726287842,-0.49179762601852417,0.07160468399524689,-1.1184532642364502,-0.5958924889564514,0.0560709685087204,-1.3032609224319458,-0.6279041767120361,-0.0018244500970467925,-0.7462065815925598,-0.5539881587028503,0.3813612163066864,-0.8322582840919495,-0.7097867131233215,0.3733031451702118,-0.8791703581809998,-0.8298647403717041,0.25726696848869324,-0.8891034126281738,-0.9316573739051819,0.1500537246465683,-0.3139445185661316,-0.6650809049606323,0.3915874660015106,-0.2977244257926941,-0.8472663760185242,0.470781534910202,-0.2917500138282776,-1.0213221311569214,0.3066721260547638,-0.30872946977615356,-1.16729736328125,0.10286891460418701,0.17464350163936615,-0.7132092118263245,0.32617151737213135,0.23387576639652252,-0.8709744215011597,0.39429423213005066,0.4124772250652313,-1.0429332256317139,-0.04654920846223831,0.4989479184150696,-1.2047017812728882,-0.45816531777381897,0.5851340889930725,-0.7175487279891968,0.1693311333656311,0.7886815071105957,-0.7912068367004395,0.26154544949531555,0.9781414866447449,-0.8790571093559265,0.01839909702539444,1.0356537103652954,-0.9835696220397949,-0.226581409573555,0.8002423644065857,1.0480248928070068,1.1161863803863525,1.1922581195831299,1.177315354347229,0.3623177111148834,0.31205493211746216,0.48072075843811035,0.628679633140564,0.5233670473098755,0.7696335911750793,-0.01645376905798912,-0.8572822213172913,0.03628402203321457
4,0.0,0.0,0.0,-0.9745303988456726,-0.3786693811416626,-0.008990042842924595,-1.0348505973815918,-0.4586479663848877,0.022716274484992027,-1.1212899684906006,-0.5659000873565674,0.011700821109116077,-1.3030098676681519,-0.6071382761001587,-0.04176626354455948,-0.7777116894721985,-0.542015016078949,0.3604000508785248,-0.8507883548736572,-0.6966229677200317,0.3578875660896301,-0.8957657217979431,-0.815393328666687,0.24559324979782104,-0.9050732851028442,-0.9213268160820007,0.13614463806152344,-0.3461195230484009,-0.6514063477516174,0.37706688046455383,-0.32164430618286133,-0.8313912153244019,0.4461477994918823,-0.3213925063610077,-1.0075815916061401,0.2622724771499634,-0.3335452973842621,-1.1613248586654663,0.044748205691576004,0.14439839124679565,-0.6968035101890564,0.3210877776145935,0.2076890617609024,-0.8566433787345886,0.3776228129863739,0.3769133687019348,-1.0245170593261719,-0.07626420259475708,0.4652872681617737,-1.1874271631240845,-0.4957677125930786,0.5557887554168701,-0.6999998688697815,0.1765107810497284,0.7476306557655334,-0.7806722521781921,0.25295379757881165,0.9317206144332886,-0.8725438714027405,7.583224214613438e-05,0.9952217936515808,-0.9828202724456787,-0.24990688264369965,0.7783195972442627,1.0544872283935547,1.1083611249923706,1.1927179098129272,1.1945120096206665,0.3623177111148834,0.31205493211746216,0.48072075843811035,0.628679633140564,0.5233670473098755,0.7696335911750793,-0.08185813575983047,-0.8810436725616455,0.094075508415699
4,0.0,0.0,0.0,-0.9904956221580505,-0.34593522548675537,-0.021370984613895416,-1.0451178550720215,-0.47122836112976074,0.02707977406680584,-1.1345322132110596,-0.581147313117981,0.03245210647583008,-1.3172121047973633,-0.6194762587547302,-0.00904831849038601,-0.7895739078521729,-0.5451388359069824,0.33045053482055664,-0.8608797192573547,-0.6967069506645203,0.3382740318775177,-0.9092938303947449,-0.8178260922431946,0.2354527860879898,-0.926866888999939,-0.9244258403778076,0.13216200470924377,-0.355163037776947,-0.6541927456855774,0.34324705600738525,-0.31659355759620667,-0.8366903066635132,0.42660394310951233,-0.31041640043258667,-1.0156999826431274,0.24984796345233917,-0.32186153531074524,-1.1683200597763062,0.04193681478500366,0.1347360759973526,-0.6974241733551025,0.2842765152454376,0.20631299912929535,-0.8587954044342041,0.3472996652126312,0.3864284157752991,-1.033747911453247,-0.14691543579101562,0.4785262942314148,-1.20075523853302,-0.5884355306625366,0.5437006950378418,-0.6979627013206482,0.14737246930599213,0.746110200881958,-0.7826539278030396,0.20846734941005707,0.936126172542572,-0.8744906783103943,-0.07192852348089218,0.9988364577293396,-0.9817312359809875,-0.3347407877445221,0.8263615369796753,1.0641460418701172,1.1138464212417603,1.201769232749939,1.1798596382141113,0.3623177111148834,0.31205493211746216,0.48072075843811035,0.628679633140564,0.5233670473098755,0.7696335911750793,-0.10660193115472794,-0.85295569896698,0.24789105355739594
4,0.0,0.0,0.0,-0.97236567735672,-0.3616558909416199,0.060340721160173416,-1.031075358390808,-0.48095300793647766,0.1321726143360138,-1.135036826133728,-0.5886393785476685,0.15182088315486908,-1.3366119861602783,-0.6118056178092957,0.12239725887775421,-0.8295707702636719,-0.5446569919586182,0.43825122714042664,-0.8939424753189087,-0.6910586357116699,0.4604254961013794,-0.9408251643180847,-0.8107870221138,0.36666998267173767,-0.9566885232925415,-0.9165037274360657,0.26248785853385925,-0.39753013849258423,-0.6625455617904663,0.4707825481891632,-0.37627696990966797,-0.8368048667907715,0.5613847374916077,-0.38153988122940063,-1.0121761560440063,0.40128880739212036,-0.39398393034935,-1.1662116050720215,0.19006697833538055,0.10062137991189957,-0.7147459983825684,0.43888264894485474,0.16284389793872833,-0.8694748282432556,0.48803025484085083,0.31732290983200073,-1.0424391031265259,0.030913420021533966,0.3896227478981018,-1.2102558612823486,-0.4028846025466919,0.5142633318901062,-0.7217445969581604,0.3121030032634735,0.7093353867530823,-0.7933394908905029,0.3666232228279114,0.8912616968154907,-0.8860599994659424,0.10135211050510406,0.9496138095855713,-0.9961875081062317,-0.16329357028007507,0.8776001930236816,1.0556552410125732,1.104993224143982,1.1845346689224243,1.1654366254806519,0.3623177111148834,0.31205493211746216,0.48072075843811035,0.628679633140564,0.5233670473098755,0.7696335911750793,-0.19514130055904388,-0.7283200025558472,0.13104784488677979
4,0.0,0.0,0.0,-0.9968445897102356,-0.32881757616996765,0.003336825408041477,-1.0610430240631104,-0.4667339622974396,0.08329162001609802,-1.1578160524368286,-0.5751906037330627,0.11142043769359589,-1.3440399169921875,-0.6106219291687012,0.08914700895547867,-0.8670109510421753,-0.5320588946342468,0.3744056522846222,-0.9352198243141174,-0.6828303337097168,0.3978954255580902,-0.9857543110847473,-0.8041031360626221,0.3091273009777069,-1.0038868188858032,-0.9123658537864685,0.20976723730564117,-0.4416850805282593,-0.6523900032043457,0.3996879756450653,-0.43231335282325745,-0.8362137675285339,0.4880666136741638,-0.4462208151817322,-1.0110445022583008,0.32367202639579773,-0.45607733726501465,-1.1642895936965942,0.11787672340869904,0.06136665865778923,-0.7083099484443665,0.3591269552707672,0.11510863155126572,-0.8640414476394653,0.41167742013931274,0.24178075790405273,-1.0370022058486938,-0.05629328638315201,0.2988443672657013,-1.2053499221801758,-0.4866220951080322,0.485450804233551,-0.7222208976745605,0.2333400696516037,0.6755114197731018,-0.8044005036354065,0.2882716953754425,0.8545358180999756,-0.8997208476066589,0.021126436069607735,0.9120708703994751,-1.0102618932724,-0.23809587955474854,0.8503799438476562,1.0672868490219116,1.1157495975494385,1.1911725997924805,1.1832520961761475,0.3623177111148834,0.31205493211746216,0.48072075843811035,0.628679633140564,0.5233670473098755,0.7696335911750793,-0.22580832242965698,-0.4811968505382538,0.21621173620224
4,0.0,0.0,0.0,-0.9841281175613403,-0.25612229108810425,-0.052621904760599136,-1.097882628440857,-0.33151769638061523,-0.08559508621692657,-1.2729872465133667,-0.4069177508354187,-0.13256096839904785,-1.5034598112106323,-0.42385411262512207,-0.23839643597602844,-0.854363203048706,-0.45789873600006104,0.1441543847322464,-0.9796838760375977,-0.6437649726867676,0.18688872456550598,-1.0594995021820068,-0.7694416046142578,0.09325671195983887,-1.0810420513153076,-0.8800501227378845,-0.01216502208262682,-0.43397220969200134,-0.5915167331695557,0.1266096532344818,-0.47051334381103516,-0.8021730184555054,0.27240270376205444,-0.5137445330619812,-0.9835641384124756,0.08890612423419952,-0.531640350818634,-1.1392805576324463,-0.1465538740158081,0.06760761886835098,-0.6486557722091675,0.06096838787198067,0.08352080732584,-0.8400535583496094,0.22680413722991943,0.18604552745819092,-1.024646282196045,-0.2934671640396118,0.2475537359714508,-1.1969571113586426,-0.7782682180404663,0.5081509947776794,-0.6586501002311707,-0.03395460546016693,0.6887500882148743,-0.7641268372535706,0.10578600317239761,0.8589309453964233,-0.8643817901611328,-0.16237154603004456,0.9101700186729431,-0.9792597889900208,-0.43355119228363037,1.0225125551223755,1.1130679845809937,1.1783320903778076,1.2195106744766235,1.2140196561813354,0.3623177111148834,0.31205493211746216,0.48072075843811035,0.628679633140564,0.5233670473098755,0.7696335911750793,-0.1963241547346115,0.8870231509208679,0.2723192870616913
4,0.0,0.0,0.0,-0.9739447832107544,-0.25527819991111755,0.006716965232044458,-1.0860368013381958,-0.3232070803642273,-0.03922989219427109,-1.2712669372558594,-0.38699525594711304,-0.0944199413061142,-1.515641212463379,-0.39668187499046326,-0.20978094637393951,-0.8588442206382751,-0.4601900577545166,0.16820389032363892,-0.9831164479255676,-0.6445133686065674,0.20510250329971313,-1.0662908554077148,-0.7675273418426514,0.10549909621477127,-1.1006189584732056,-0.874863862991333,-0.0005068299360573292,-0.4472845792770386,-0.5882927775382996,0.13742932677268982,-0.4712460935115814,-0.8004972338676453,0.2742246687412262,-0.5252611041069031,-0.9818059206008911,0.08020804822444916,-0.5604066848754883,-1.1382478475570679,-0.15602710843086243,0.05478085204958916,-0.6375443339347839,0.05600637197494507,0.08362805843353271,-0.834553599357605,0.210926815867424,0.19097280502319336,-1.0189990997314453,-0.325987309217453,0.2502029240131378,-1.1907280683517456,-0.8146461844444275,0.4945656955242157,-0.6416416764259338,-0.05158264562487602,0.686337947845459,-0.7483617067337036,0.08170191198587418,0.8621949553489685,-0.8496911525726318,-0.18728256225585938,0.9159319400787354,-0.9653611779212952,-0.45597997307777405,0.9794327616691589,1.1061941385269165,1.1766164302825928,1.2348363399505615,1.1936249732971191,0.3623177111148834,0.31205493211746216,0.48072075843811035,0.628679633140564,0.5233670473098755,0.7696335911750793,-0.12638458609580994,0.9634560942649841,0.30685219168663025
4,0.0,0.0,0.0,-0.9702171087265015,-0.2866312861442566,-0.0260614026337862,-1.0788013935089111,-0.3345257341861725,-0.0804423838853836,-1.270219087600708,-0.38860151171684265,-0.14581067860126495,-1.522098422050476,-0.3884015381336212,-0.2746386229991913,-0.8234731554985046,-0.450010746717453,0.13406090438365936,-0.9503660798072815,-0.6432198286056519,0.17784768342971802,-1.0334573984146118,-0.7687781453132629,0.08190808445215225,-1.0616884231567383,-0.8784565925598145,-0.026488326489925385,-0.4026986360549927,-0.5791630744934082,0.10259392112493515,-0.4508543014526367,-0.7955796718597412,0.24018993973731995,-0.49685242772102356,-0.9773252606391907,0.037098851054906845,-0.5196179151535034,-1.1364772319793701,-0.21454164385795593,0.09740161150693893,-0.6319096684455872,0.02288934588432312,0.12929892539978027,-0.8287107944488525,0.17277324199676514,0.25504109263420105,-1.014589548110962,-0.3789336681365967,0.32363656163215637,-1.1891368627548218,-0.8797591924667358,0.5318903923034668,-0.6377975344657898,-0.07822075486183167,0.721986711025238,-0.7451721429824829,0.0500851608812809,0.8982734680175781,-0.8441218137741089,-0.22275511920452118,0.9500714540481567,-0.9576557278633118,-0.49819111824035645,0.9438081383705139,1.1183933019638062,1.1706538200378418,1.2254819869995117,1.2069720029830933,0.3623177111148834,0.31205493211746216,0.48072075843811035,0.628679633140564,0.5233670473098755,0.7696335911750793,-0.11436797678470612,1.0003288984298706,0.19738689064979553
4,0.0,0.0,0.0,-0.9730037450790405,-0.3040841817855835,-0.08957216888666153,-1.080091953277588,-0.3371677100658417,-0.16362546384334564,-1.264557123184204,-0.38258710503578186,-0.24807877838611603,-1.5226349830627441,-0.36342909932136536,-0.39586326479911804,-0.7828874588012695,-0.4579232931137085,0.0647120326757431,-0.9107938408851624,-0.6548176407814026,0.10655159503221512,-0.9887816309928894,-0.781960129737854,0.01195003092288971,-1.0162842273712158,-0.8953021168708801,-0.10029572248458862,-0.35260504484176636,-0.5849183797836304,0.016198771074414253,-0.40113747119903564,-0.8017043471336365,0.13390271365642548,-0.4437057375907898,-0.9855711460113525,-0.09635072201490402,-0.4668107032775879,-1.1459521055221558,-0.3628746271133423,0.1454010009765625,-0.6356302499771118,-0.08764547109603882,0.19716998934745789,-0.8349245190620422,0.03630620986223221,0.3583461046218872,-1.0160824060440063,-0.5697591304779053,0.44733500480651855,-1.1852445602416992,-1.0896002054214478,0.5668780207633972,-0.6370889544487,-0.2044406235218048,0.7777716517448425,-0.7415754199028015,-0.10790853202342987,0.9705187678337097,-0.8390925526618958,-0.42295944690704346,1.0288063287734985,-0.949605405330658,-0.7184764742851257,0.9291331768035889,1.1277462244033813,1.1655172109603882,1.23077392578125,1.1859713792800903,0.3623177111148834,0.31205493211746216,0.48072075843811035,0.628679633140564,0.5233670473098755,0.7696335911750793,-0.0376926064491272,0.9918944239616394,0.3552798330783844
4,0.0,0.0,0.0,-0.9375791549682617,-0.3046782612800598,-0.07832717895507812,-1.0433138608932495,-0.324720174074173,-0.16033600270748138,-1.2335880994796753,-0.3600677251815796,-0.24788567423820496,-1.49253249168396,-0.3366585075855255,-0.398576557636261,-0.762946367263794,-0.4398832321166992,0.051307789981365204,-0.8846336007118225,-0.641508936882019,0.0934489294886589,-0.9604040384292603,-0.768934965133667,0.002460016403347254,-0.9841075539588928,-0.877715528011322,-0.1051517128944397,-0.33113083243370056,-0.5618501901626587,-0.0018559752497822046,-0.381354421377182,-0.7859120965003967,0.11965225636959076,-0.41711005568504333,-0.9691562652587891,-0.10524716973304749,-0.4379725456237793,-1.1272190809249878,-0.3683173954486847,0.16314977407455444,-0.6097042560577393,-0.10955815762281418,0.21609768271446228,-0.8128613233566284,0.017689893022179604,0.38506975769996643,-0.994979202747345,-0.5838009119033813,0.47562375664711,-1.1636561155319214,-1.0980242490768433,0.5818541049957275,-0.607809841632843,-0.2243824452161789,0.7945563793182373,-0.7190507650375366,-0.12001552432775497,0.9862314462661743,-0.816904604434967,-0.42385348677635193,1.039190411567688,-0.9265856742858887,-0.7134730219841003,0.876478374004364,1.1340516805648804,1.1644833087921143,1.2262282371520996,1.1885210275650024,0.3623177111148834,0.31205493211746216,0.48072075843811035,0.628679633140564,0.5233670473098755,0.7696335911750793,-0.025134794414043427,0.940592885017395,0.37058237195014954
4,0.0,0.0,0.0,-0.9329026341438293,-0.3133210241794586,-0.12097910046577454,-1.0396512746810913,-0.32791417837142944,-0.21848319470882416,-1.2243682146072388,-0.3600463569164276,-0.3171539008617401,-1.4766367673873901,-0.3418649137020111,-0.47812768816947937,-0.7430006265640259,-0.44759365916252136,0.0007478551706299186,-0.8652613162994385,-0.6484431624412537,0.027437563985586166,-0.9461107850074768,-0.7736384272575378,-0.07701791822910309,-0.9740277528762817,-0.8786453604698181,-0.19297444820404053,-0.3090978264808655,-0.5706111788749695,-0.06378951668739319,-0.37224575877189636,-0.7993441820144653,0.030476465821266174,-0.4113042652606964,-0.9780299067497253,-0.21828655898571014,-0.4350547790527344,-1.1346914768218994,-0.4952899217605591,0.18111608922481537,-0.6180596947669983,-0.18879857659339905,0.23175884783267975,-0.8205863833427429,-0.08480454981327057,0.41518068313598633,-1.0006681680679321,-0.6982192397117615,0.5243831872940063,-1.17118501663208,-1.2124444246292114,0.5993557572364807,-0.6124434471130371,-0.3140137791633606,0.8096433877944946,-0.723791241645813,-0.20812228322029114,1.010754108428955,-0.815456748008728,-0.5037069320678711,1.0738447904586792,-0.9231587648391724,-0.7936487197875977,0.8787629008293152,1.1308331489562988,1.1513514518737793,1.2187527418136597,1.1953401565551758,0.3623177111148834,0.31205493211746216,0.48072075843811035,0.628679633140564,0.5233670473098755,0.7696335911750793,-0.03943768888711929,0.9415313005447388,0.2811415493488312
2,0.0,0.0,0.0,-1.1577460765838623,-0.2044423520565033,0.15507565438747406,-1.1258049011230469,-0.38673728704452515,0.1874321550130844,-1.082804799079895,-0.47651833295822144,0.23523670434951782,-1.0034711360931396,-0.531615674495697,0.3000713288784027,-0.6751895546913147,-0.4473028779029846,0.43092480301856995,-0.7686539888381958,-0.3559078872203827,0.4677130877971649,-0.7951194047927856,-0.15259265899658203,0.39289990067481995,-0.6814182996749878,0.030457552522420883,0.3610406219959259,-0.18893207609653473,-0.3979549705982208,0.6337589621543884,-0.4718678295612335,-0.33625733852386475,0.8432915806770325,-0.5541684031486511,-0.17656083405017853,0.900309145450592,-0.4428977072238922,-0.008510751649737358,0.8708981275558472,0.24189580976963043,-0.37895941734313965,0.9313868880271912,-0.13974913954734802,-0.339844286441803,1.0906779766082764,-0.2870655357837677,-0.18657860159873962,1.2795946598052979,-0.22496335208415985,-0.025753142312169075,1.2592308521270752,0.528367280960083,-0.37964993715286255,1.1847642660140991,0.1789534091949463,-0.33788174390792847,1.3244394063949585,0.07528870552778244,-0.18227675557136536,1.5243127346038818,0.07807029783725739,-0.03121136873960495,1.6101115942001343,0.44368651509284973,0.23281188309192657,0.06678695231676102,-0.12003576010465622,-0.420307993888855,0.3623177111148834,-3.204564094543457,-2.080209732055664,-1.5906352996826172,-1.9107049703598022,-2.6863455772399902,0.8247547745704651,1.3271163702011108,-0.23838946223258972
2,0.0,0.0,0.0,-1.7348167896270752,-1.5556118488311768,1.2673124074935913,-1.4263250827789307,-1.5869266986846924,1.147569179534912,-1.5171245336532593,-1.5699373483657837,0.8195686936378479,-1.5850774049758911,-1.6686524152755737,0.6380337476730347,-0.11732921004295349,-1.6568293571472168,1.9674593210220337,-0.23583687841892242,-1.727083444595337,1.5000804662704468,-0.8688397407531738,-1.4944097995758057,1.196397304534912,-1.165540337562561,-1.1636240482330322,1.081475019454956,0.23602575063705444,-1.6882121562957764,1.766801118850708,-0.1580488383769989,-1.8116872310638428,1.1910123825073242,-1.1303044557571411,-1.5460026264190674,0.927460789680481,-1.4596128463745117,-1.1993157863616943,0.9667329788208008,0.560479998588562,-1.7816781997680664,1.1714165210723877,0.12368306517601013,-1.9516350030899048,0.4754583239555359,-1.2474476099014282,-1.693054437637329,0.22901473939418793,-2.0700385570526123,-1.3305919170379639,0.3496231734752655,0.7002355456352234,-1.912323236465454,0.145697683095932,0.10963509231805801,-2.002065896987915,-0.2703535556793213,-0.6568166017532349,-1.7876545190811157,-0.33935579657554626,-1.0551061630249023,-1.4460119009017944,-0.17740769684314728,0.6972734332084656,0.8184691667556763,0.8193956613540649,0.8771751523017883,0.6735173463821411,0.3623177111148834,-3.204564094543457,-2.080209732055664,-1.5906352996826172,0.5233670473098755,-1.8223508596420288,-0.43988534808158875,-1.022847294807434,0.05022368207573891
5,0.0,0.0,0.0,-0.805765688419342,0.4745069146156311,-1.3101975917816162,-0.6431756615638733,0.6048693656921387,-1.4563168287277222,-0.4716264307498932,0.6738812923431396,-1.4606107473373413,-0.4069278836250305,0.7338703870773315,-1.5094696283340454,-0.32740384340286255,0.7204933166503906,-1.8946527242660522,-0.1467873603105545,0.9499092102050781,-1.9680109024047852,-0.08096618950366974,1.1278430223464966,-2.023371934890747,-0.02519744448363781,1.3382034301757812,-2.0018720626831055,0.30292320251464844,0.6677545309066772,-1.909655213356018,0.14586034417152405,0.971997082233429,-2.002554178237915,0.15268701314926147,1.1811903715133667,-2.080934762954712,0.15009909868240356,1.4074395895004272,-2.0252127647399902,0.7234211564064026,0.6469457745552063,-1.76558256149292,0.4872899651527405,0.8971564769744873,-1.644243836402893,0.541982114315033,1.0512398481369019,-1.639992117881775,0.5579131245613098,1.2268389463424683,-1.5157548189163208,0.9093241691589355,0.6289786100387573,-1.286926031112671,0.6073071360588074,0.8230887651443481,-1.1212923526763916,0.44354718923568726,0.8942480683326721,-0.994308590888977,0.321930468082428,0.9795753955841064,-0.8798412084579468,-0.8480634689331055,-0.6059268116950989,-0.5823121666908264,-0.5485373139381409,-0.6711265444755554,0.3623177111148834,0.31205493211746216,0.48072075843811035,0.628679633140564,0.5233670473098755,0.7696335911750793,0.434531569480896,-0.43726128339767456,0.10102471709251404
5,0.0,0.0,0.0,-1.0695984363555908,1.5240570306777954,0.4102218449115753,-0.7553815841674805,1.7493510246276855,0.4456753134727478,-0.5266487002372742,1.6662638187408447,0.5589859485626221,-0.3407866656780243,1.5703893899917603,0.6080238223075867,-0.49665117263793945,2.3149633407592773,-0.3420979082584381,-0.4975499212741852,2.0023045539855957,-0.11156661808490753,-0.4706966280937195,2.0572640895843506,0.03726897016167641,-0.42633959650993347,2.239759683609009,0.15332350134849548,0.07789342105388641,2.2550244331359863,-0.2826767563819885,-0.10826414078474045,1.894644021987915,0.031564902514219284,-0.20648188889026642,2.0550472736358643,0.16616712510585785,-0.22978617250919342,2.30684232711792,0.24890875816345215,0.5495045185089111,2.040083646774292,0.021305661648511887,0.2688702642917633,1.6539396047592163,0.40552911162376404,0.11111797392368317,1.444620966911316,0.6956888437271118,0.06872054189443588,1.3409546613693237,0.8830590844154358,0.798062264919281,1.756333589553833,0.5182578563690186,0.43089646100997925,1.4769703149795532,0.8894134163856506,0.2789977490901947,1.2856690883636475,1.2317478656768799,0.22371037304401398,1.1814396381378174,1.4269438982009888,0.19834144413471222,1.067061185836792,0.9532728791236877,0.7356632351875305,0.22876207530498505,0.3623177111148834,0.31205493211746216,0.48072075843811035,0.628679633140564,-1.9107049703598022,-0.09436118602752686,0.46796417236328125,-0.7025488615036011,2.010021924972534
5,0.0,0.0,0.0,-1.0791893005371094,1.7499988079071045,0.7803786396980286,-0.7222794890403748,1.9048614501953125,0.8303953409194946,-0.4496075212955475,1.755535364151001,0.9376108050346375,-0.2172497808933258,1.6268547773361206,0.9892707467079163,-0.5395216941833496,2.3799023628234863,0.09578727930784225,-0.5308625102043152,1.9994500875473022,0.33283066749572754,-0.5143704414367676,2.0461642742156982,0.47640085220336914,-0.4735119044780731,2.2226474285125732,0.5802594423294067,0.012144956737756729,2.3087432384490967,0.1433156430721283,-0.14677348732948303,1.889012098312378,0.5194987058639526,-0.2382076531648636,2.045032501220703,0.7242476940155029,-0.2703896164894104,2.292079210281372,0.8250307440757751,0.4949605166912079,2.0830812454223633,0.3868781328201294,0.23186171054840088,1.634932518005371,0.7866702079772949,0.1163601279258728,1.4349690675735474,1.0471504926681519,0.10118057578802109,1.3328856229782104,1.1798237562179565,0.7543649077415466,1.7940043210983276,0.742213249206543,0.39942315220832825,1.4706404209136963,1.1554900407791138,0.2646915316581726,1.28675377368927,1.470898151397705,0.21502897143363953,1.1858816146850586,1.6397123336791992,0.07122787088155746,1.1365495920181274,1.0020263195037842,0.7550225257873535,0.21954338252544403,0.3623177111148834,0.31205493211746216,0.48072075843811035,-1.5906352996826172,-1.9107049703598022,-0.9583560228347778,0.4197700321674347,-0.6565173864364624,1.9797499179840088
3,0.0,0.0,0.0,0.7908427119255066,0.6791108846664429,-0.580232560634613,0.7968212366104126,0.4505162537097931,-0.6150564551353455,0.8517193794250488,0.30896469950675964,-0.5766803622245789,1.0828579664230347,0.25051528215408325,-0.5670421719551086,0.607864260673523,0.20319809019565582,-1.0249379873275757,0.39472711086273193,0.5879313349723816,-1.035188913345337,0.3810603618621826,0.6557754874229431,-1.013342261314392,0.3648034930229187,0.6323467493057251,-0.9806507229804993,-0.023460129275918007,0.04601109400391579,-1.0981335639953613,-0.09606658667325974,0.5259179472923279,-0.8899262547492981,0.012491980567574501,0.5810089111328125,-0.728732168674469,0.052439939230680466,0.5440964698791504,-0.7328829169273376,-0.615151584148407,-0.001839668257161975,-1.1467692852020264,-0.6430533528327942,0.3363801836967468,-1.1376436948776245,-0.5129942297935486,0.45281076431274414,-1.0700511932373047,-0.3560311794281006,0.49315235018730164,-1.018518090248108,-0.9625577926635742,-0.0016076242318376899,-0.9763925075531006,-1.128708004951477,0.012781129218637943,-1.1896042823791504,-1.2932711839675903,-0.03576686233282089,-1.2077641487121582,-1.3841197490692139,-0.11102043092250824,-1.20047128200531,0.8347681164741516,-1.4100449085235596,-1.4136708974838257,-1.1867916584014893,0.26048341393470764,0.3623177111148834,0.31205493211746216,0.48072075843811035,0.628679633140564,0.5233670473098755,0.7696335911750793,-0.7404175996780396,-0.19489651918411255,-0.8735108971595764
3,0.0,0.0,0.0,0.7961007952690125,0.6817114353179932,-0.6607289910316467,0.8141520619392395,0.41248536109924316,-0.6909393668174744,0.8754020929336548,0.24281366169452667,-0.6397517919540405,1.105360746383667,0.16533218324184418,-0.6043548583984375,0.6733251214027405,0.11200234293937683,-1.0479090213775635,0.35523951053619385,0.5245745182037354,-0.9795710444450378,0.36210328340530396,0.5693251490592957,-0.8452711701393127,0.3515070676803589,0.5299768447875977,-0.7556096911430359,0.06049678847193718,-0.03756238520145416,-1.097763180732727,-0.09695596247911453,0.44565126299858093,-0.8338958621025085,0.008602641522884369,0.48041048645973206,-0.5403286218643188,0.06869444251060486,0.4047028720378876,-0.4555358588695526,-0.5383729934692383,-0.09458822757005692,-1.1171598434448242,-0.6027588844299316,0.2640856206417084,-1.051603078842163,-0.5019346475601196,0.3453471064567566,-0.8371731042861938,-0.3595360815525055,0.3385446071624756,-0.7318570017814636,-0.9034095406532288,-0.11438152194023132,-0.9292837977409363,-1.0557612180709839,-0.05846303328871727,-1.1722124814987183,-1.2103078365325928,-0.1330033540725708,-1.1939507722854614,-1.296546459197998,-0.24438180029392242,-1.1963213682174683,0.7706473469734192,-1.5345497131347656,-1.4669349193572998,-1.258459448814392,0.09366928786039352,0.3623177111148834,0.31205493211746216,0.48072075843811035,0.628679633140564,0.5233670473098755,0.7696335911750793,-0.9665734767913818,-0.9055626392364502,-0.9255778193473816
3,0.0,0.0,0.0,0.8617697358131409,0.691138744354248,-0.44103920459747314,0.8703064322471619,0.42326846718788147,-0.43365105986595154,0.9657331705093384,0.24573197960853577,-0.37552911043167114,1.1886632442474365,0.18170508742332458,-0.34031981229782104,0.6771921515464783,0.08588340878486633,-0.7445160746574402,0.5148593187332153,0.5163983106613159,-0.6166649460792542,0.42823657393455505,0.49059346318244934,-0.4737400710582733,0.3092701733112335,0.42231979966163635,-0.40588974952697754,0.054307762533426285,-0.047745585441589355,-0.785191535949707,0.0269378200173378,0.4566844403743744,-0.47352147102355957,0.06640761345624924,0.42048463225364685,-0.22471337020397186,0.03931562602519989,0.3393727242946625,-0.22095687687397003,-0.5365427136421204,-0.09428778290748596,-0.7997313737869263,-0.5030516982078552,0.2807926535606384,-0.694839358329773,-0.4721483588218689,0.29740041494369507,-0.6078293323516846,-0.45711103081703186,0.2747483253479004,-0.651212215423584,-0.8954904079437256,-0.10571561008691788,-0.6651039719581604,-1.0063514709472656,-0.010094556957483292,-0.9111239314079285,-1.1690703630447388,-0.1155412495136261,-1.0456323623657227,-1.2734946012496948,-0.23006746172904968,-1.1452913284301758,0.7606317400932312,-1.6086618900299072,-1.565767526626587,-1.3929651975631714,-0.23888985812664032,0.3623177111148834,0.31205493211746216,0.48072075843811035,0.628679633140564,-1.9107049703598022,-0.09436118602752686,-0.4294669032096863,-0.5444940328598022,0.7025431394577026
3,0.0,0.0,0.0,0.8809715509414673,0.6669118404388428,-0.19623617827892303,0.8771978616714478,0.4131282567977905,-0.20016491413116455,0.9782442450523376,0.2403300404548645,-0.15317851305007935,1.2072906494140625,0.1992163509130478,-0.1314556747674942,0.7186780571937561,0.12847085297107697,-0.5073689818382263,0.5292699337005615,0.5585607290267944,-0.3674691915512085,0.4002781808376312,0.5186437964439392,-0.2699347734451294,0.29701486229896545,0.44372421503067017,-0.2662518620491028,0.09209367632865906,-0.011198729276657104,-0.553264319896698,0.06454712897539139,0.46620991826057434,-0.22076719999313354,0.08281765133142471,0.42629891633987427,0.0035415771417319775,0.06772272288799286,0.345794141292572,-0.0553947351872921,-0.5060855746269226,-0.06405680626630783,-0.5729126334190369,-0.44337043166160583,0.2870492935180664,-0.45035114884376526,-0.43852442502975464,0.30553942918777466,-0.3866193890571594,-0.43556085228919983,0.27767670154571533,-0.5023673176765442,-0.8630437850952148,-0.08252913504838943,-0.47140195965766907,-0.9556541442871094,0.020144131034612656,-0.7462615966796875,-1.1247624158859253,-0.07798910140991211,-0.9262608885765076,-1.2362406253814697,-0.20603251457214355,-1.0791385173797607,0.7983458042144775,-1.6679140329360962,-1.6112830638885498,-1.4435522556304932,-0.37053775787353516,0.3623177111148834,0.31205493211746216,0.48072075843811035,0.628679633140564,-1.9107049703598022,-0.09436118602752686,-0.3088690936565399,-0.6518383622169495,0.21099919080734253
3,0.0,0.0,0.0,-1.5264838933944702,0.33046478033065796,0.7532222867012024,-1.8382922410964966,0.5034844875335693,1.00068199634552,-2.1133792400360107,0.49658870697021484,1.1295138597488403,-2.39125919342041,0.5031455755233765,1.2260875701904297,-3.2790470123291016,0.36430951952934265,1.3300743103027344,-3.0222325325012207,0.7263057231903076,1.3527328968048096,-2.5154664516448975,0.8506730198860168,1.2417409420013428,-1.9511594772338867,0.9421499967575073,1.2350505590438843,-3.382530927658081,0.4600900709629059,1.625126838684082,-3.3037285804748535,0.7179402112960815,1.6221504211425781,-2.853522300720215,0.8311317563056946,1.492748737335205,-2.218127965927124,0.959128737449646,1.4020965099334717,-2.902200222015381,0.5510778427124023,2.0166847705841064,-3.253178119659424,0.7256430387496948,1.6961404085159302,-3.6448068618774414,0.8614842891693115,1.398804783821106,-3.3043410778045654,0.9913685917854309,1.2273409366607666,-2.2216155529022217,0.6554110050201416,2.252324104309082,-2.602673292160034,0.5152403712272644,2.025192975997925,-2.9962220191955566,0.5121456384658813,1.8369035720825195,-3.056764841079712,0.5581565499305725,1.718199610710144,0.9461448788642883,-0.6281309723854065,-0.35443419218063354,-0.14267173409461975,0.8983293175697327,0.3623177111148834,0.31205493211746216,0.48072075843811035,0.628679633140564,0.5233670473098755,0.7696335911750793,-0.9252256751060486,0.14569489657878876,-0.5728679895401001
3,0.0,0.0,0.0,-1.5020978450775146,0.28797492384910583,1.1970628499984741,-1.7721776962280273,0.46847793459892273,1.373165488243103,-2.025017738342285,0.48791423439979553,1.4540460109710693,-2.2788031101226807,0.5167477130889893,1.5048274993896484,-3.22849702835083,0.3882838189601898,1.4149411916732788,-2.956176280975342,0.7436195015907288,1.4581775665283203,-2.4786276817321777,0.857290506362915,1.359702229499817,-1.9190540313720703,0.9448786973953247,1.3486104011535645,-3.342707395553589,0.4810180366039276,1.5715118646621704,-3.248220205307007,0.7402645945549011,1.5735995769500732,-2.8064310550689697,0.8413210511207581,1.431652545928955,-2.1602962017059326,0.9675343632698059,1.3337849378585815,-2.8737239837646484,0.5696983933448792,1.7918843030929565,-3.1889915466308594,0.7371565699577332,1.4998295307159424,-3.5372092723846436,0.8683165907859802,1.150625467300415,-3.1771371364593506,0.9940741062164307,0.9652941226959229,-2.2061755657196045,0.6771287322044373,1.8751649856567383,-2.6235408782958984,0.49503567814826965,1.6470695734024048,-3.063267946243286,0.4796154499053955,1.4206253290176392,-3.163160562515259,0.5169235467910767,1.2874512672424316,0.7994462847709656,-0.6460197567939758,-0.3675471246242523,-0.15164175629615784,1.0213897228240967,0.3623177111148834,0.31205493211746216,0.48072075843811035,0.628679633140564,0.5233670473098755,0.7696335911750793,-0.9414849877357483,0.11480122059583664,-0.6671653389930725
5,0.0,0.0,0.0,-1.084213376045227,0.6554465293884277,1.5475355386734009,-1.0887763500213623,1.041993260383606,1.4221688508987427,-1.077516794204712,1.1449484825134277,1.414055585861206,-1.0860552787780762,1.2144805192947388,1.3622819185256958,-1.6081961393356323,1.4966697692871094,0.5593375563621521,-1.5449823141098022,1.3139538764953613,0.7181470990180969,-1.4532924890518188,1.358182668685913,0.8138758540153503,-1.3069400787353516,1.4651055335998535,0.8813042640686035,-1.4394330978393555,1.6247358322143555,0.442941278219223,-1.4782960414886475,1.3444443941116333,0.7979843020439148,-1.4790223836898804,1.4030811786651611,1.0313093662261963,-1.3107140064239502,1.5204858779907227,1.0940474271774292,-0.9922041296958923,1.6790554523468018,0.39362356066703796,-1.192995309829712,1.3809692859649658,0.867041826248169,-1.518419623374939,1.4453898668289185,1.0334068536758423,-1.5547959804534912,1.568044900894165,0.9512977004051208,-0.504757285118103,1.7056642770767212,0.40382885932922363,-0.6447648406028748,1.4631731510162354,0.8164138197898865,-0.6773709058761597,1.4894670248031616,0.9405322670936584,-0.6343013048171997,1.5858309268951416,0.9412349462509155,0.16285757720470428,0.42821750044822693,0.7511651515960693,1.0472004413604736,1.0470598936080933,0.3623177111148834,0.31205493211746216,0.48072075843811035,0.628679633140564,0.5233670473098755,0.7696335911750793,-1.3033593893051147,-1.9894272089004517,-2.3218324184417725
5,0.0,0.0,0.0,0.7226532697677612,-0.679637610912323,0.6467201709747314,0.7454044818878174,-0.5198641419410706,0.2518042325973511,0.726298451423645,-0.4305475354194641,-0.06888891756534576,0.5259000658988953,-0.2324768304824829,-0.249872088432312,-0.042526472359895706,-0.4349046051502228,-0.09509141743183136,0.2626505196094513,-0.6041474342346191,-0.31435275077819824,0.4192332923412323,-0.7684383988380432,-0.4855581223964691,0.46892592310905457,-0.892566442489624,-0.6237033009529114,-0.48127952218055725,-0.328301340341568,-0.6393401026725769,0.028855424374341965,-0.5913878083229065,-1.3725345134735107,0.3835590183734894,-0.8045798540115356,-2.063948154449463,0.5863470435142517,-0.9850461483001709,-2.369302749633789,-0.6655666828155518,-0.20393039286136627,-1.3174718618392944,0.4372606575489044,-0.22442428767681122,-1.5803097486495972,0.6555617451667786,-0.046765562146902084,-1.2156219482421875,0.44145917892456055,0.05532217025756836,-0.6765254735946655,-0.5557286143302917,-0.07630811631679535,-2.0175435543060303,0.33079999685287476,-0.10650098323822021,-1.6731585264205933,0.3609722852706909,0.055328618735075,-1.0423176288604736,0.13280673325061798,0.14230100810527802,-0.5563850998878479,0.35044053196907043,0.7557957172393799,0.6397653222084045,-0.34442833065986633,-0.6248360872268677,0.3623177111148834,0.31205493211746216,0.48072075843811035,0.628679633140564,0.5233670473098755,0.7696335911750793,-1.2199500799179077,-1.875329613685608,3.1418445110321045
5,0.0,0.0,0.0,0.8171401619911194,-0.6871011257171631,0.49700042605400085,0.7808223366737366,-0.473808616399765,0.025403019040822983,0.7514877319335938,-0.4052404761314392,-0.35737404227256775,0.5316975116729736,-0.21963651478290558,-0.6119687557220459,-0.0793592631816864,-0.4188198447227478,-0.24094273149967194,0.23708578944206238,-0.6049242615699768,-0.5237230658531189,0.3943382501602173,-0.7799915671348572,-0.7502457499504089,0.43854281306266785,-0.9178402423858643,-0.9107358455657959,-0.5042780041694641,-0.2989451289176941,-0.7931243777275085,0.04451565071940422,-0.571377694606781,-1.5349022150039673,0.38879239559173584,-0.7742282748222351,-2.2504162788391113,0.5771011710166931,-0.9562126398086548,-2.569366216659546,-0.6627051830291748,-0.16311867535114288,-1.4871282577514648,0.47105133533477783,-0.186458557844162,-1.7856371402740479,0.7100217938423157,-0.007758678402751684,-1.5074058771133423,0.5014832019805908,0.10631423443555832,-1.0058577060699463,-0.5416930913925171,-0.04212694242596626,-2.180901288986206,0.3373906910419464,-0.07656852900981903,-1.915255069732666,0.3935496509075165,0.08201809972524643,-1.3468459844589233,0.17400912940502167,0.16953447461128235,-0.8877122402191162,0.44485992193222046,0.7544158101081848,0.6169084906578064,-0.35942816734313965,-0.5891636610031128,0.3623177111148834,0.31205493211746216,0.48072075843811035,0.628679633140564,0.5233670473098755,0.7696335911750793,1.3135907649993896,2.344510793685913,3.245476722717285
0,0.0,0.0,0.0,0.8448641896247864,0.8230741024017334,-0.5348378419876099,0.9006446599960327,0.9482519626617432,-0.6482782959938049,0.7429519891738892,0.9663802981376648,-0.6860889196395874,0.4333230257034302,0.9452502727508545,-0.7369686961174011,0.7029157280921936,0.6208959221839905,-1.0162129402160645,0.5711287260055542,0.8852555751800537,-1.092287540435791,0.5325395464897156,0.8277472853660583,-1.116682767868042,0.4421667158603668,0.756602942943573,-1.1120518445968628,0.058297049254179,0.5497456789016724,-1.1188384294509888,0.1600705087184906,0.8595133423805237,-1.0352739095687866,0.24654017388820648,0.7819000482559204,-0.8876616954803467,0.2183317095041275,0.6983183026313782,-0.8396143317222595,-0.4963832497596741,0.5228270292282104,-1.2012430429458618,-0.3056342601776123,0.8146538734436035,-0.9016736745834351,-0.2323930561542511,0.7431395053863525,-0.5877407193183899,-0.2165544480085373,0.66580730676651,-0.41459330916404724,-0.841107189655304,0.5195647478103638,-1.1637115478515625,-0.5755643844604492,0.7845156788825989,-0.950568675994873,-0.45546454191207886,0.7123124003410339,-0.8305240869522095,-0.4159577488899231,0.6478408575057983,-0.7685142159461975,-0.3403167128562927,-0.8997241854667664,-0.9097092747688293,-0.8596485257148743,-0.8142641186714172,0.3623177111148834,0.31205493211746216,0.48072075843811035,0.628679633140564,0.5233670473098755,0.7696335911750793,1.1513227224349976,0.5014196634292603,-0.13203087449073792
0,0.0,0.0,0.0,0.8117985129356384,0.8254218101501465,-0.5033661723136902,0.875536322593689,0.9265393614768982,-0.6038697957992554,0.7291523814201355,0.9193603992462158,-0.6291765570640564,0.4261273145675659,0.8815697431564331,-0.6690915822982788,0.6816457509994507,0.5746514201164246,-0.9858463406562805,0.5539148449897766,0.8560456037521362,-1.0599569082260132,0.5185557007789612,0.8211826682090759,-1.0817371606826782,0.42476561665534973,0.757117748260498,-1.0714547634124756,0.03814704716205597,0.4998462498188019,-1.0819321870803833,0.12396539747714996,0.8297334909439087,-0.994840681552887,0.217617928981781,0.7677071690559387,-0.8543617129325867,0.18962088227272034,0.6896880865097046,-0.8138731718063354,-0.5184307098388672,0.4714180827140808,-1.1522423028945923,-0.3414611518383026,0.7803034782409668,-0.8578061461448669,-0.2670567035675049,0.7218518853187561,-0.5478660464286804,-0.24855248630046844,0.6461297273635864,-0.3834388852119446,-0.8632506132125854,0.46769553422927856,-1.1006829738616943,-0.6046023964881897,0.7453482151031494,-0.8898764252662659,-0.4830358624458313,0.6878244280815125,-0.7614904642105103,-0.4413115978240967,0.6267657279968262,-0.6947578191757202,-0.285304993391037,-0.9739135503768921,-0.9909797310829163,-0.9459009170532227,-0.9062439799308777,0.3623177111148834,0.31205493211746216,0.48072075843811035,0.628679633140564,0.5233670473098755,0.7696335911750793,1.1713310480117798,0.6309669613838196,-0.7791386842727661
0,0.0,0.0,0.0,0.8479714393615723,0.8760640621185303,-0.547742486000061,0.9003625512123108,0.9846392869949341,-0.6628634333610535,0.7419226169586182,0.9902637600898743,-0.7012034058570862,0.43113893270492554,0.9491339325904846,-0.7510358691215515,0.7245244979858398,0.6383292078971863,-1.0497795343399048,0.5700402855873108,0.8898833990097046,-1.1377662420272827,0.536065936088562,0.826977550983429,-1.1644748449325562,0.45471033453941345,0.7518518567085266,-1.1564488410949707,0.08231622725725174,0.5534937977790833,-1.1550313234329224,0.15771035850048065,0.866916835308075,-1.0693230628967285,0.25006556510925293,0.7809414267539978,-0.9012317061424255,0.23197273910045624,0.6927458047866821,-0.8319404125213623,-0.4762670397758484,0.520473837852478,-1.2426186800003052,-0.3086128234863281,0.8206680417060852,-0.9323171973228455,-0.23639445006847382,0.7385915517807007,-0.575806200504303,-0.21412433683872223,0.6552067995071411,-0.36650288105010986,-0.8321058750152588,0.5113891363143921,-1.2090365886688232,-0.586245596408844,0.7866438031196594,-1.0031871795654297,-0.46674180030822754,0.7038593888282776,-0.8732382655143738,-0.4211916923522949,0.63039231300354,-0.7934563159942627,-0.29736021161079407,-0.8664494156837463,-0.8985409140586853,-0.8558202385902405,-0.8066812753677368,0.3623177111148834,0.31205493211746216,0.48072075843811035,0.628679633140564,0.5233670473098755,0.7696335911750793,1.23667573928833,0.658185601234436,-0.2018788605928421
0,0.0,0.0,0.0,0.8578689694404602,0.9046969413757324,-0.5716753602027893,0.9106692671775818,1.0110279321670532,-0.7041505575180054,0.7735733985900879,1.0296494960784912,-0.7598789930343628,0.4956885874271393,1.0003376007080078,-0.8257668614387512,0.751024067401886,0.6712332963943481,-1.0540671348571777,0.6302996277809143,0.923801600933075,-1.1276482343673706,0.570661723613739,0.860580563545227,-1.1432206630706787,0.46764054894447327,0.7809421420097351,-1.1331212520599365,0.11073116958141327,0.5905008912086487,-1.1658493280410767,0.20469212532043457,0.8978458642959595,-1.0673092603683472,0.2770054042339325,0.812218427658081,-0.8887442946434021,0.25444233417510986,0.7223086357116699,-0.8180724382400513,-0.44766899943351746,0.5624279975891113,-1.2663583755493164,-0.2638361155986786,0.8508939743041992,-0.9343074560165405,-0.19013656675815582,0.7664865851402283,-0.5720610022544861,-0.16860923171043396,0.6810181140899658,-0.36981791257858276,-0.8032010197639465,0.5548257827758789,-1.2487571239471436,-0.5575305223464966,0.8144161105155945,-1.0210133790969849,-0.4341232478618622,0.7296206951141357,-0.880484402179718,-0.3846058249473572,0.6543517708778381,-0.8029921650886536,-0.16644108295440674,-0.8079735636711121,-0.8442330360412598,-0.7908899188041687,-0.7309931516647339,0.3623177111148834,0.31205493211746216,0.48072075843811035,0.628679633140564,0.5233670473098755,0.7696335911750793,1.1271744966506958,0.7862554788589478,-0.4721991717815399
0,0.0,0.0,0.0,0.8517717719078064,0.8255929350852966,-0.5451585650444031,0.8736314177513123,0.9556799530982971,-0.6920270323753357,0.7137364745140076,0.9916689991950989,-0.7488279938697815,0.43825218081474304,0.9828779697418213,-0.8101332783699036,0.6947742700576782,0.6059504151344299,-1.0738104581832886,0.5507019758224487,0.8843725323677063,-1.1516169309616089,0.5210542678833008,0.8278882503509521,-1.1817811727523804,0.45123544335365295,0.7537205219268799,-1.1824910640716553,0.05412505567073822,0.5375701189041138,-1.1836737394332886,0.16424866020679474,0.8556050062179565,-1.080540657043457,0.24825674295425415,0.7679104208946228,-0.9063302278518677,0.22077105939388275,0.67476886510849,-0.8398553133010864,-0.49506476521492004,0.5191755890846252,-1.2681559324264526,-0.2820230722427368,0.8166207671165466,-0.9195416569709778,-0.20806770026683807,0.735531747341156,-0.5250632762908936,-0.1949143409729004,0.6525612473487854,-0.30244770646095276,-0.8362110257148743,0.5286382436752319,-1.2287489175796509,-0.5621393322944641,0.785757303237915,-0.9911596179008484,-0.4404181241989136,0.699717104434967,-0.8366401791572571,-0.39464789628982544,0.6247120499610901,-0.7452576756477356,-0.3027248680591583,-0.9177872538566589,-0.916789710521698,-0.8710605502128601,-0.8020806312561035,0.3623177111148834,0.31205493211746216,0.48072075843811035,0.628679633140564,0.5233670473098755,0.7696335911750793,1.0427666902542114,0.8543775081634521,-0.15212203562259674
0,0.0,0.0,0.0,0.9228693842887878,0.9038687348365784,-0.43974971771240234,0.9715851545333862,0.9562397599220276,-0.5425260066986084,0.8004114031791687,0.963413417339325,-0.5664206147193909,0.4608469307422638,0.9486223459243774,-0.5960155129432678,0.7484179139137268,0.5994737148284912,-0.9285526275634766,0.6050837635993958,0.8830169439315796,-0.9572476744651794,0.5573451519012451,0.8386014699935913,-0.9366487860679626,0.45902398228645325,0.7632566690444946,-0.9157629013061523,0.10096725821495056,0.5200828313827515,-1.038439154624939,0.1857663094997406,0.8650291562080383,-0.8924897909164429,0.2786703407764435,0.798856258392334,-0.6926247477531433,0.2583446204662323,0.7073799967765808,-0.6414983868598938,-0.4532478153705597,0.5014097094535828,-1.1259478330612183,-0.24491600692272186,0.835379958152771,-0.7496083378791809,-0.16567178070545197,0.7671653628349304,-0.37117239832878113,-0.16504515707492828,0.680037260055542,-0.20942182838916779,-0.7925581932067871,0.5104658603668213,-1.1132066249847412,-0.5191181302070618,0.8167758584022522,-0.8512701392173767,-0.39475443959236145,0.7522820234298706,-0.7099391222000122,-0.36177095770835876,0.6786243915557861,-0.6633216738700867,-0.5028479695320129,-0.9737696051597595,-0.9941880702972412,-0.9451295733451843,-0.8662348985671997,0.3623177111148834,0.31205493211746216,0.48072075843811035,0.628679633140564,0.5233670473098755,0.7696335911750793,0.7339413166046143,0.5556750297546387,-0.17146630585193634
0,0.0,0.0,0.0,-0.864067018032074,0.8164937496185303,-0.5239459872245789,-0.9628286957740784,0.8684315085411072,-0.7166574001312256,-0.7592985033988953,0.9283942580223083,-0.7877659201622009,-0.46777766942977905,0.9393442869186401,-0.8267742395401001,-0.8562992811203003,0.4026472568511963,-0.7221024036407471,-0.7498196363449097,0.7800020575523376,-0.6661273241043091,-0.7209576964378357,0.6993971467018127,-0.6967593431472778,-0.6508339643478394,0.6093380451202393,-0.7734382748603821,-0.37392348051071167,0.3400174677371979,-0.7252200841903687,-0.42270317673683167,0.7403090000152588,-0.5106112360954285,-0.41365158557891846,0.6115628480911255,-0.34023359417915344,-0.3394235074520111,0.5007395148277283,-0.3344179093837738,0.12362463772296906,0.30681419372558594,-0.6723753809928894,-0.021542111411690712,0.6847325563430786,-0.4058524966239929,-0.046204566955566406,0.5651061534881592,-0.030386734753847122,-0.00356827350333333,0.4509298503398895,0.14174753427505493,0.49288851022720337,0.2939588725566864,-0.5593658685684204,0.33446991443634033,0.5966159701347351,-0.5173549056053162,0.29578423500061035,0.5100685358047485,-0.41217121481895447,0.2952677607536316,0.4024955630302429,-0.33044397830963135,-1.402404546737671,-1.280242919921875,-1.2879694700241089,-1.2883447408676147,-1.1890997886657715,-2.7600085735321045,0.31205493211746216,0.48072075843811035,0.628679633140564,-1.9107049703598022,-0.9583560228347778,-0.4172775149345398,-0.46011409163475037,-0.18665651977062225
0,0.0,0.0,0.0,-0.8197579383850098,0.7664836645126343,-0.5509247779846191,-0.942402184009552,0.8328439593315125,-0.7536364197731018,-0.7809658646583557,0.8780113458633423,-0.8218088746070862,-0.5044552683830261,0.8942925333976746,-0.8486225008964539,-0.9458960890769958,0.37660014629364014,-0.8068534135818481,-0.8253348469734192,0.725864052772522,-0.7836750745773315,-0.7191840410232544,0.637438952922821,-0.7865387201309204,-0.6124661564826965,0.549407958984375,-0.8204790949821472,-0.49479416012763977,0.30708223581314087,-0.8256574273109436,-0.4901552200317383,0.7207600474357605,-0.6592744588851929,-0.4177685081958771,0.5924117565155029,-0.46079057455062866,-0.32139718532562256,0.4769256114959717,-0.38847094774246216,0.010376667603850365,0.27209049463272095,-0.7978836297988892,-0.08710175007581711,0.6741688251495361,-0.5616337060928345,-0.09045051038265228,0.5572800040245056,-0.10797378420829773,-0.030900869518518448,0.43479469418525696,0.16365933418273926,0.4128465950489044,0.2569153606891632,-0.6985250115394592,0.2657088339328766,0.5866689682006836,-0.6656679511070251,0.24391816556453705,0.5074753165245056,-0.5197964906692505,0.26357394456863403,0.3906916081905365,-0.38389283418655396,-1.1935317516326904,-1.2251520156860352,-1.259135365486145,-1.2850617170333862,-1.2252715826034546,0.3623177111148834,0.31205493211746216,0.48072075843811035,0.628679633140564,-1.9107049703598022,-0.09436118602752686,-0.4963567852973938,-0.4575987756252289,0.1798086166381836
0,0.0,0.0,0.0,-0.8126286268234253,0.7454208731651306,-0.48822975158691406,-0.9217206835746765,0.7914391160011292,-0.6968417167663574,-0.7633126378059387,0.8412958383560181,-0.776902437210083,-0.518815279006958,0.8485233783721924,-0.8122624754905701,-0.9232836365699768,0.38675764203071594,-0.765902578830719,-0.8420963287353516,0.6949567198753357,-0.7794874310493469,-0.714787483215332,0.6294837594032288,-0.779186487197876,-0.5787261128425598,0.5576146841049194,-0.7762457728385925,-0.4642757773399353,0.33752721548080444,-0.7757348418235779,-0.499822735786438,0.7218638062477112,-0.6240905523300171,-0.42673707008361816,0.6165367364883423,-0.37687742710113525,-0.3270691931247711,0.5175414085388184,-0.22185753285884857,0.032485298812389374,0.3256208598613739,-0.7425616383552551,-0.11110756546258926,0.6927235126495361,-0.5193412899971008,-0.12830416858196259,0.58521968126297,-0.008007775992155075,-0.07947848737239838,0.47730547189712524,0.34573420882225037,0.40144532918930054,0.3308756649494171,-0.6331150531768799,0.2293485403060913,0.6331884264945984,-0.5697937607765198,0.20096096396446228,0.5483738780021667,-0.3717159330844879,0.21286745369434357,0.43539509177207947,-0.1690569370985031,-1.2641581296920776,-1.168946385383606,-1.232689619064331,-1.2367379665374756,-1.15525484085083,0.3623177111148834,0.31205493211746216,0.48072075843811035,0.628679633140564,-1.9107049703598022,-0.09436118602752686,-0.5519408583641052,-0.3432997167110443,0.45840513706207275
0,0.0,0.0,0.0,-0.8377507925033569,0.6925123929977417,-0.6426541209220886,-0.9332655668258667,0.7141566276550293,-0.825554609298706,-0.7920548915863037,0.8117871284484863,-0.8767387866973877,-0.5430504679679871,0.8464572429656982,-0.8914687633514404,-0.7546502351760864,0.4088044762611389,-0.9541512131690979,-0.7413930296897888,0.7068279981613159,-0.9359911680221558,-0.6529693007469177,0.6221828460693359,-0.9250687956809998,-0.5369077324867249,0.538737952709198,-0.9440582990646362,-0.27159446477890015,0.3796122670173645,-0.9487649202346802,-0.44452202320098877,0.7470670342445374,-0.7980732321739197,-0.3984006345272064,0.6308843493461609,-0.5849599242210388,-0.29805219173431396,0.5218188762664795,-0.48179522156715393,0.2015765905380249,0.38250288367271423,-0.8696724772453308,-0.05966787412762642,0.7265769243240356,-0.6470959186553955,-0.09392935037612915,0.608914315700531,-0.1662837415933609,-0.02900674194097519,0.49543049931526184,0.13567659258842468,0.5271154046058655,0.39447423815727234,-0.679157555103302,0.2778528034687042,0.6735903024673462,-0.7200645804405212,0.252433717250824,0.5819529891014099,-0.611401379108429,0.2837257385253906,0.4678203761577606,-0.48031508922576904,-1.3600317239761353,-1.1254680156707764,-1.1603522300720215,-1.143223762512207,-1.0393328666687012,0.3623177111148834,0.31205493211746216,0.48072075843811035,0.628679633140564,0.5233670473098755,0.7696335911750793,-0.7320183515548706,-0.2036799043416977,0.6972583532333374
0,0.0,0.0,0.0,-0.8814682364463806,0.6416527032852173,-0.586705207824707,-0.9643075466156006,0.6834452152252197,-0.771972119808197,-0.8317620754241943,0.782038688659668,-0.8232206702232361,-0.6057708859443665,0.835868775844574,-0.8417119979858398,-0.8095866441726685,0.4158514738082886,-0.9267613887786865,-0.7896259427070618,0.7235700488090515,-0.8883044719696045,-0.6827513575553894,0.6211138963699341,-0.8656614422798157,-0.5654375553131104,0.5373793840408325,-0.8814071416854858,-0.3423215448856354,0.3969479501247406,-0.9171889424324036,-0.5234354138374329,0.7532517313957214,-0.7379983067512512,-0.426761656999588,0.6275987029075623,-0.49884504079818726,-0.29437676072120667,0.5302025675773621,-0.39029747247695923,0.12908688187599182,0.4038184881210327,-0.8244458436965942,-0.1389692723751068,0.7339687347412109,-0.5895169973373413,-0.14375236630439758,0.6057244539260864,-0.11097794026136398,-0.0455639474093914,0.4928029477596283,0.17901574075222015,0.46167683601379395,0.41977861523628235,-0.6171445846557617,0.21092723309993744,0.6868420839309692,-0.6450146436691284,0.2050577849149704,0.5843594670295715,-0.5465812683105469,0.25673598051071167,0.46407341957092285,-0.43428853154182434,-1.308229684829712,-1.1273155212402344,-1.1397371292114258,-1.130033254623413,-1.0192729234695435,0.3623177111148834,0.31205493211746216,0.48072075843811035,0.628679633140564,-1.9107049703598022,-0.09436118602752686,-0.745596706867218,-0.21899211406707764,0.8492144346237183
0,0.0,0.0,0.0,-0.8363853693008423,0.7199849486351013,-0.5770981907844543,-0.941284716129303,0.7296015024185181,-0.7605246901512146,-0.7735191583633423,0.7955118417739868,-0.8081382513046265,-0.4974899888038635,0.8087519407272339,-0.8199731707572937,-0.8140497207641602,0.3882097899913788,-0.8924054503440857,-0.7466901540756226,0.6810526847839355,-0.8625364303588867,-0.6840953826904297,0.6277089715003967,-0.8519399762153625,-0.582229733467102,0.5467178821563721,-0.8808153867721558,-0.3333323001861572,0.3418784439563751,-0.8945526480674744,-0.40620848536491394,0.7090834975242615,-0.7237334847450256,-0.39560630917549133,0.623408317565918,-0.5133585929870605,-0.3183775246143341,0.5238662958145142,-0.4283580183982849,0.151418536901474,0.3342556357383728,-0.8280024528503418,-0.026342466473579407,0.686371386051178,-0.5664849281311035,-0.11682094633579254,0.5995571613311768,-0.1001804992556572,-0.10927631705999374,0.5011737942695618,0.15670867264270782,0.49601492285728455,0.33927059173583984,-0.6570044755935669,0.2972882390022278,0.6285756826400757,-0.64902263879776,0.23611916601657867,0.5622057318687439,-0.5389177799224854,0.22946327924728394,0.46209996938705444,-0.4322896897792816,-1.4944497346878052,-1.1724342107772827,-1.2169873714447021,-1.2103327512741089,-1.1140437126159668,-2.7600085735321045,0.31205493211746216,0.48072075843811035,0.628679633140564,0.5233670473098755,-0.09436118602752686,-0.9398837089538574,-0.1687728762626648,1.0912386178970337
0,0.0,0.0,0.0,-0.8112322688102722,0.7253929972648621,-0.6159317493438721,-0.9391356706619263,0.7181106805801392,-0.7886226773262024,-0.7897534370422363,0.7593743801116943,-0.8374266624450684,-0.5241730213165283,0.7670984864234924,-0.8332369923591614,-0.8975111842155457,0.3289973735809326,-0.8054831624031067,-0.8219316601753235,0.6532143354415894,-0.8128371238708496,-0.7085974812507629,0.6523434519767761,-0.7833159565925598,-0.5737253427505493,0.5832154154777527,-0.7806341052055359,-0.432559996843338,0.27244412899017334,-0.7863960266113281,-0.47951456904411316,0.6711388826370239,-0.6797683238983154,-0.4400884807109833,0.6263454556465149,-0.4386711120605469,-0.35164400935173035,0.5196710228919983,-0.29130321741104126,0.06436152011156082,0.25026294589042664,-0.7210617661476135,-0.07043896615505219,0.6450796723365784,-0.5259132981300354,-0.14261430501937866,0.5850633978843689,-0.0148352961987257,-0.13749422132968903,0.47649258375167847,0.30183058977127075,0.43772292137145996,0.24605348706245422,-0.5783399343490601,0.2642733156681061,0.5682275891304016,-0.5716052055358887,0.2076195478439331,0.5279489159584045,-0.42298322916030884,0.19160230457782745,0.4308725595474243,-0.27598896622657776,-1.384553074836731,-1.2199825048446655,-1.2723608016967773,-1.3135173320770264,-1.2691246271133423,0.3623177111148834,0.31205493211746216,0.48072075843811035,0.628679633140564,0.5233670473098755,0.7696335911750793,-0.9062337875366211,-0.09692499041557312,1.0503798723220825
0,0.0,0.0,0.0,0.7836617231369019,1.3487584590911865,-0.14048618078231812,0.6808744668960571,1.4024364948272705,-0.22566843032836914,0.5078858137130737,1.3576401472091675,-0.22994208335876465,0.27694061398506165,1.301552653312683,-0.2450702041387558,-0.09896200895309448,2.1184582710266113,-0.2826250493526459,-0.15336500108242035,1.6666662693023682,-0.12646131217479706,-0.058691155165433884,1.5380868911743164,-0.007141771726310253,0.0013993345201015472,1.4988069534301758,0.08296449482440948,-0.7592496871948242,1.9436638355255127,-0.09904581308364868,-0.5905296206474304,1.4192306995391846,0.24821919202804565,-0.3673352003097534,1.2732924222946167,0.4091693162918091,-0.24105848371982574,1.2207287549972534,0.4486686885356903,-1.1692301034927368,1.6385139226913452,0.25349289178848267,-0.9728356599807739,1.17633855342865,0.6647700071334839,-0.8959701657295227,1.0458112955093384,0.8275036215782166,-0.7852736711502075,1.0048942565917969,0.7447036504745483,-1.3220689296722412,1.2995258569717407,0.7179813385009766,-1.0788164138793945,1.0208414793014526,0.9977752566337585,-0.8938823342323303,0.9133700728416443,1.0821613073349,-0.7405376434326172,0.8763092756271362,1.051741600036621,0.28288424015045166,1.1467881202697754,0.8639272451400757,0.47605347633361816,0.038655657321214676,0.3623177111148834,0.31205493211746216,-2.080209732055664,-1.5906352996826172,-1.9107049703598022,-1.8223508596420288,-0.2618967890739441,1.7195250988006592,-0.6739534139633179
0,0.0,0.0,0.0,0.6641473770141602,1.4967668056488037,1.14089834690094,0.47497475147247314,1.403308629989624,1.0669524669647217,0.291302353143692,1.2745435237884521,1.0849171876907349,0.09971357136964798,1.1805148124694824,1.1039329767227173,-0.1506546586751938,2.0725975036621094,0.6011896729469299,-0.15730811655521393,1.3245768547058105,0.8999265432357788,-0.0716615840792656,1.0646932125091553,1.052367925643921,-0.02029859647154808,0.9765889644622803,1.101436734199524,-0.8102512955665588,1.9336917400360107,0.6294082999229431,-0.6118463277816772,1.1224279403686523,1.249045491218567,-0.4266173839569092,0.926181435585022,1.563419222831726,-0.31544238328933716,0.8752238750457764,1.5746146440505981,-1.2530711889266968,1.6492245197296143,0.7821370959281921,-1.0664372444152832,0.9666041731834412,1.4755420684814453,-1.065014362335205,0.8138224482536316,1.7814414501190186,-0.9612700343132019,0.7850205302238464,1.6181321144104004,-1.4426161050796509,1.301585078239441,0.9260270595550537,-1.225563406944275,0.8113617897033691,1.5168402194976807,-1.0262153148651123,0.6794886589050293,1.738294005393982,-0.8376484513282776,0.6613389849662781,1.7258967161178589,0.32020246982574463,-0.8018443584442139,-2.0038139820098877,-2.0432000160217285,-1.8006564378738403,0.3623177111148834,-3.204564094543457,0.48072075843811035,0.628679633140564,0.5233670473098755,-0.09436118602752686,-0.10562572628259659,1.4747965335845947,-1.3973308801651
0,0.0,0.0,0.0,1.041109561920166,0.617252767086029,-0.5981677770614624,1.0509296655654907,0.6557677984237671,-0.6760793328285217,0.8100137710571289,0.7965387105941772,-0.6581055521965027,0.4420488178730011,0.9224966764450073,-0.6649878025054932,0.426684707403183,0.6207222938537598,-1.2430912256240845,0.47622817754745483,0.8831813931465149,-1.2856857776641846,0.5473155975341797,0.862341046333313,-1.2492517232894897,0.4783613383769989,0.8049415349960327,-1.1953601837158203,-0.25374171137809753,0.6529742479324341,-1.3345370292663574,0.10214519500732422,0.9127367734909058,-1.1656208038330078,0.2942659556865692,0.8514046669006348,-0.9147080779075623,0.27236616611480713,0.7519497275352478,-0.8256299495697021,-0.7051234245300293,0.7113813161849976,-1.3659931421279907,-0.24734531342983246,0.9061688184738159,-1.0009044408798218,-0.08805278688669205,0.8425054550170898,-0.5695834159851074,-0.09520810097455978,0.7600958943367004,-0.35593459010124207,-0.896490752696991,0.7698019742965698,-1.2279242277145386,-0.47598305344581604,0.9270631074905396,-1.038139820098877,-0.34104275703430176,0.8487296104431152,-0.8865549564361572,-0.3346955478191376,0.7790476083755493,-0.8383439779281616,-1.611405849456787,-0.8292424082756042,-0.7609795928001404,-0.6069434285163879,-0.5017200708389282,-2.7600085735321045,0.31205493211746216,0.48072075843811035,0.628679633140564,0.5233670473098755,-0.09436118602752686,0.8984154462814331,-1.5445358753204346,0.7882760167121887
0,0.0,0.0,0.0,0.9978367686271667,0.6325730681419373,-0.5716213583946228,1.0009145736694336,0.7108700275421143,-0.6385926008224487,0.7708161473274231,0.8286036849021912,-0.6026351451873779,0.4280313551425934,0.9277724623680115,-0.6030552983283997,0.4401271641254425,0.6656662225723267,-1.2146645784378052,0.4501074552536011,0.9102963209152222,-1.2379106283187866,0.5057854652404785,0.8547208309173584,-1.2330458164215088,0.4446563720703125,0.7941411733627319,-1.212814450263977,-0.22412291169166565,0.6918391585350037,-1.2970190048217773,0.10160370171070099,0.9306669235229492,-1.089241862297058,0.26810571551322937,0.841452419757843,-0.8739048838615417,0.23058246076107025,0.7505687475204468,-0.8345057368278503,-0.6818749308586121,0.7495666146278381,-1.3075501918792725,-0.24828967452049255,0.9266130328178406,-0.893237829208374,-0.1171727254986763,0.8418539762496948,-0.4995788633823395,-0.14736495912075043,0.7654650211334229,-0.3363077640533447,-0.8853976726531982,0.8134016990661621,-1.1489334106445312,-0.4675420820713043,0.9465821385383606,-0.9185214638710022,-0.3492583930492401,0.8557401895523071,-0.770970344543457,-0.3538767993450165,0.7901747822761536,-0.737954318523407,-1.3669655323028564,-0.7912772297859192,-0.713152289390564,-0.548431932926178,-0.4476141035556793,-2.7600085735321045,0.31205493211746216,0.48072075843811035,0.628679633140564,0.5233670473098755,-0.09436118602752686,0.760932445526123,-1.2688039541244507,1.5666911602020264
2,0.0,0.0,0.0,1.8569163084030151,-1.4889802932739258,1.9854546785354614,1.6476387977600098,-1.4355653524398804,1.9487885236740112,1.6541625261306763,-1.3780690431594849,1.763686180114746,1.556098222732544,-1.4908188581466675,1.68971848487854,0.43940281867980957,-1.4012778997421265,2.180018424987793,0.7576058506965637,-1.5121208429336548,1.832741379737854,1.3278573751449585,-1.2644944190979004,1.5068631172180176,1.531054973602295,-0.970483124256134,1.3602538108825684,0.040605708956718445,-1.4048207998275757,1.8874568939208984,0.6586459279060364,-1.5192376375198364,1.4904370307922363,1.575635552406311,-1.3017488718032837,1.0135841369628906,1.8295978307724,-0.978482186794281,0.6979628801345825,-0.29608190059661865,-1.515119194984436,1.2322449684143066,0.40384232997894287,-1.6243577003479004,0.9698015451431274,1.7061430215835571,-1.4407472610473633,0.47415459156036377,2.4058053493499756,-1.149623990058899,0.14851121604442596,-0.4639301002025604,-1.7061487436294556,0.14600834250450134,0.08760523796081543,-1.743374228477478,0.15011657774448395,0.7352653741836548,-1.6056557893753052,-0.09508713334798813,1.0661571025848389,-1.3798677921295166,-0.2396109700202942,0.7585831880569458,0.7825832366943359,0.7661374807357788,0.8132123351097107,0.7481796145439148,0.3623177111148834,0.31205493211746216,-2.080209732055664,0.628679633140564,0.5233670473098755,-0.09436118602752686,-0.5868278741836548,-0.38579410314559937,0.1804136037826538
2,0.0,0.0,0.0,1.6004873514175415,-1.2026294469833374,1.9309172630310059,1.4037280082702637,-1.211076259613037,2.0378596782684326,1.4039840698242188,-1.1829723119735718,1.9458627700805664,1.3387283086776733,-1.2928980588912964,1.9127095937728882,0.36484017968177795,-1.1831645965576172,2.472853899002075,0.578976571559906,-1.2689887285232544,2.1665656566619873,1.0848281383514404,-1.0830439329147339,1.814221739768982,1.3122203350067139,-0.8319618701934814,1.6283612251281738,0.00586302112787962,-1.2104264497756958,2.328364372253418,0.4522811770439148,-1.3161625862121582,1.9704983234405518,1.259902834892273,-1.1494508981704712,1.5262775421142578,1.5636746883392334,-0.8709152340888977,1.217000961303711,-0.37293124198913574,-1.3570259809494019,1.860206961631775,0.13549497723579407,-1.4504122734069824,1.5612000226974487,1.2536909580230713,-1.3028305768966675,1.129704236984253,1.9842967987060547,-1.044507384300232,0.8090595602989197,-0.642615020275116,-1.5746155977249146,0.888837993144989,-0.23570777475833893,-1.6041048765182495,0.7937026023864746,0.32145750522613525,-1.4918644428253174,0.5593565106391907,0.6852499842643738,-1.2975873947143555,0.4222188889980316,0.7577142119407654,0.7253294587135315,0.7575162649154663,0.8342451453208923,0.8003509640693665,0.3623177111148834,-3.204564094543457,-2.080209732055664,-1.5906352996826172,0.5233670473098755,-1.8223508596420288,-0.5791565775871277,-0.4641304314136505,-0.006853076163679361
2,0.0,0.0,0.0,1.7238858938217163,-1.2158273458480835,2.223942756652832,1.5033806562423706,-1.222661018371582,2.2987072467803955,1.4909707307815552,-1.2203811407089233,2.190643548965454,1.3894041776657104,-1.3429957628250122,2.15082049369812,0.4027456045150757,-1.1686068773269653,2.673426628112793,0.6069126129150391,-1.2951997518539429,2.476696729660034,1.116127371788025,-1.1189441680908203,2.2169387340545654,1.347198724746704,-0.8758524656295776,2.0645697116851807,0.055731359869241714,-1.20237135887146,2.507636308670044,0.5085460543632507,-1.3374658823013306,2.2608888149261475,1.33547842502594,-1.1730916500091553,1.8966169357299805,1.6405366659164429,-0.8824285864830017,1.591780185699463,-0.2929854393005371,-1.364231824874878,2.0249812602996826,0.2445622682571411,-1.4788674116134644,1.8123706579208374,1.438555121421814,-1.318141222000122,1.4273054599761963,2.1896860599517822,-1.048935055732727,1.0693395137786865,-0.509982168674469,-1.6072801351547241,1.0280040502548218,-0.05276178568601608,-1.6563243865966797,1.024946928024292,0.5396556854248047,-1.4966272115707397,0.8429863452911377,0.8915901184082031,-1.2571806907653809,0.7024603486061096,0.7791745066642761,0.7753498554229736,0.7884477972984314,0.8538451194763184,0.8009262084960938,0.3623177111148834,0.31205493211746216,-2.080209732055664,-1.5906352996826172,0.5233670473098755,-0.9583560228347778,-0.5854580998420715,-0.4629579782485962,0.18527984619140625
2,0.0,0.0,0.0,1.6986048221588135,-1.1756752729415894,1.913901686668396,1.450960636138916,-1.1600021123886108,1.9894040822982788,1.4381288290023804,-1.169009804725647,1.8669133186340332,1.3301693201065063,-1.2873817682266235,1.8014857769012451,0.450645387172699,-1.1393234729766846,2.5207488536834717,0.614879846572876,-1.2519150972366333,2.266322374343872,1.07692551612854,-1.0713263750076294,1.9519425630569458,1.2827495336532593,-0.834517776966095,1.7659059762954712,0.08341092616319656,-1.15980064868927,2.394213914871216,0.4676670432090759,-1.2861212491989136,2.054619312286377,1.2251867055892944,-1.1165292263031006,1.6080678701400757,1.4982209205627441,-0.8387519121170044,1.265418529510498,-0.30159538984298706,-1.3096762895584106,1.9534451961517334,0.15003840625286102,-1.4327292442321777,1.6328108310699463,1.2491097450256348,-1.2729843854904175,1.1747621297836304,1.9536505937576294,-1.0043166875839233,0.8152680993080139,-0.5739548206329346,-1.5311121940612793,1.0043249130249023,-0.14761102199554443,-1.5932257175445557,0.9030266404151917,0.4138352572917938,-1.4508808851242065,0.6420336365699768,0.7604174613952637,-1.2195123434066772,0.4647179841995239,0.7606558203697205,0.7597801089286804,0.784135639667511,0.8777583241462708,0.8031114339828491,0.3623177111148834,0.31205493211746216,-2.080209732055664,-1.5906352996826172,0.5233670473098755,-0.9583560228347778,-0.5694941878318787,-0.48837921023368835,0.1733802855014801
2,0.0,0.0,0.0,1.8990386724472046,-1.3997694253921509,2.098595380783081,1.6133372783660889,-1.3502510786056519,2.1842217445373535,1.5822025537490845,-1.366620659828186,2.0701422691345215,1.5105664730072021,-1.5156033039093018,2.0399532318115234,0.2888197600841522,-1.38783597946167,2.7533185482025146,0.5921987295150757,-1.4844197034835815,2.460768699645996,1.145707607269287,-1.2806779146194458,2.1087276935577393,1.4158167839050293,-1.0158276557922363,1.916846752166748,-0.15044616162776947,-1.423987865447998,2.651296854019165,0.4593936502933502,-1.5283763408660889,2.256850004196167,1.3421859741210938,-1.3475892543792725,1.753671646118164,1.7097010612487793,-1.0509415864944458,1.3951456546783447,-0.5076438784599304,-1.5682499408721924,2.240973711013794,0.16449712216854095,-1.669661521911621,1.8638968467712402,1.4319673776626587,-1.4972461462020874,1.3868027925491333,2.280987024307251,-1.215761423110962,1.0282416343688965,-0.6809318661689758,-1.7908021211624146,1.2944988012313843,-0.11025673896074295,-1.8313236236572266,1.1395851373672485,0.5285886526107788,-1.694135069847107,0.8724996447563171,0.9206140041351318,-1.478965163230896,0.7172524333000183,0.7985571622848511,0.7388073205947876,0.7118297219276428,0.7682980298995972,0.7060003280639648,0.3623177111148834,0.31205493211746216,-2.080209732055664,0.628679633140564,0.5233670473098755,-0.09436118602752686,-0.4985071122646332,-0.5386132597923279,0.03824622929096222
2,0.0,0.0,0.0,1.7284718751907349,-1.3327853679656982,2.2744922637939453,1.4736971855163574,-1.2362215518951416,2.333038806915283,1.4878051280975342,-1.2084407806396484,2.203831911087036,1.412609577178955,-1.342423677444458,2.155775547027588,0.2850438058376312,-1.1897518634796143,2.8557355403900146,0.5475907921791077,-1.2647188901901245,2.5937516689300537,1.0647739171981812,-1.0986477136611938,2.2572667598724365,1.3108717203140259,-0.8611016273498535,2.064894199371338,-0.1018325611948967,-1.224168062210083,2.7313015460968018,0.4157281517982483,-1.3405945301055908,2.4216885566711426,1.2457098960876465,-1.2081724405288696,2.0044045448303223,1.613505482673645,-0.9551748037338257,1.6713026762008667,-0.4346979558467865,-1.36929452419281,2.2842366695404053,0.1501312255859375,-1.4869481325149536,1.9887536764144897,1.3361084461212158,-1.3593508005142212,1.591596245765686,2.161210536956787,-1.1195213794708252,1.2406587600708008,-0.6007433533668518,-1.5817631483078003,1.284105896949768,-0.06050443276762962,-1.6292153596878052,1.2085472345352173,0.5277584791183472,-1.5263595581054688,0.995073139667511,0.8941178321838379,-1.3485584259033203,0.8457359075546265,0.7044304013252258,0.6884118914604187,0.71736079454422,0.7902442812919617,0.6939057111740112,0.3623177111148834,0.31205493211746216,0.48072075843811035,0.628679633140564,0.5233670473098755,0.7696335911750793,-0.38646262884140015,-0.6168278455734253,0.12412811070680618
2,0.0,0.0,0.0,1.6563515663146973,-1.0836429595947266,2.494577169418335,1.372738242149353,-1.0065959692001343,2.584376335144043,1.3415789604187012,-0.9984028339385986,2.489940643310547,1.2861847877502441,-1.115929365158081,2.4580507278442383,0.4382954239845276,-0.8707624077796936,3.0279541015625,0.6135309934616089,-0.9892960786819458,2.915152072906494,1.0297755002975464,-0.8606749773025513,2.689546823501587,1.232496976852417,-0.6579911112785339,2.52236270904541,0.11677229404449463,-0.9272171854972839,2.9139435291290283,0.4998060464859009,-1.0832077264785767,2.7581567764282227,1.2084566354751587,-0.9737803339958191,2.429264545440674,1.5073130130767822,-0.7340987324714661,2.0920097827911377,-0.20821382105350494,-1.0922436714172363,2.500755548477173,0.25338512659072876,-1.2355245351791382,2.3241543769836426,1.2948049306869507,-1.1164066791534424,1.9490219354629517,2.002174139022827,-0.8907632231712341,1.5250991582870483,-0.4122227132320404,-1.3198814392089844,1.5236611366271973,-0.008488890714943409,-1.3872438669204712,1.5038845539093018,0.4947821795940399,-1.2839200496673584,1.2354692220687866,0.8156204223632812,-1.1069077253341675,1.0043797492980957,0.7029996514320374,0.7013672590255737,0.75229811668396,0.8511512875556946,0.8024585843086243,0.3623177111148834,0.31205493211746216,-2.080209732055664,0.628679633140564,0.5233670473098755,-0.09436118602752686,-0.31859180331230164,-0.5802157521247864,0.05958506837487221
2,0.0,0.0,0.0,1.925641417503357,-1.350672721862793,2.098736047744751,1.6384679079055786,-1.189774751663208,2.1400341987609863,1.617661952972412,-1.176007628440857,1.9880443811416626,1.5460017919540405,-1.3246853351593018,1.922935128211975,0.5347850918769836,-1.2029303312301636,2.7416296005249023,0.7301725149154663,-1.2830872535705566,2.4484779834747314,1.2604734897613525,-1.0962202548980713,2.094597339630127,1.494937539100647,-0.8502169847488403,1.8859163522720337,0.20804472267627716,-1.2307027578353882,2.5735151767730713,0.6636776924133301,-1.3342218399047852,2.176835536956787,1.5246765613555908,-1.1801782846450806,1.6257829666137695,1.8448920249938965,-0.9064909815788269,1.1995891332626343,-0.10789106786251068,-1.3752895593643188,2.0484023094177246,0.46182191371917725,-1.472015142440796,1.6718095541000366,1.7344379425048828,-1.323122501373291,1.1007298231124878,2.50398588180542,-1.0681473016738892,0.6699537038803101,-0.3065832257270813,-1.5829704999923706,0.9701912999153137,0.18780550360679626,-1.6480828523635864,0.8490807414054871,0.7834286093711853,-1.5232996940612793,0.531836748123169,1.1057488918304443,-1.3052242994308472,0.32144230604171753,0.7376134395599365,0.7206928730010986,0.7491095066070557,0.8388997912406921,0.8100438714027405,0.3623177111148834,-3.204564094543457,-2.080209732055664,0.628679633140564,0.5233670473098755,-0.9583560228347778,-0.2469363808631897,-0.6608680486679077,0.15735742449760437
2,0.0,0.0,0.0,2.0453712940216064,-1.336432933807373,1.9483298063278198,1.7866780757904053,-1.2785345315933228,2.0540292263031006,1.7548044919967651,-1.287990927696228,1.937905192375183,1.6589953899383545,-1.4518479108810425,1.9089055061340332,0.5995227098464966,-1.333419919013977,2.816185235977173,0.8014362454414368,-1.4042887687683105,2.5001707077026367,1.379212498664856,-1.2097907066345215,2.1193439960479736,1.6355323791503906,-0.9481683373451233,1.9033275842666626,0.2468833178281784,-1.3828365802764893,2.7262918949127197,0.721966028213501,-1.4621307849884033,2.298182964324951,1.6523202657699585,-1.3024060726165771,1.717154622077942,2.0023233890533447,-1.0124189853668213,1.279227375984192,-0.09826168417930603,-1.55362868309021,2.294794797897339,0.5203750133514404,-1.6188673973083496,1.856866478919983,1.882590889930725,-1.4586892127990723,1.2803758382797241,2.7008583545684814,-1.1910455226898193,0.8452730178833008,-0.3225311040878296,-1.794097661972046,1.284328579902649,0.20918449759483337,-1.809328556060791,1.096305012702942,0.8406436443328857,-1.6571213006973267,0.7872491478919983,1.175110936164856,-1.419877052307129,0.5913102030754089,0.7863332033157349,0.7368122339248657,0.7545034289360046,0.8254281282424927,0.7845374941825867,0.3623177111148834,-3.204564094543457,-2.080209732055664,0.628679633140564,0.5233670473098755,-0.9583560228347778,-0.15193182229995728,-0.5657996535301208,0.3151768445968628
2,0.0,0.0,0.0,1.9935121536254883,-1.174811601638794,2.1688544750213623,1.707403302192688,-1.1815789937973022,2.3267312049865723,1.6934894323349,-1.2114468812942505,2.2504115104675293,1.60826575756073,-1.3616598844528198,2.2512331008911133,0.6119183301925659,-1.1991348266601562,2.9593467712402344,0.7630348205566406,-1.2844057083129883,2.75150203704834,1.2941614389419556,-1.1136668920516968,2.474684000015259,1.541342854499817,-0.8883237242698669,2.2920594215393066,0.3018069565296173,-1.2497994899749756,2.862013339996338,0.6434406042098999,-1.3656444549560547,2.5318140983581543,1.5281603336334229,-1.2183780670166016,2.0858511924743652,1.8793367147445679,-0.9606583118438721,1.7016849517822266,-0.012808270752429962,-1.43618905544281,2.424798011779785,0.4637910723686218,-1.5369596481323242,2.023653268814087,1.780694603919983,-1.3665492534637451,1.4696913957595825,2.602829933166504,-1.1043968200683594,1.0221264362335205,-0.22542540729045868,-1.6992168426513672,1.3983478546142578,0.21737857162952423,-1.7356880903244019,1.234495997428894,0.8235262036323547,-1.5629841089248657,0.8974372744560242,1.161562204360962,-1.3145759105682373,0.6615642309188843,0.7828707695007324,0.7522430419921875,0.7962450981140137,0.8985549807548523,0.8709624409675598,0.3623177111148834,0.31205493211746216,-2.080209732055664,-1.5906352996826172,0.5233670473098755,-0.9583560228347778,-0.05734395608305931,-0.48942452669143677,0.4330172836780548
0,0.0,0.0,0.0,-1.0466383695602417,0.6288866400718689,0.8154054284095764,-1.0836822986602783,1.0959112644195557,0.6713101863861084,-1.0370657444000244,1.252760410308838,0.6751710772514343,-0.8751083016395569,1.2619847059249878,0.6314647793769836,-1.036029577255249,1.1634929180145264,-0.3802274763584137,-0.9974960684776306,1.252495288848877,-0.133170485496521,-0.9024509191513062,1.1469823122024536,0.1827692985534668,-0.774436891078949,1.0798921585083008,0.3985905051231384,-0.6007459163665771,1.1582438945770264,-0.5867151021957397,-0.7134978771209717,1.2485684156417847,-0.23532752692699432,-0.6706950664520264,1.1010942459106445,0.16201676428318024,-0.5637884736061096,1.014040231704712,0.36317384243011475,-0.12115995585918427,1.1494003534317017,-0.7137842178344727,-0.3764505982398987,1.2153104543685913,-0.23142214119434357,-0.4714969992637634,1.0536978244781494,0.12121717631816864,-0.44227007031440735,0.965872585773468,0.24440184235572815,0.2621203362941742,1.1704109907150269,-0.6218459010124207,0.009786548092961311,1.211619257926941,-0.2761725187301636,-0.03739393502473831,1.0547378063201904,-0.06057306379079819,-0.020750734955072403,0.9578729271888733,0.0037194122560322285,0.020430998876690865,-0.05755368620157242,0.2152557671070099,0.39131826162338257,0.2991534471511841,0.3623177111148834,0.31205493211746216,0.48072075843811035,0.628679633140564,0.5233670473098755,0.7696335911750793,-0.2113018035888672,-0.5351694822311401,0.09593932330608368
0,0.0,0.0,0.0,-0.9908744096755981,0.8591924905776978,0.7580581903457642,-1.062171220779419,1.2015440464019775,0.5200265645980835,-0.9929465651512146,1.2913305759429932,0.4890197515487671,-0.8010935187339783,1.2730168104171753,0.4155866205692291,-0.9951899647712708,1.1586949825286865,-0.8078434467315674,-0.967566192150116,1.2526963949203491,-0.5689954161643982,-0.8336629867553711,1.1120851039886475,-0.2436342090368271,-0.6919457912445068,1.0232617855072021,-0.0055161830969154835,-0.5406733751296997,1.1314361095428467,-1.136314868927002,-0.6549961566925049,1.2156870365142822,-0.8078572154045105,-0.5958693027496338,1.0514100790023804,-0.4142843782901764,-0.4663991630077362,0.9496353268623352,-0.1817658394575119,-0.05733364447951317,1.1136237382888794,-1.394405722618103,-0.329305499792099,1.1862246990203857,-0.8587744235992432,-0.37950214743614197,1.0148581266403198,-0.47165653109550476,-0.30063915252685547,0.9145383238792419,-0.2802030146121979,0.32419857382774353,1.130795955657959,-1.3432509899139404,0.032226599752902985,1.1860957145690918,-0.8729262351989746,0.003383067436516285,1.0143210887908936,-0.5409330129623413,0.04871788248419762,0.9048657417297363,-0.4141961336135864,-0.0640944167971611,-0.07439754903316498,0.09783435612916946,0.20746436715126038,0.11139041930437088,0.3623177111148834,0.31205493211746216,0.48072075843811035,0.628679633140564,-1.9107049703598022,-0.09436118602752686,-0.066283218562603,-0.7509844303131104,0.08483818918466568
0,0.0,0.0,0.0,-0.9745485186576843,0.854620635509491,0.5295847058296204,-1.0743153095245361,1.184187889099121,0.3032964766025543,-0.9621679186820984,1.2984097003936768,0.29649636149406433,-0.7502354979515076,1.2918730974197388,0.24092108011245728,-0.9861494898796082,1.1087135076522827,-1.0360090732574463,-0.9052489995956421,1.2086189985275269,-0.7687064409255981,-0.8049166798591614,1.058416724205017,-0.42164716124534607,-0.7050771117210388,0.9774705171585083,-0.1749759167432785,-0.5227341055870056,1.0933616161346436,-1.347665786743164,-0.6351265907287598,1.1939411163330078,-1.0369454622268677,-0.5873385667800903,1.0207082033157349,-0.6910732984542847,-0.4518894553184509,0.9157018065452576,-0.4663842022418976,-0.05177830159664154,1.0804035663604736,-1.5548148155212402,-0.28842779994010925,1.1661722660064697,-0.9910039305686951,-0.3364395797252655,0.9847099184989929,-0.6251948475837708,-0.2534811794757843,0.8792444467544556,-0.44024336338043213,0.3252418637275696,1.0989223718643188,-1.4116376638412476,0.06469082832336426,1.1440715789794922,-0.9299813508987427,0.03801823779940605,0.9691655039787292,-0.6080062389373779,0.08002323657274246,0.8598723411560059,-0.490830659866333,-0.3377164900302887,-0.2015688717365265,0.017512615770101547,0.13819126784801483,0.0895736888051033,0.3623177111148834,0.31205493211746216,0.48072075843811035,0.628679633140564,-1.9107049703598022,-0.09436118602752686,0.06331384181976318,-0.8131811022758484,0.24521350860595703
0,0.0,0.0,0.0,-0.751899242401123,0.631095290184021,0.8247525095939636,-0.7697086930274963,0.8636493682861328,0.5101556777954102,-0.6887978315353394,0.9662924408912659,0.4303992986679077,-0.4292725622653961,0.9441948533058167,0.3172469735145569,-0.6282755732536316,0.6190856099128723,-0.9624154567718506,-0.4616173505783081,0.9230824112892151,-0.8854425549507141,-0.48435893654823303,0.8039309978485107,-0.7551552057266235,-0.43766987323760986,0.6840054392814636,-0.5782738327980042,-0.09589117020368576,0.5091919302940369,-1.3401682376861572,-0.10750333964824677,0.8542196154594421,-1.1307194232940674,-0.16765160858631134,0.7279046773910522,-0.8992361426353455,-0.11271548271179199,0.6033706665039062,-0.7278928160667419,0.38767075538635254,0.4693380296230316,-1.6422646045684814,0.265863299369812,0.8147122859954834,-1.0372918844223022,0.2624102532863617,0.6897236704826355,-0.477649450302124,0.2985040843486786,0.5744593739509583,-0.15874961018562317,0.7293499112129211,0.45539629459381104,-1.6265113353729248,0.5580633282661438,0.7729560732841492,-0.8743491768836975,0.490870863199234,0.6596406698226929,-0.25773218274116516,0.45553386211395264,0.5428515076637268,-0.004864962305873632,-0.5216413736343384,-1.0489583015441895,-0.9692017436027527,-0.9214789271354675,-0.9651015400886536,0.3623177111148834,0.31205493211746216,0.48072075843811035,0.628679633140564,0.5233670473098755,0.7696335911750793,0.3048706352710724,-1.0555226802825928,-0.4521491229534149
0,0.0,0.0,0.0,-0.8026206493377686,0.4822544455528259,0.2500547468662262,-0.8451988697052002,0.6930381655693054,-0.07028123736381531,-0.7729780673980713,0.831394374370575,-0.1307118833065033,-0.503620982170105,0.8103106021881104,-0.15370739996433258,-0.7890120148658752,0.42582106590270996,-1.5298492908477783,-0.6233658194541931,0.7635509371757507,-1.5091034173965454,-0.5552634596824646,0.6583395004272461,-1.252370834350586,-0.4631725251674652,0.5727157592773438,-0.9453656673431396,-0.30711686611175537,0.312648206949234,-1.807529091835022,-0.27340641617774963,0.7222476601600647,-1.7738730907440186,-0.2427511066198349,0.6204388737678528,-1.3667080402374268,-0.17448684573173523,0.5366049408912659,-0.9725022315979004,0.2135230153799057,0.29660356044769287,-1.9693074226379395,0.09762600064277649,0.6956736445426941,-1.450117826461792,0.11097957193851471,0.5829108953475952,-0.7069470286369324,0.12912006676197052,0.49321725964546204,-0.18860751390457153,0.5607666969299316,0.2961997389793396,-1.736557126045227,0.39039376378059387,0.6406859159469604,-0.8367465734481812,0.35999953746795654,0.5471436381340027,-0.1282055377960205,0.33199653029441833,0.43423157930374146,0.16442902386188507,-0.8455495834350586,-1.0510481595993042,-1.0036892890930176,-1.0572803020477295,-1.2589595317840576,0.3623177111148834,0.31205493211746216,0.48072075843811035,0.628679633140564,0.5233670473098755,0.7696335911750793,0.5449007749557495,-1.0057421922683716,-0.3067234456539154
0,0.0,0.0,0.0,-0.7036741375923157,0.6610087752342224,0.6108657717704773,-0.7774889469146729,0.8603731989860535,0.2938738763332367,-0.7197391390800476,0.9451851844787598,0.21212919056415558,-0.44946226477622986,0.9233840107917786,0.09625523537397385,-0.6536774039268494,0.5570840835571289,-1.1834378242492676,-0.5167638659477234,0.8703797459602356,-1.1044175624847412,-0.4762428104877472,0.7531969547271729,-0.9275169968605042,-0.4004523456096649,0.6365677714347839,-0.7079318165779114,-0.12455402314662933,0.43125060200691223,-1.5650604963302612,-0.12362931668758392,0.8107203245162964,-1.3439140319824219,-0.15824450552463531,0.6965209245681763,-1.0452148914337158,-0.13284048438072205,0.5839115381240845,-0.823847234249115,0.3644646406173706,0.3838666081428528,-1.875594973564148,0.24989308416843414,0.7683914303779602,-1.3037834167480469,0.2766646146774292,0.6558462977409363,-0.723595142364502,0.2933960556983948,0.547554075717926,-0.3530611991882324,0.7163516283035278,0.3679405450820923,-1.8331114053726196,0.5354889631271362,0.7219290137290955,-1.0593717098236084,0.46817249059677124,0.6208940744400024,-0.4044910669326782,0.429801344871521,0.5018498301506042,-0.12950125336647034,-0.49813365936279297,-1.0467042922973633,-1.0104568004608154,-0.9826335906982422,-1.0785969495773315,0.3623177111148834,0.31205493211746216,0.48072075843811035,0.628679633140564,0.5233670473098755,0.7696335911750793,0.3757797181606293,-0.8697593212127686,-0.570326566696167
0,0.0,0.0,0.0,-0.6940664649009705,0.44833341240882874,0.47366881370544434,-0.7934694886207581,0.667283296585083,0.20614482462406158,-0.75737464427948,0.8073236346244812,0.16542956233024597,-0.4999214708805084,0.8220244646072388,0.1142885759472847,-0.7196824550628662,0.4308471381664276,-1.1418331861495972,-0.5827091336250305,0.764150857925415,-1.0689067840576172,-0.5177745819091797,0.6972416639328003,-0.9029238820075989,-0.4223615825176239,0.6232824325561523,-0.6846019625663757,-0.1968042552471161,0.3209208846092224,-1.399035930633545,-0.21925893425941467,0.7190229296684265,-1.222076654434204,-0.22747769951820374,0.6136234402656555,-0.9090501666069031,-0.15007764101028442,0.5147692561149597,-0.6517230868339539,0.30237719416618347,0.28884515166282654,-1.5299347639083862,0.17535480856895447,0.6822000741958618,-0.9326515197753906,0.19266006350517273,0.5764918923377991,-0.27006733417510986,0.25113239884376526,0.4818122684955597,0.11539585143327713,0.6403508186340332,0.28064391016960144,-1.329555869102478,0.4404893219470978,0.6313625574111938,-0.4650896191596985,0.39152565598487854,0.5512810945510864,0.212779238820076,0.3772068917751312,0.44976910948753357,0.4670441746711731,-0.8231362104415894,-1.1775816679000854,-1.1346184015274048,-1.1702525615692139,-1.3369899988174438,0.3623177111148834,0.31205493211746216,0.48072075843811035,0.628679633140564,0.5233670473098755,0.7696335911750793,0.3831096589565277,-0.7787471413612366,-0.33444222807884216
0,0.0,0.0,0.0,-0.948072075843811,1.0173397064208984,0.8815694451332092,-1.1185232400894165,1.2566323280334473,0.7211951017379761,-1.1444711685180664,1.2899713516235352,0.7454262971878052,-0.9411099553108215,1.2595405578613281,0.7338360548019409,-1.3511651754379272,1.1514935493469238,-0.5288697481155396,-1.1419531106948853,1.207216739654541,-0.32360902428627014,-0.8952488303184509,1.0342864990234375,-0.012316592037677765,-0.7394780516624451,0.9351242780685425,0.22323104739189148,-0.9853197336196899,1.0643807649612427,-0.8118804097175598,-0.8285327553749084,1.1599537134170532,-0.5834418535232544,-0.673635721206665,0.9763056039810181,-0.20363475382328033,-0.5762372612953186,0.8571309447288513,0.07662075012922287,-0.45016324520111084,1.0040563344955444,-1.0301296710968018,-0.46558478474617004,1.1205705404281616,-0.6344307661056519,-0.4435426890850067,0.9378932118415833,-0.16858252882957458,-0.4284471273422241,0.8227056264877319,0.12063693255186081,0.046640533953905106,0.9883820414543152,-0.9874392151832581,-0.08055271208286285,1.0885310173034668,-0.6010560989379883,-0.02719240076839924,0.9161747694015503,-0.20153790712356567,0.009068862535059452,0.801006555557251,0.004447535146027803,0.24474075436592102,-0.21370601654052734,-0.08963190019130707,0.12281657755374908,0.1817658394575119,0.3623177111148834,0.31205493211746216,0.48072075843811035,0.628679633140564,-1.9107049703598022,-0.09436118602752686,0.32188892364501953,-0.7576913237571716,-0.7494616508483887
0,0.0,0.0,0.0,-1.2451192140579224,0.8365161418914795,0.6547147631645203,-1.2922093868255615,1.110780119895935,0.42631351947784424,-1.2112013101577759,1.237462043762207,0.34708380699157715,-1.0130510330200195,1.2869303226470947,0.2700265049934387,-1.5110682249069214,1.0982518196105957,-0.14525625109672546,-1.2991479635238647,1.2436391115188599,0.03328865021467209,-1.0182644128799438,1.1464895009994507,0.23519711196422577,-0.8619537353515625,1.0695843696594238,0.35646870732307434,-1.1201099157333374,1.0688159465789795,-0.30937865376472473,-1.041141152381897,1.1391245126724243,-0.02044898271560669,-0.8594940304756165,0.9700514674186707,0.27585089206695557,-0.7580837607383728,0.8688459992408752,0.3944089412689209,-0.6001906394958496,1.0429025888442993,-0.4265762269496918,-0.723186731338501,1.103924036026001,0.01607186533510685,-0.7448196411132812,0.9374710321426392,0.28306981921195984,-0.7851811647415161,0.8348817825317383,0.31778857111930847,-0.1502348780632019,1.0339672565460205,-0.4129541218280792,-0.3286108374595642,1.0906813144683838,0.010174700058996677,-0.2784368097782135,0.9366265535354614,0.2626401484012604,-0.22642956674098969,0.8236753940582275,0.3368416428565979,-0.29198265075683594,-0.3144010007381439,-0.04562753066420555,0.2825811207294464,0.36970090866088867,0.3623177111148834,0.31205493211746216,0.48072075843811035,0.628679633140564,-1.9107049703598022,-0.09436118602752686,0.41340604424476624,-0.6617995500564575,-0.05839771032333374
0,0.0,0.0,0.0,-0.7065719366073608,0.6040196418762207,-0.47424620389938354,-0.7595838904380798,0.6385669112205505,-0.7075967788696289,-0.6240600347518921,0.729718804359436,-0.8117026686668396,-0.46284574270248413,0.7534139156341553,-0.8827860951423645,-0.6473942399024963,0.3653372526168823,-0.8853484392166138,-0.5254179239273071,0.6066986918449402,-0.8794353604316711,-0.46334120631217957,0.6895899176597595,-0.8585981726646423,-0.42839929461479187,0.7153687477111816,-0.856846034526825,-0.13497394323349,0.3133053481578827,-0.9314201474189758,-0.09408720582723618,0.6097747683525085,-0.7801814675331116,-0.167157381772995,0.6719446778297424,-0.689494252204895,-0.19958147406578064,0.6507449746131897,-0.7363529801368713,0.3475271463394165,0.2988367974758148,-0.9096001386642456,0.2795334756374359,0.5910080671310425,-0.6316779851913452,0.1592479646205902,0.6267980933189392,-0.4955903887748718,0.057332511991262436,0.5777861475944519,-0.5497769713401794,0.6656180024147034,0.2994883358478546,-0.7381210923194885,0.5006484985351562,0.5578791499137878,-0.524502158164978,0.3557931184768677,0.5961678624153137,-0.45796260237693787,0.2560940980911255,0.5442041158676147,-0.5097869634628296,-1.3758571147918701,-1.2241578102111816,-1.2224712371826172,-1.1540952920913696,-1.1450202465057373,0.3623177111148834,0.31205493211746216,0.48072075843811035,0.628679633140564,0.5233670473098755,0.7696335911750793,0.1538241058588028,-0.5522953271865845,0.6119109988212585
0,0.0,0.0,0.0,-0.7299444079399109,0.6030915379524231,-0.4435729682445526,-0.7962652444839478,0.6043500900268555,-0.7026347517967224,-0.6760373115539551,0.6831538081169128,-0.840276837348938,-0.49411943554878235,0.723736584186554,-0.9396460652351379,-0.6245324611663818,0.31054583191871643,-0.8052343726158142,-0.5082888007164001,0.5766710042953491,-0.804961621761322,-0.4448480010032654,0.6673659682273865,-0.7972787022590637,-0.40000778436660767,0.7071702480316162,-0.804070234298706,-0.11492042988538742,0.26499632000923157,-0.8599725961685181,-0.0705190896987915,0.5797924995422363,-0.6750106811523438,-0.14013554155826569,0.6445522904396057,-0.5647737383842468,-0.17322441935539246,0.6378182172775269,-0.6170145273208618,0.3617140054702759,0.250768780708313,-0.8666656613349915,0.3069932758808136,0.5571447014808655,-0.5806938409805298,0.19134005904197693,0.5981500744819641,-0.45855045318603516,0.08533336222171783,0.5641905069351196,-0.5282343626022339,0.685478925704956,0.25114914774894714,-0.7449308037757874,0.545637309551239,0.5227740406990051,-0.4747271239757538,0.39283686876296997,0.5666887760162354,-0.38673022389411926,0.28228136897087097,0.5217288732528687,-0.4405635893344879,-1.3232505321502686,-1.3096877336502075,-1.2965294122695923,-1.2086294889450073,-1.1989330053329468,0.3623177111148834,0.31205493211746216,0.48072075843811035,0.628679633140564,0.5233670473098755,0.7696335911750793,0.16209903359413147,-0.5418934226036072,0.6417206525802612
0,0.0,0.0,0.0,-0.6950770020484924,0.6041785478591919,-0.4583553075790405,-0.7454995512962341,0.624269962310791,-0.7333324551582336,-0.6259901523590088,0.7037104964256287,-0.8784524202346802,-0.46538007259368896,0.7515607476234436,-0.992510974407196,-0.5924213528633118,0.35662418603897095,-0.8520446419715881,-0.4783467948436737,0.6458854675292969,-0.8454920649528503,-0.4068382978439331,0.7269614338874817,-0.8434078693389893,-0.35841459035873413,0.7443398833274841,-0.8621611595153809,-0.0783732682466507,0.31056642532348633,-0.9114260077476501,-0.04996137693524361,0.618386447429657,-0.7265564799308777,-0.0977659672498703,0.6813617944717407,-0.6357329487800598,-0.11543373018503189,0.6692285537719727,-0.708553671836853,0.40268921852111816,0.29524579644203186,-0.9156270027160645,0.32269716262817383,0.5932424664497375,-0.646798849105835,0.22039255499839783,0.6348589658737183,-0.5532801747322083,0.1260381042957306,0.5977422595024109,-0.6308732032775879,0.7201319932937622,0.2893928289413452,-0.7745113968849182,0.56965571641922,0.545032799243927,-0.504615843296051,0.4312921464443207,0.5893972516059875,-0.4171583354473114,0.3256338834762573,0.5475069284439087,-0.4724154472351074,-1.226870059967041,-1.293835163116455,-1.2480138540267944,-1.1486743688583374,-1.1386224031448364,0.3623177111148834,0.31205493211746216,0.48072075843811035,0.628679633140564,0.5233670473098755,0.7696335911750793,0.1540246158838272,-0.6073769330978394,0.736050546169281
0,0.0,0.0,0.0,-0.711203396320343,0.7384456992149353,-0.6356058716773987,-0.7883808612823486,0.7200822830200195,-0.9051464796066284,-0.6634905934333801,0.7383272647857666,-1.0505250692367554,-0.48387467861175537,0.7368815541267395,-1.1544100046157837,-0.6523433327674866,0.3647036552429199,-0.9885208606719971,-0.4841603934764862,0.6052648425102234,-1.0105547904968262,-0.406544029712677,0.7160977721214294,-0.9978857040405273,-0.3688800632953644,0.7551359534263611,-0.9900655746459961,-0.14063024520874023,0.2924850285053253,-1.0370476245880127,-0.058637265115976334,0.5792035460472107,-0.9034788608551025,-0.10580341517925262,0.6689252853393555,-0.8220735788345337,-0.14136895537376404,0.6664501428604126,-0.8657484650611877,0.3503416180610657,0.25944820046424866,-1.0305428504943848,0.3179871737957001,0.5504502058029175,-0.8169578313827515,0.20890361070632935,0.6175473928451538,-0.7285910248756409,0.08215521275997162,0.5951512455940247,-0.7688350081443787,0.6882838010787964,0.24160458147525787,-0.8582689166069031,0.5769420862197876,0.4900413751602173,-0.6399960517883301,0.44118958711624146,0.5513332486152649,-0.5542952418327332,0.32634687423706055,0.5182262659072876,-0.5846378207206726,-1.012474536895752,-1.1945608854293823,-1.1924976110458374,-1.1246627569198608,-1.1231276988983154,0.3623177111148834,0.31205493211746216,0.48072075843811035,0.628679633140564,0.5233670473098755,0.7696335911750793,0.17193682491779327,-0.6136745810508728,-0.022731086239218712
0,0.0,0.0,0.0,-0.7318089604377747,0.8100651502609253,-0.6004027128219604,-0.8597583770751953,0.5900256633758545,-0.4948582649230957,-0.8109283447265625,0.5168672800064087,-0.3826429843902588,-0.7138439416885376,0.4400739073753357,-0.2838481068611145,-0.6896133422851562,0.36673468351364136,-0.4464894235134125,-0.38634559512138367,0.5760750770568848,-0.4111722707748413,-0.3630448877811432,0.6666699051856995,-0.37676459550857544,-0.37781065702438354,0.6601651310920715,-0.36910831928253174,-0.13627956807613373,0.21267405152320862,-0.32956868410110474,0.05997948721051216,0.531497061252594,-0.2783624231815338,-0.07988940179347992,0.5832775235176086,-0.13996635377407074,-0.2042674571275711,0.5570992827415466,-0.046077508479356766,0.390397846698761,0.10951796919107437,-0.14586418867111206,0.37871718406677246,0.46628230810165405,-0.08947352319955826,0.3009633719921112,0.5013815760612488,0.22170530259609222,0.1750212162733078,0.46344518661499023,0.4068898856639862,0.6988789439201355,0.018388377502560616,0.06874708831310272,0.6108793616294861,0.3645893335342407,0.03383810818195343,0.4636366069316864,0.41970059275627136,0.1572694182395935,0.324855774641037,0.4077531099319458,0.251371830701828,-0.3522008955478668,-1.4880925416946411,-1.4319632053375244,-1.4096734523773193,-1.4703917503356934,0.3623177111148834,0.31205493211746216,0.48072075843811035,0.628679633140564,0.5233670473098755,0.7696335911750793,-0.23743323981761932,1.2721617221832275,-0.6244061589241028
0,0.0,0.0,0.0,-0.7693690061569214,0.6688017845153809,-0.44396939873695374,-0.8817570209503174,0.49145054817199707,-0.3448573350906372,-0.8156822919845581,0.5638421177864075,-0.23408295214176178,-0.7246469259262085,0.6154786348342896,-0.1580602526664734,-0.735824465751648,0.5137601494789124,-0.5414944291114807,-0.4424651563167572,0.688719630241394,-0.5303004384040833,-0.3872225880622864,0.7771367430686951,-0.5144249200820923,-0.40470436215400696,0.7643477320671082,-0.5170701742172241,-0.16913986206054688,0.37036576867103577,-0.49760740995407104,-0.016333816573023796,0.6280636191368103,-0.4195138216018677,-0.10233157128095627,0.6911560893058777,-0.2596217393875122,-0.21413658559322357,0.6668862104415894,-0.15668556094169617,0.3603840470314026,0.2824886441230774,-0.40061071515083313,0.3051869571208954,0.5661779046058655,-0.27656638622283936,0.2620112895965576,0.6178308725357056,0.03880152851343155,0.13198505342006683,0.5991047620773315,0.22565481066703796,0.6579538583755493,0.20146538317203522,-0.23894132673740387,0.5578064322471619,0.4931454360485077,-0.1606016904115677,0.44206488132476807,0.5621758699417114,0.004415943752974272,0.31339290738105774,0.575075089931488,0.09924132376909256,-1.881035327911377,-1.2733280658721924,-1.2762715816497803,-1.2392621040344238,-1.2714290618896484,0.3623177111148834,0.31205493211746216,0.48072075843811035,0.628679633140564,0.5233670473098755,0.7696335911750793,-0.2682774066925049,1.3343782424926758,-0.5034951567649841
0,0.0,0.0,0.0,-0.6681382060050964,0.8162546753883362,-0.6077645421028137,-0.7777915596961975,0.8132843971252441,-0.5978889465332031,-0.6236217021942139,0.887182354927063,-0.5213060975074768,-0.3274235427379608,0.876192569732666,-0.4498789608478546,-0.7429303526878357,0.6255135536193848,-0.7808765769004822,-0.4622240364551544,0.7930622100830078,-0.7824867367744446,-0.4291727542877197,0.829866349697113,-0.7461650371551514,-0.41597887873649597,0.7678167223930359,-0.7304375767707825,-0.18826539814472198,0.47403067350387573,-0.7061610817909241,-0.05874844267964363,0.7581307291984558,-0.6249691843986511,-0.11659671366214752,0.7497737407684326,-0.339628666639328,-0.16630683839321136,0.6613189578056335,-0.11619863659143448,0.34016335010528564,0.38303500413894653,-0.5602778792381287,0.28848594427108765,0.7078023552894592,-0.3866311311721802,0.2194255292415619,0.6827334761619568,0.14538352191448212,0.15652009844779968,0.6119165420532227,0.5120824575424194,0.6431695222854614,0.30696195363998413,-0.33360326290130615,0.5064964294433594,0.6406166553497314,-0.3939039409160614,0.39986589550971985,0.6110343933105469,-0.27165430784225464,0.3173331320285797,0.5468457341194153,-0.13549929857254028,-1.5717896223068237,-1.0349276065826416,-1.12857985496521,-1.127751111984253,-1.1359962224960327,-2.7600085735321045,0.31205493211746216,0.48072075843811035,0.628679633140564,0.5233670473098755,-0.09436118602752686,-0.3019557297229767,1.6688843965530396,-0.0200057253241539
0,0.0,0.0,0.0,-0.611963152885437,0.8667327165603638,-0.7439294457435608,-0.7648780345916748,0.8514565229415894,-0.7529942989349365,-0.6636838316917419,0.9134076833724976,-0.6856198906898499,-0.3704040050506592,0.8687055110931396,-0.6043373346328735,-0.7002121806144714,0.650473952293396,-0.9155327081680298,-0.437368243932724,0.8102737665176392,-0.9350193738937378,-0.40992987155914307,0.8649506568908691,-0.8570660352706909,-0.39367005228996277,0.8176329135894775,-0.801298975944519,-0.14920875430107117,0.514924168586731,-0.842481255531311,-0.020192377269268036,0.7817262411117554,-0.8164620399475098,-0.09938396513462067,0.7778670191764832,-0.49763059616088867,-0.1671474128961563,0.6772067546844482,-0.21148563921451569,0.372173935174942,0.42622748017311096,-0.7009003162384033,0.3200875520706177,0.7380167841911316,-0.5339052677154541,0.2296391874551773,0.715812623500824,0.10948332399129868,0.14613227546215057,0.6365943551063538,0.5683634281158447,0.6792289614677429,0.3463817536830902,-0.4695708155632019,0.5221959948539734,0.6771221160888672,-0.5384654402732849,0.3948458135128021,0.6474245190620422,-0.3717680275440216,0.29516172409057617,0.5752615332603455,-0.19087356328964233,-1.1847741603851318,-0.938647449016571,-1.0106449127197266,-1.0246751308441162,-1.056933879852295,-2.7600085735321045,0.31205493211746216,0.48072075843811035,0.628679633140564,0.5233670473098755,-0.09436118602752686,-0.3453565537929535,1.7466977834701538,-0.1216413602232933
0,0.0,0.0,0.0,-0.6379370093345642,1.482157826423645,-0.563637375831604,-0.5582253336906433,1.4600015878677368,-0.852846086025238,-0.3448507785797119,1.4172203540802002,-1.0100898742675781,-0.06783388555049896,1.3587727546691895,-1.1892040967941284,-0.30897605419158936,1.1103953123092651,-1.1069481372833252,-0.1552077978849411,1.11333429813385,-1.1134843826293945,-0.005234123673290014,1.130839228630066,-1.1198581457138062,-0.004341891501098871,1.0743722915649414,-1.1308187246322632,0.3078869879245758,0.9326805472373962,-1.330674171447754,0.3509356379508972,1.0930516719818115,-1.1778041124343872,0.4601721465587616,1.0785785913467407,-1.0109620094299316,0.3383272886276245,0.9691653251647949,-0.9493641257286072,0.8095998764038086,0.8135119080543518,-1.5776841640472412,0.8021158576011658,1.0396544933319092,-1.1501386165618896,1.087476134300232,1.0250918865203857,-0.6668362617492676,1.1325671672821045,0.9474914073944092,-0.42014214396476746,1.0591378211975098,0.7360209822654724,-1.6861900091171265,1.0028140544891357,1.0022319555282593,-1.1531436443328857,1.028825044631958,0.9936980605125427,-0.6511856913566589,0.974707841873169,0.94178307056427,-0.4249337315559387,-0.22459957003593445,-0.0075613344088196754,-0.23953165113925934,-0.29879921674728394,-0.37860432267189026,0.3623177111148834,0.31205493211746216,0.48072075843811035,0.628679633140564,0.5233670473098755,0.7696335911750793,-0.5719995498657227,1.3321844339370728,0.48916175961494446
0,0.0,0.0,0.0,-0.7031338214874268,1.4118958711624146,-0.8618125915527344,-0.6150621771812439,1.4093908071517944,-1.1678032875061035,-0.3672046959400177,1.3514453172683716,-1.3044486045837402,-0.05704435706138611,1.291788101196289,-1.470307469367981,-0.3749306797981262,0.9826802611351013,-1.5007097721099854,-0.23852024972438812,1.0239733457565308,-1.5408520698547363,-0.12226010859012604,1.0700238943099976,-1.5628244876861572,-0.1290065050125122,1.0052270889282227,-1.5788408517837524,0.26988908648490906,0.8244267106056213,-1.7302190065383911,0.20768238604068756,0.9988903403282166,-1.590417504310608,0.2783247232437134,1.0315992832183838,-1.4006191492080688,0.20474709570407867,0.9295125603675842,-1.3015836477279663,0.7716414332389832,0.7339613437652588,-1.9727586507797241,0.6556713581085205,0.9641482830047607,-1.5688292980194092,0.7914843559265137,0.985952615737915,-1.1166424751281738,0.8277255296707153,0.9015361070632935,-0.8488825559616089,1.0005989074707031,0.6676850318908691,-2.006260871887207,0.8395034074783325,0.9436240196228027,-1.5046442747116089,0.7929744124412537,0.9780281186103821,-1.034096360206604,0.7462462186813354,0.9452410936355591,-0.8251744508743286,-0.42031222581863403,-0.19775928556919098,-0.4041759967803955,-0.4263564944267273,-0.5325658917427063,0.3623177111148834,0.31205493211746216,0.48072075843811035,0.628679633140564,0.5233670473098755,0.7696335911750793,-0.5342401266098022,1.4340571165084839,-0.0018063775496557355
0,0.0,0.0,0.0,-0.7122069597244263,1.279945969581604,-0.03910883143544197,-0.570320725440979,1.350793480873108,-0.4317408502101898,-0.30462655425071716,1.325486421585083,-0.6399656534194946,0.04485241323709488,1.252142071723938,-0.865070104598999,-0.19012881815433502,0.9961928129196167,-0.9200143218040466,0.055475231260061264,1.080864667892456,-0.9745703339576721,0.10274805873632431,0.9774718880653381,-1.0591894388198853,0.0063779023475945,0.8767133951187134,-1.114986777305603,0.46534407138824463,0.8475313782691956,-1.2828431129455566,0.5238242745399475,1.0466217994689941,-1.2212625741958618,0.4875175356864929,0.9301241636276245,-1.1894429922103882,0.27205753326416016,0.827365517616272,-1.242431640625,0.9183233976364136,0.7542296051979065,-1.7074419260025024,1.012142300605774,0.9794595837593079,-1.430450439453125,1.175229787826538,0.8729029893875122,-1.2166789770126343,0.9945537447929382,0.758182942867279,-1.0781893730163574,1.1542385816574097,0.7224766612052917,-1.945304036140442,1.1216269731521606,0.9626678228378296,-1.5038481950759888,1.054975152015686,0.8626400232315063,-1.1132214069366455,0.8777890205383301,0.7395148873329163,-0.9549127221107483,-0.39128512144088745,-0.24804553389549255,-0.35354453325271606,-0.2869518995285034,-0.3255123496055603,0.3623177111148834,0.31205493211746216,0.48072075843811035,0.628679633140564,0.5233670473098755,0.7696335911750793,-0.6021168828010559,1.3640621900558472,0.9003703594207764
0,0.0,0.0,0.0,-0.8605809807777405,1.159911870956421,0.1026645377278328,-0.8038597702980042,1.3172656297683716,-0.12259431928396225,-0.5466974973678589,1.288848876953125,-0.17589475214481354,-0.14721819758415222,1.113755702972412,-0.30650368332862854,-0.3467857241630554,0.8656923174858093,-0.9565574526786804,-0.06940660625696182,1.0086249113082886,-0.8140006065368652,-0.1291385293006897,0.884608268737793,-0.7303779125213623,-0.20779673755168915,0.7980896234512329,-0.6606235504150391,0.2612343430519104,0.7449142932891846,-1.1983954906463623,0.38075241446495056,0.967894434928894,-0.8725471496582031,0.1878567785024643,0.8539233207702637,-0.6781942844390869,0.08176612108945847,0.769694983959198,-0.664120078086853,0.7285950183868408,0.6682235598564148,-1.3724929094314575,0.79791259765625,0.9075769782066345,-0.9395431280136108,0.7509623169898987,0.8016246557235718,-0.7655012607574463,0.61101233959198,0.7026463747024536,-0.7052628397941589,1.0185900926589966,0.6384439468383789,-1.2771459817886353,0.9454416036605835,0.8887242674827576,-0.8291450142860413,0.8141841292381287,0.7688953876495361,-0.5271546244621277,0.6820939779281616,0.645067036151886,-0.4599927067756653,-0.7369350790977478,-0.6722351312637329,-0.6210479140281677,-0.49046972393989563,-0.510643482208252,0.3623177111148834,0.31205493211746216,0.48072075843811035,0.628679633140564,0.5233670473098755,0.7696335911750793,-0.4995346963405609,1.3425648212432861,0.975739061832428
0,0.0,0.0,0.0,-0.935806155204773,1.0554710626602173,0.09865964204072952,-0.9039534330368042,1.2662664651870728,-0.12393784523010254,-0.6636824607849121,1.2620826959609985,-0.14234372973442078,-0.21880941092967987,1.102672815322876,-0.25973907113075256,-0.33469250798225403,0.8022944927215576,-1.2532875537872314,-0.17939189076423645,0.9637187123298645,-1.0202816724777222,-0.26500654220581055,0.8721109628677368,-0.8378461003303528,-0.3088294565677643,0.8115125894546509,-0.6925197243690491,0.27260658144950867,0.6948918700218201,-1.5140365362167358,0.290932297706604,0.9432892203330994,-1.1022615432739258,0.06379939615726471,0.8886210918426514,-0.84681236743927,-0.01871197484433651,0.8352218270301819,-0.7876976132392883,0.7299695014953613,0.6408908367156982,-1.6503770351409912,0.6967177391052246,0.9130718111991882,-1.1001678705215454,0.5913271307945251,0.8568636775016785,-0.888468325138092,0.4803023934364319,0.7809221744537354,-0.8088418245315552,1.0094527006149292,0.6410555839538574,-1.4272899627685547,0.9041009545326233,0.9117497205734253,-0.9033991694450378,0.7534740567207336,0.8399651050567627,-0.5719653367996216,0.6371321678161621,0.741889238357544,-0.5002715587615967,-0.7255145311355591,-0.7402594685554504,-0.704668402671814,-0.5876831412315369,-0.5553481578826904,0.3623177111148834,0.31205493211746216,0.48072075843811035,0.628679633140564,0.5233670473098755,0.7696335911750793,-0.44980838894844055,1.2662291526794434,1.1952495574951172
0,0.0,0.0,0.0,-0.7879642844200134,0.6200194954872131,0.5210450291633606,-0.799110472202301,0.8338261246681213,0.1788986474275589,-0.6492739915847778,0.9728726148605347,0.10918353497982025,-0.35427677631378174,0.9937189817428589,0.004996000323444605,-0.49518364667892456,0.4881095886230469,-1.4653106927871704,-0.34837085008621216,0.8678736686706543,-1.4127256870269775,-0.39185333251953125,0.7905119061470032,-1.2312051057815552,-0.3283904194831848,0.6821305751800537,-0.9823463559150696,0.07210610061883926,0.3692266643047333,-1.8762681484222412,0.0622100830078125,0.8245037794113159,-1.827515721321106,-0.0447087399661541,0.7243198156356812,-1.6111968755722046,-0.012846321798861027,0.6001123189926147,-1.3468810319900513,0.5429503321647644,0.3367530405521393,-2.1821327209472656,0.4531368613243103,0.7948416471481323,-1.7155746221542358,0.43767988681793213,0.6943506002426147,-1.1685506105422974,0.4626743197441101,0.5710580945014954,-0.7098699808120728,0.8566266894340515,0.3315374553203583,-2.0596301555633545,0.7237673401832581,0.7313271164894104,-1.375234603881836,0.6081375479698181,0.655164897441864,-0.7282370328903198,0.5357412695884705,0.5332291722297668,-0.3947281241416931,-0.9663987159729004,-1.0856292247772217,-0.9699894189834595,-0.9442479014396667,-1.0098779201507568,0.3623177111148834,0.31205493211746216,0.48072075843811035,0.628679633140564,0.5233670473098755,0.7696335911750793,0.015806887298822403,0.9277721047401428,0.0051925405859947205
0,0.0,0.0,0.0,-0.8044956922531128,0.5223740935325623,0.4572272300720215,-0.8566953539848328,0.7160601019859314,0.1586340218782425,-0.7294365167617798,0.8563315272331238,0.12375082820653915,-0.44199615716934204,0.8769630789756775,0.08073098212480545,-0.6249948143959045,0.42893365025520325,-1.3616920709609985,-0.5291514992713928,0.7799142003059387,-1.3121134042739868,-0.482551634311676,0.7276400327682495,-1.1010326147079468,-0.3567167818546295,0.6398769021034241,-0.8137829899787903,-0.08305379003286362,0.3249676525592804,-1.6562470197677612,-0.10739968717098236,0.7660988569259644,-1.5523722171783447,-0.1514078676700592,0.6789366602897644,-1.2210514545440674,-0.1039983257651329,0.5724631547927856,-0.8823465704917908,0.3987223207950592,0.31411194801330566,-1.8134156465530396,0.2774496078491211,0.7533973455429077,-1.3053383827209473,0.2933621108531952,0.6493995785713196,-0.6201537847518921,0.33987778425216675,0.5320826172828674,-0.10845277458429337,0.7108853459358215,0.3181324005126953,-1.5744311809539795,0.5493394136428833,0.7024040222167969,-0.8005810379981995,0.482222318649292,0.6212838888168335,-0.08831837773323059,0.44005587697029114,0.4898488223552704,0.26321664452552795,-1.2240198850631714,-1.1177728176116943,-1.0668691396713257,-1.060400128364563,-1.1680984497070312,-2.7600085735321045,0.31205493211746216,0.48072075843811035,0.628679633140564,0.5233670473098755,-0.09436118602752686,0.10464060306549072,0.9006405472755432,1.318253993988037
2,0.0,0.0,0.0,1.939495325088501,-2.1844093799591064,1.0368168354034424,1.7179373502731323,-2.085097551345825,1.112889051437378,1.6515756845474243,-2.073420286178589,0.9938297271728516,1.4487015008926392,-2.1534581184387207,0.9851585626602173,-0.03826140984892845,-2.1185858249664307,1.7572094202041626,0.343100368976593,-2.1187496185302734,1.2902884483337402,1.0892870426177979,-1.8894935846328735,0.9059027433395386,1.451891541481018,-1.5964385271072388,0.7651510834693909,-0.6772550344467163,-2.0860602855682373,1.6675899028778076,-0.13388636708259583,-2.158771276473999,1.1352864503860474,0.9659249782562256,-1.9874358177185059,0.5637413859367371,1.5034971237182617,-1.6891164779663086,0.24412523210048676,-1.0822607278823853,-2.120880365371704,1.2855368852615356,-0.7274067997932434,-2.262382745742798,0.7750434279441833,0.509016215801239,-2.147754192352295,0.09124371409416199,1.503065586090088,-1.8664164543151855,-0.272203654050827,-1.1695729494094849,-2.2135720252990723,0.5091533660888672,-0.7351418137550354,-2.25353741645813,0.1848430335521698,-0.005029201973229647,-2.181279182434082,-0.2649708092212677,0.5409035086631775,-1.9894953966140747,-0.4783115088939667,0.8711893558502197,0.8260461688041687,0.8370205163955688,0.9466046690940857,0.8310829997062683,0.3623177111148834,0.31205493211746216,0.48072075843811035,0.628679633140564,0.5233670473098755,0.7696335911750793,0.04454272240400314,-0.5608832836151123,0.22249530255794525
2,0.0,0.0,0.0,1.5993125438690186,-1.632065773010254,1.222985029220581,1.363619089126587,-1.6788074970245361,1.2928156852722168,1.3071770668029785,-1.6877070665359497,1.1528736352920532,1.1134166717529297,-1.7650210857391357,1.10209059715271,-0.028041262179613113,-1.6278449296951294,1.986996054649353,0.06998458504676819,-1.6739716529846191,1.5531046390533447,0.70918869972229,-1.5182818174362183,1.1468448638916016,1.0707404613494873,-1.2829365730285645,0.9534207582473755,-0.5394852161407471,-1.593411922454834,1.8723276853561401,-0.29945623874664307,-1.7162978649139404,1.3098247051239014,0.6955468654632568,-1.6045496463775635,0.6901750564575195,1.2233250141143799,-1.355596899986267,0.34144437313079834,-0.9210236668586731,-1.643886685371399,1.439561367034912,-0.7788985967636108,-1.8161308765411377,0.9120771884918213,0.3579906225204468,-1.7459782361984253,0.20863878726959229,1.322731852531433,-1.5217480659484863,-0.16680745780467987,-1.0757876634597778,-1.7286781072616577,0.5666573643684387,-0.7227734923362732,-1.815562129020691,0.28220629692077637,-0.06441310793161392,-1.779215693473816,-0.1570441573858261,0.43155109882354736,-1.6316065788269043,-0.3818027377128601,0.8558836579322815,0.8186553120613098,0.8603893518447876,0.9902852177619934,0.8328577280044556,0.3623177111148834,0.31205493211746216,0.48072075843811035,0.628679633140564,0.5233670473098755,0.7696335911750793,0.09262145310640335,-0.6180378198623657,0.22051167488098145
2,0.0,0.0,0.0,1.5281704664230347,-1.609621524810791,1.3269426822662354,1.3131362199783325,-1.618110179901123,1.328479290008545,1.256432294845581,-1.6249339580535889,1.1682286262512207,1.0485737323760986,-1.71186363697052,1.1020853519439697,-0.2103455811738968,-1.526114821434021,1.882997751235962,-0.0818404033780098,-1.584205150604248,1.4770581722259521,0.6042217016220093,-1.4790916442871094,1.1366974115371704,1.027138352394104,-1.2857444286346436,1.0017608404159546,-0.7293832898139954,-1.4967459440231323,1.7092045545578003,-0.47443220019340515,-1.655821442604065,1.163491129875183,0.603258490562439,-1.5874969959259033,0.708582878112793,1.2004764080047607,-1.3620258569717407,0.5425726175308228,-1.100280523300171,-1.5535340309143066,1.2095999717712402,-0.8745758533477783,-1.7514524459838867,0.710700273513794,0.334007203578949,-1.6936172246932983,0.2490822821855545,1.3370471000671387,-1.4952424764633179,0.1016838476061821,-1.2436097860336304,-1.6511977910995483,0.30468878149986267,-0.8418347239494324,-1.7609074115753174,0.019397715106606483,-0.13552464544773102,-1.7073813676834106,-0.25111815333366394,0.3731246292591095,-1.55266273021698,-0.294806569814682,0.850002110004425,0.813453733921051,0.8555741906166077,0.9346266388893127,0.7554247975349426,0.3623177111148834,0.31205493211746216,0.48072075843811035,0.628679633140564,0.5233670473098755,0.7696335911750793,0.19292278587818146,-0.7161164283752441,0.308612197637558
2,0.0,0.0,0.0,1.4873298406600952,-1.4841063022613525,0.8226240873336792,1.345879316329956,-1.6580075025558472,0.9887728095054626,1.3065990209579468,-1.6866880655288696,0.9305857419967651,1.0809367895126343,-1.7845853567123413,0.9322257041931152,-0.2261001020669937,-1.61614191532135,1.7123982906341553,-0.1348249912261963,-1.666921615600586,1.2557711601257324,0.5749245285987854,-1.5588127374649048,0.8595377802848816,1.0555737018585205,-1.3419097661972046,0.7123914361000061,-0.76607745885849,-1.6020610332489014,1.6542022228240967,-0.5662707686424255,-1.7414036989212036,1.0399094820022583,0.5345718860626221,-1.6755472421646118,0.4770386219024658,1.2156410217285156,-1.4385391473770142,0.23963433504104614,-1.2040648460388184,-1.666867971420288,1.280582070350647,-0.9776105880737305,-1.8519624471664429,0.6174241304397583,0.30365943908691406,-1.8034019470214844,-0.12086424976587296,1.4808478355407715,-1.5885998010635376,-0.4200330674648285,-1.4275271892547607,-1.787297248840332,0.5146692395210266,-0.9833381175994873,-1.9007943868637085,0.012703306041657925,-0.23125924170017242,-1.849136471748352,-0.45138901472091675,0.35928836464881897,-1.6752504110336304,-0.6074367761611938,0.9028037786483765,0.8313567042350769,0.869288444519043,0.9133139848709106,0.7119681239128113,0.3623177111148834,0.31205493211746216,0.48072075843811035,0.628679633140564,0.5233670473098755,0.7696335911750793,0.2668701708316803,-0.7332748770713806,0.16250793635845184
2,0.0,0.0,0.0,1.4865368604660034,-1.9472129344940186,2.0372631549835205,1.2241272926330566,-1.65837562084198,1.940418004989624,1.1685765981674194,-1.5776408910751343,1.7039474248886108,0.9856027364730835,-1.662770390510559,1.5840126276016235,-0.4829937815666199,-1.434607744216919,2.3100085258483887,-0.29693102836608887,-1.5370758771896362,1.9259105920791626,0.4388112723827362,-1.4250911474227905,1.609539270401001,0.9036852121353149,-1.2187092304229736,1.4795523881912231,-0.9548916816711426,-1.3838880062103271,2.0535576343536377,-0.5363775491714478,-1.5701303482055664,1.5264867544174194,0.5459869503974915,-1.5007123947143555,1.1183364391326904,1.1820635795593262,-1.2863328456878662,0.9625387787818909,-1.2142709493637085,-1.4454060792922974,1.4368027448654175,-0.7937217950820923,-1.6567952632904053,1.0258023738861084,0.4694048762321472,-1.6054824590682983,0.6810953617095947,1.5372917652130127,-1.4209835529327393,0.5710930228233337,-1.215428113937378,-1.5595626831054688,0.36600372195243835,-0.7441237568855286,-1.7295167446136475,0.2663670480251312,-0.052552904933691025,-1.6836249828338623,0.12323229759931564,0.4415423274040222,-1.5314385890960693,0.13743802905082703,0.7556191682815552,0.7592957615852356,0.7538471817970276,0.8093013167381287,0.7038172483444214,0.3623177111148834,0.31205493211746216,0.48072075843811035,0.628679633140564,0.5233670473098755,0.7696335911750793,0.32806873321533203,-0.6551375389099121,0.01991887018084526
2,0.0,0.0,0.0,1.4487553834915161,-1.9410816431045532,1.814603328704834,1.1914048194885254,-1.6070501804351807,1.6458898782730103,1.1542168855667114,-1.5326663255691528,1.344260811805725,1.0038970708847046,-1.6430436372756958,1.164801001548767,-0.39962732791900635,-1.3794431686401367,2.220182418823242,-0.20462067425251007,-1.4720685482025146,1.8179266452789307,0.4940120577812195,-1.352786898612976,1.4701085090637207,0.912009596824646,-1.143460750579834,1.318980097770691,-0.8422328233718872,-1.3196556568145752,1.9583297967910767,-0.4560413062572479,-1.4907865524291992,1.4571954011917114,0.577015221118927,-1.4174752235412598,1.0042433738708496,1.1645280122756958,-1.2064638137817383,0.7899481654167175,-1.094063401222229,-1.3695054054260254,1.3209569454193115,-0.7152974605560303,-1.5621823072433472,0.9669064879417419,0.5048151612281799,-1.5160439014434814,0.5859206318855286,1.5157358646392822,-1.3321764469146729,0.41738656163215637,-1.0892188549041748,-1.4614708423614502,0.21782173216342926,-0.626019299030304,-1.6164791584014893,0.23132836818695068,0.05615583807229996,-1.5666618347167969,0.11858640611171722,0.5281901359558105,-1.4036636352539062,0.11379476636648178,0.7251372337341309,0.7421221733093262,0.7654210329055786,0.8364983797073364,0.7028763294219971,0.3623177111148834,0.31205493211746216,0.48072075843811035,0.628679633140564,0.5233670473098755,0.7696335911750793,0.4035153090953827,-0.4854927361011505,0.40203237533569336
2,0.0,0.0,0.0,-1.0427168607711792,-1.6460336446762085,1.8406144380569458,-0.803141176700592,-1.3020553588867188,1.5991190671920776,-0.7742369174957275,-1.2765709161758423,1.2278048992156982,-0.6322914361953735,-1.2417536973953247,0.9972409605979919,0.35338377952575684,-1.056828260421753,2.214735507965088,0.3710268437862396,-1.1734699010849,2.001399040222168,-0.13247542083263397,-1.0082277059555054,1.8644676208496094,-0.3732930123806,-0.7778844833374023,1.7753351926803589,0.6524954438209534,-1.0419976711273193,1.9696636199951172,0.5303421020507812,-1.2434087991714478,1.734581470489502,-0.15283922851085663,-1.0740870237350464,1.739096760749817,-0.37147319316864014,-0.8300530314445496,1.7874010801315308,0.8615643382072449,-1.0886603593826294,1.3643823862075806,0.7633440494537354,-1.3203191757202148,1.1152125597000122,0.03504389896988869,-1.155535101890564,1.2420192956924438,-0.42146700620651245,-0.8837758302688599,1.3518178462982178,0.9316493272781372,-1.1624001264572144,0.30098482966423035,0.6346575021743774,-1.3548650741577148,0.3347880244255066,0.12576773762702942,-1.2015215158462524,0.4435432255268097,-0.15449677407741547,-0.919285774230957,0.5575882792472839,0.611196756362915,0.7952057123184204,0.8457647562026978,0.9279362559318542,0.7221710681915283,0.3623177111148834,-3.204564094543457,-2.080209732055664,-1.5906352996826172,0.5233670473098755,-1.8223508596420288,-1.4062293767929077,0.5719699263572693,0.5433719754219055
2,0.0,0.0,0.0,-1.0367605686187744,-1.6179310083389282,2.0111169815063477,-0.7747683525085449,-1.2505292892456055,1.7763060331344604,-0.7546347379684448,-1.2126437425613403,1.4206624031066895,-0.6258100867271423,-1.1974481344223022,1.189255952835083,0.3526168763637543,-0.999130129814148,2.28513240814209,0.33136823773384094,-1.1248699426651,2.084773540496826,-0.13153855502605438,-0.9681227803230286,1.9284626245498657,-0.3599281311035156,-0.7482225894927979,1.8205928802490234,0.6522405743598938,-0.9913396835327148,2.017669200897217,0.4781509041786194,-1.1908104419708252,1.8084816932678223,-0.16753436625003815,-1.0255573987960815,1.7770076990127563,-0.3866020143032074,-0.7855231761932373,1.7798881530761719,0.8464689254760742,-1.042846918106079,1.3960708379745483,0.7257835268974304,-1.275100827217102,1.1733958721160889,0.00853143073618412,-1.1097816228866577,1.281313180923462,-0.4377138316631317,-0.846545934677124,1.357906699180603,0.8969462513923645,-1.1224457025527954,0.32135504484176636,0.6145598888397217,-1.3077480792999268,0.36916661262512207,0.09646110981702805,-1.1620844602584839,0.485051691532135,-0.19831976294517517,-0.8992069959640503,0.5929375886917114,0.6015864610671997,0.7767366766929626,0.8148514628410339,0.9110985994338989,0.7303688526153564,0.3623177111148834,-3.204564094543457,-2.080209732055664,-1.5906352996826172,0.5233670473098755,-1.8223508596420288,-1.2609494924545288,0.49182575941085815,0.2657982409000397
2,0.0,0.0,0.0,-1.0231244564056396,-1.7158552408218384,1.9429552555084229,-0.7719177007675171,-1.302391529083252,1.6876795291900635,-0.7520103454589844,-1.2470992803573608,1.3155726194381714,-0.5843439698219299,-1.192185401916504,1.0827319622039795,0.37373077869415283,-1.010066032409668,2.303922176361084,0.3558475375175476,-1.1162434816360474,2.0898735523223877,-0.11530018597841263,-0.9510976076126099,1.9082621335983276,-0.3588991165161133,-0.733332097530365,1.7782548666000366,0.6717150211334229,-0.995990514755249,2.0473504066467285,0.49359840154647827,-1.1855262517929077,1.8030915260314941,-0.13425663113594055,-1.025994062423706,1.7043322324752808,-0.37667134404182434,-0.7929754257202148,1.6586058139801025,0.8625972270965576,-1.0442718267440796,1.4363409280776978,0.7008655667304993,-1.260701060295105,1.1890075206756592,-0.009244397282600403,-1.1049723625183105,1.2361974716186523,-0.4793797433376312,-0.8529290556907654,1.268541932106018,0.9101959466934204,-1.1236262321472168,0.3614906072616577,0.5682274103164673,-1.2872978448867798,0.39146512746810913,0.060401175171136856,-1.1511324644088745,0.4618633985519409,-0.22775669395923615,-0.9037599563598633,0.540115475654602,0.5982041954994202,0.7628172636032104,0.7989219427108765,0.8755874037742615,0.6568895578384399,0.3623177111148834,-3.204564094543457,-2.080209732055664,-1.5906352996826172,0.5233670473098755,-1.8223508596420288,-0.9105038046836853,0.4302736818790436,0.14457766711711884
0,0.0,0.0,0.0,0.8287583589553833,0.6959267854690552,-0.29481881856918335,0.8561978936195374,0.7507359385490417,-0.5165565013885498,0.5350466370582581,0.8496800065040588,-0.6174384951591492,0.16730883717536926,0.9120888710021973,-0.7420461773872375,0.4700705111026764,0.4306020736694336,-0.859717845916748,0.41775014996528625,0.751449465751648,-0.9753655195236206,0.4643704891204834,0.8091030716896057,-1.107151985168457,0.42794665694236755,0.7684833407402039,-1.1894886493682861,-0.23161360621452332,0.4156220555305481,-1.0146737098693848,-0.02100330777466297,0.7257805466651917,-0.920922040939331,0.1819038987159729,0.7481456995010376,-0.9042499661445618,0.20524904131889343,0.6775295734405518,-0.996602475643158,-0.7559918761253357,0.41403093934059143,-1.1668745279312134,-0.4599513113498688,0.694408118724823,-0.7703471779823303,-0.2913687229156494,0.6874766945838928,-0.530846357345581,-0.25941112637519836,0.5913118720054626,-0.5135817527770996,-1.0146337747573853,0.4068585932254791,-1.2080265283584595,-0.7083452343940735,0.6589238047599792,-0.7484889626502991,-0.5032894611358643,0.6574968099594116,-0.5108184814453125,-0.4126933217048645,0.5833634734153748,-0.4806259870529175,-1.74624764919281,-1.1806617975234985,-1.1065632104873657,-1.0592319965362549,-1.092079520225525,-2.7600085735321045,0.31205493211746216,0.48072075843811035,0.628679633140564,0.5233670473098755,-0.09436118602752686,-0.03814094886183739,-1.9335588216781616,0.34592562913894653
0,0.0,0.0,0.0,0.818649411201477,0.7188807725906372,-0.4286869466304779,0.845327615737915,0.8657126426696777,-0.6707056164741516,0.5812602639198303,0.9686326384544373,-0.7791188359260559,0.2467879056930542,1.0385655164718628,-0.9205350279808044,0.4436437487602234,0.5924109220504761,-1.0915155410766602,0.47578659653663635,0.9058722853660583,-1.204233169555664,0.527545154094696,0.8652669191360474,-1.3569761514663696,0.48149991035461426,0.7965481877326965,-1.455133080482483,-0.23973391950130463,0.6198101043701172,-1.2398377656936646,0.11800773441791534,0.9022584557533264,-1.145227074623108,0.3191579282283783,0.8230472803115845,-1.1398032903671265,0.30180051922798157,0.7284268736839294,-1.252299427986145,-0.7450941801071167,0.6382648944854736,-1.35739004611969,-0.31568560004234314,0.8781688213348389,-0.9275516271591187,-0.10023245215415955,0.7967699766159058,-0.6390751600265503,-0.07297135889530182,0.6973631381988525,-0.5730420351028442,-0.9772295355796814,0.6537153720855713,-1.3353513479232788,-0.5690492391586304,0.8497363328933716,-0.9244562387466431,-0.37036868929862976,0.7644233703613281,-0.7330828905105591,-0.31341078877449036,0.6658651828765869,-0.7111353278160095,-1.0154447555541992,-0.9111801981925964,-0.8095804452896118,-0.7465036511421204,-0.7552085518836975,0.3623177111148834,0.31205493211746216,0.48072075843811035,0.628679633140564,0.5233670473098755,0.7696335911750793,0.008729899302124977,-2.0240161418914795,1.2037699222564697
0,0.0,0.0,0.0,0.700228214263916,0.719609260559082,-0.06468477100133896,0.7933927774429321,0.7734625339508057,-0.21020393073558807,0.6921459436416626,0.7991263270378113,-0.2786092758178711,0.4062587320804596,0.8442825078964233,-0.3693248927593231,0.5618616342544556,0.4523506164550781,-0.6075306534767151,0.46465185284614563,0.7167094945907593,-0.624781608581543,0.4731885492801666,0.6791760325431824,-0.6601070165634155,0.43874669075012207,0.626400351524353,-0.6878740787506104,-0.06738825142383575,0.4225988984107971,-0.7335283160209656,0.10447802394628525,0.7345626950263977,-0.4839589297771454,0.18145620822906494,0.6562055945396423,-0.32278668880462646,0.16981194913387299,0.5660470724105835,-0.35106101632118225,-0.6018140912055969,0.4218788743019104,-0.8391547799110413,-0.34307703375816345,0.6985544562339783,-0.33759209513664246,-0.3458259701728821,0.6130229830741882,0.001489143236540258,-0.3783424198627472,0.5188052654266357,0.05968311056494713,-0.9229231476783752,0.43405264616012573,-0.8835005164146423,-0.6273497343063354,0.6627745628356934,-0.45872175693511963,-0.5410813093185425,0.5817742943763733,-0.2717539668083191,-0.5163090825080872,0.5000306963920593,-0.23740169405937195,-0.4232645034790039,-1.2537486553192139,-1.2255890369415283,-1.1619913578033447,-1.0990062952041626,0.3623177111148834,0.31205493211746216,0.48072075843811035,0.628679633140564,0.5233670473098755,0.7696335911750793,0.1622486412525177,-0.5281901359558105,0.6139245629310608
0,0.0,0.0,0.0,0.750308096408844,0.6511721611022949,0.03816817328333855,0.8213667869567871,0.7499318718910217,-0.14713779091835022,0.7448508143424988,0.788079559803009,-0.24956223368644714,0.4946349263191223,0.8308744430541992,-0.37653905153274536,0.6236777305603027,0.47797679901123047,-0.5471768975257874,0.5201249718666077,0.7007530927658081,-0.6061422824859619,0.5607841610908508,0.7179303169250488,-0.6959699988365173,0.5520068407058716,0.7080569863319397,-0.7521901726722717,0.006825906690210104,0.4509970545768738,-0.7319739460945129,0.14572151005268097,0.7194239497184753,-0.5355427861213684,0.29231351613998413,0.7012126445770264,-0.43991991877555847,0.31458428502082825,0.6697084903717041,-0.5129095315933228,-0.543759286403656,0.44162461161613464,-0.942214846611023,-0.3168536424636841,0.6891583800315857,-0.4838213324546814,-0.23416532576084137,0.6513693928718567,-0.25484487414360046,-0.2080065906047821,0.5996354222297668,-0.2538459599018097,-0.8656938672065735,0.44461312890052795,-1.0965709686279297,-0.6129271388053894,0.650501012802124,-0.5953889489173889,-0.5041400790214539,0.6169232130050659,-0.3978210389614105,-0.46669867634773254,0.575154185295105,-0.3807656168937683,-0.20276029407978058,-1.1819602251052856,-1.1550213098526,-1.0843477249145508,-1.0399370193481445,0.3623177111148834,0.31205493211746216,0.48072075843811035,0.628679633140564,0.5233670473098755,0.7696335911750793,0.09415443241596222,-0.56598961353302,0.5385504961013794
0,0.0,0.0,0.0,0.750308096408844,0.6511721611022949,0.03816817328333855,0.8213667869567871,0.7499318718910217,-0.14713779091835022,0.7448508143424988,0.788079559803009,-0.24956223368644714,0.4946349263191223,0.8308744430541992,-0.37653905153274536,0.6236777305603027,0.47797679901123047,-0.5471768975257874,0.5201249718666077,0.7007530927658081,-0.6061422824859619,0.5607841610908508,0.7179303169250488,-0.6959699988365173,0.5520068407058716,0.7080569863319397,-0.7521901726722717,0.006825906690210104,0.4509970545768738,-0.7319739460945129,0.14572151005268097,0.7194239497184753,-0.5355427861213684,0.29231351613998413,0.7012126445770264,-0.43991991877555847,0.31458428502082825,0.6697084903717041,-0.5129095315933228,-0.543759286403656,0.44162461161613464,-0.942214846611023,-0.3168536424636841,0.6891583800315857,-0.4838213324546814,-0.23416532576084137,0.6513693928718567,-0.25484487414360046,-0.2080065906047821,0.5996354222297668,-0.2538459599018097,-0.8656938672065735,0.44461312890052795,-1.0965709686279297,-0.6129271388053894,0.650501012802124,-0.5953889489173889,-0.5041400790214539,0.6169232130050659,-0.3978210389614105,-0.46669867634773254,0.575154185295105,-0.3807656168937683,-0.20276029407978058,-1.1819602251052856,-1.1550213098526,-1.0843477249145508,-1.0399370193481445,0.3623177111148834,0.31205493211746216,0.48072075843811035,0.628679633140564,0.5233670473098755,0.7696335911750793,0.09415443241596222,-0.56598961353302,0.5385504961013794
0,0.0,0.0,0.0,0.8284306526184082,0.7763989567756653,-0.16950008273124695,0.8902005553245544,0.8606640100479126,-0.36552202701568604,0.7518072128295898,0.9197304248809814,-0.44919878244400024,0.4626421332359314,0.9412403106689453,-0.5395842790603638,0.7094722390174866,0.5866115093231201,-0.8246686458587646,0.568923830986023,0.8091119527816772,-0.8333720564842224,0.5816399455070496,0.8114809989929199,-0.8153660297393799,0.532021164894104,0.7682896852493286,-0.8075351119041443,0.08822206407785416,0.5426425337791443,-1.0240873098373413,0.17041851580142975,0.812861442565918,-0.8437935709953308,0.27863818407058716,0.7693402767181396,-0.7017439603805542,0.2901627719402313,0.6763312220573425,-0.7233203053474426,-0.464887797832489,0.5358749628067017,-1.2311304807662964,-0.27064424753189087,0.768893837928772,-0.8115131258964539,-0.19463090598583221,0.7117408514022827,-0.5172752737998962,-0.17082439363002777,0.6196147799491882,-0.44264286756515503,-0.8008756041526794,0.5421061515808105,-1.326686978340149,-0.5559582114219666,0.7365511655807495,-0.9790571331977844,-0.45796412229537964,0.680849015712738,-0.7953797578811646,-0.4414674639701843,0.6056749820709229,-0.7580490708351135,-0.5120759010314941,-0.99946528673172,-0.9571788311004639,-0.8534373044967651,-0.7686200141906738,0.3623177111148834,0.31205493211746216,0.48072075843811035,0.628679633140564,0.5233670473098755,0.7696335911750793,-0.14406989514827728,-0.5680946111679077,-0.17952695488929749
5,0.0,0.0,0.0,0.6531001925468445,0.09001488238573074,-0.11267464607954025,0.5561574697494507,-0.18117982149124146,-0.01859867572784424,0.10754014551639557,-0.2369055449962616,-0.00836203619837761,-0.259091317653656,-0.23135441541671753,-0.03106655366718769,0.4815841615200043,-0.3664524555206299,0.20628604292869568,0.37507665157318115,-0.6366487145423889,0.10760173946619034,0.3360130786895752,-0.8181058764457703,0.047203514724969864,0.2675035297870636,-0.9509670734405518,0.04901498556137085,-0.06657195836305618,-0.39704546332359314,0.13886021077632904,-0.01638207584619522,-0.685545802116394,-0.013231799006462097,0.06055217236280441,-0.906775176525116,-0.2701743245124817,0.07842447608709335,-1.0896885395050049,-0.3107631206512451,-0.5431819558143616,-0.37100496888160706,0.005519783589988947,-0.6316851377487183,-0.436271995306015,-0.525682806968689,-0.4980670213699341,-0.20081111788749695,-0.7799884676933289,-0.30836403369903564,-0.005017905496060848,-0.5390464663505554,-0.8652080297470093,-0.2806955873966217,-0.14956830441951752,-0.7691022753715515,-0.3013077676296234,-0.5159658193588257,-0.5591976642608643,-0.08764337748289108,-0.34998199343681335,-0.3957604467868805,0.08934137225151062,-0.027101581916213036,-1.3471490144729614,0.9354832768440247,1.0840322971343994,0.6433173418045044,0.48779937624931335,0.3623177111148834,0.31205493211746216,0.48072075843811035,-1.5906352996826172,-1.9107049703598022,-0.9583560228347778,-0.15158821642398834,-1.0779356956481934,3.2396295070648193
2,0.0,0.0,0.0,-0.8858218789100647,-1.4490220546722412,0.06607168167829514,-0.7112772464752197,-1.4485408067703247,-0.044255319982767105,-0.7118526697158813,-1.40325927734375,-0.25891828536987305,-0.5241825580596924,-1.324062705039978,-0.3697899580001831,0.6825954914093018,-1.0388164520263672,0.759680986404419,0.7843267917633057,-1.212213397026062,0.30598393082618713,0.18712182343006134,-1.1593997478485107,0.030024077743291855,-0.21675805747509003,-0.9806130528450012,-0.02693125419318676,1.0712026357650757,-0.915591835975647,0.7545374035835266,1.2410318851470947,-1.2492218017578125,0.17392484843730927,0.4152296781539917,-1.2135227918624878,-0.08286919444799423,-0.1210789829492569,-0.9893062710762024,0.03596321493387222,1.25493586063385,-0.8128368854522705,0.5333827137947083,1.5323470830917358,-1.1770637035369873,0.04424672946333885,0.8562387228012085,-1.2080779075622559,-0.137315034866333,0.13143551349639893,-1.0360289812088013,0.048612359911203384,1.2374552488327026,-0.7148549556732178,0.09207767993211746,1.237320899963379,-1.0511765480041504,-0.15214304625988007,0.7654563784599304,-1.1472623348236084,-0.2576480805873871,0.3419822156429291,-1.0644537210464478,-0.14503231644630432,0.8281100988388062,0.8873403668403625,0.9441351294517517,1.017427682876587,0.8226626515388489,0.3623177111148834,0.31205493211746216,0.48072075843811035,0.628679633140564,0.5233670473098755,0.7696335911750793,-0.08041558414697647,-2.5361897945404053,-2.574659824371338
2,0.0,0.0,0.0,-1.0428434610366821,-1.7081058025360107,-0.004606629256159067,-0.8356768488883972,-1.6375471353530884,-0.15207168459892273,-0.8146507740020752,-1.5719510316848755,-0.4263041019439697,-0.6142664551734924,-1.486109733581543,-0.5878282189369202,0.7697006464004517,-1.2372688055038452,0.8999518752098083,0.8077134490013123,-1.3776540756225586,0.40200814604759216,0.15456099808216095,-1.304826021194458,0.062467318028211594,-0.2871299982070923,-1.1167714595794678,-0.04716431722044945,1.190108060836792,-1.1096879243850708,0.8791555166244507,1.2502381801605225,-1.4155876636505127,0.28016921877861023,0.34810638427734375,-1.3643825054168701,-0.09017162770032883,-0.2087499499320984,-1.1365067958831787,-0.09916028380393982,1.3721299171447754,-1.0175954103469849,0.593180239200592,1.5782978534698486,-1.369674801826477,0.005132754798978567,0.7685168981552124,-1.3935906887054443,-0.3437402844429016,-0.0659247413277626,-1.2140743732452393,-0.27745598554611206,1.305182695388794,-0.9367193579673767,0.04447828605771065,1.2748526334762573,-1.2753524780273438,-0.31020182371139526,0.711025595664978,-1.3284903764724731,-0.4721710681915283,0.21466106176376343,-1.1989381313323975,-0.3988814949989319,0.7974992394447327,0.8679572939872742,0.9094523787498474,0.9760867357254028,0.83646559715271,0.3623177111148834,0.31205493211746216,0.48072075843811035,0.628679633140564,0.5233670473098755,0.7696335911750793,-0.10621452331542969,-2.2071783542633057,-1.931337833404541
4,0.0,0.0,0.0,1.2821177244186401,0.2849312126636505,0.11321397125720978,1.3886384963989258,-0.10117030888795853,0.45896783471107483,1.443121314048767,-0.25765109062194824,0.6912517547607422,1.4764719009399414,-0.37259188294410706,0.7958161234855652,1.2188185453414917,-0.47259774804115295,0.30267468094825745,1.1470224857330322,-0.7199857234954834,0.5025555491447449,1.1665565967559814,-0.8735155463218689,0.51799476146698,1.1246601343154907,-1.0127049684524536,0.4414084255695343,0.7141063213348389,-0.6058555245399475,0.3234976828098297,0.6207893490791321,-0.8637572526931763,0.5599777102470398,0.7024635076522827,-1.0732996463775635,0.3050233721733093,0.6720747947692871,-1.2587976455688477,-0.037040699273347855,0.10554846376180649,-0.6791971921920776,0.3688820004463196,0.05640213564038277,-0.8959392309188843,0.40779194235801697,0.13230884075164795,-1.1049542427062988,-0.3032499849796295,0.11920145899057388,-1.2926766872406006,-0.9331761002540588,-0.3823585510253906,-0.7045503258705139,0.4056015610694885,-0.6237243413925171,-0.831372857093811,0.11138449609279633,-0.7374309301376343,-0.9693567752838135,-0.40424060821533203,-0.7827537059783936,-1.0983134508132935,-0.7782188057899475,0.9611870646476746,0.9409564733505249,0.9541090726852417,1.135016679763794,0.9530298709869385,0.3623177111148834,0.31205493211746216,0.48072075843811035,0.628679633140564,0.5233670473098755,0.7696335911750793,0.18200452625751495,0.8898873329162598,-0.2427009493112564
4,0.0,0.0,0.0,1.2383475303649902,0.3924398720264435,0.06781686097383499,1.3564391136169434,-0.004139913246035576,0.3736785352230072,1.4074218273162842,-0.17689073085784912,0.5839554071426392,1.4447418451309204,-0.28866061568260193,0.6658457517623901,1.1964845657348633,-0.4130668044090271,0.1901210993528366,1.1120601892471313,-0.666841983795166,0.3758477568626404,1.1357955932617188,-0.8164718747138977,0.3714492619037628,1.0975919961929321,-0.9484087228775024,0.2849538028240204,0.6830825209617615,-0.5269613862037659,0.1686708927154541,0.5986477136611938,-0.8000150322914124,0.38010433316230774,0.6666371822357178,-1.012557864189148,0.07928887754678726,0.6160622239112854,-1.1962635517120361,-0.2805490791797638,0.0869021788239479,-0.580932080745697,0.16643966734409332,0.052412550896406174,-0.8126943707466125,0.20574906468391418,0.12797115743160248,-1.026740312576294,-0.5229964852333069,0.10872805118560791,-1.209734320640564,-1.1426411867141724,-0.3866918385028839,-0.5919020771980286,0.17886056005954742,-0.5953942537307739,-0.7349166870117188,-0.07561606168746948,-0.6961765289306641,-0.8728960752487183,-0.5427910089492798,-0.7353180646896362,-0.9954162836074829,-0.8832670450210571,0.8939811587333679,0.917384684085846,0.9542515873908997,1.1526014804840088,1.0033771991729736,0.3623177111148834,0.31205493211746216,0.48072075843811035,0.628679633140564,0.5233670473098755,0.7696335911750793,0.17186030745506287,1.0398744344711304,-0.33690696954727173
4,0.0,0.0,0.0,1.1977510452270508,0.3197249472141266,0.036906711757183075,1.3218305110931396,-0.05085648223757744,0.34972819685935974,1.371023178100586,-0.19432654976844788,0.553798258304596,1.4025065898895264,-0.29276248812675476,0.6332123279571533,1.1553692817687988,-0.3944275677204132,0.17886221408843994,1.0533676147460938,-0.6529679298400879,0.3136891722679138,1.0693247318267822,-0.8014737367630005,0.2829994261264801,1.0282166004180908,-0.9285149574279785,0.1933700293302536,0.6485462188720703,-0.5178583860397339,0.15467266738414764,0.5871431231498718,-0.7817047238349915,0.31579139828681946,0.6602691411972046,-0.9802241325378418,0.01646452583372593,0.621953547000885,-1.152218222618103,-0.31920328736305237,0.05261024087667465,-0.5812698006629944,0.1304001659154892,0.029737655073404312,-0.801392138004303,0.15489627420902252,0.08428390324115753,-1.0052512884140015,-0.54940265417099,0.06743751466274261,-1.184412956237793,-1.1334738731384277,-0.43116867542266846,-0.5957690477371216,0.10874119400978088,-0.6097440123558044,-0.7273305058479309,-0.1167718768119812,-0.7085102796554565,-0.8564712405204773,-0.5700282454490662,-0.7469576597213745,-0.9754497408866882,-0.8995547890663147,0.9824719429016113,0.8926688432693481,0.9800363183021545,1.1680246591567993,1.050038456916809,0.3623177111148834,0.31205493211746216,0.48072075843811035,0.628679633140564,0.5233670473098755,0.7696335911750793,0.19525763392448425,1.100054383277893,-0.3474584221839905
4,0.0,0.0,0.0,1.230451226234436,0.2518203854560852,-0.04377121850848198,1.3455078601837158,-0.12351860105991364,0.26944398880004883,1.38762366771698,-0.25634974241256714,0.4642263948917389,1.4332828521728516,-0.3393489122390747,0.5347112417221069,1.1662406921386719,-0.43713727593421936,0.1359637975692749,1.0480315685272217,-0.6910092234611511,0.23956091701984406,1.0638024806976318,-0.8363425731658936,0.18768317997455597,1.0295367240905762,-0.9654566049575806,0.08174074441194534,0.6688534617424011,-0.5531430840492249,0.08298376202583313,0.5900377035140991,-0.8185515403747559,0.21383246779441833,0.6671038269996643,-1.0179450511932373,-0.1197907105088234,0.6359856128692627,-1.1969364881515503,-0.48158642649650574,0.07569841295480728,-0.611173689365387,-0.0010568073485046625,0.03420117869973183,-0.8307760953903198,-0.007737651467323303,0.09455272555351257,-1.0343331098556519,-0.756268322467804,0.0896487832069397,-1.2186946868896484,-1.3596662282943726,-0.4085080027580261,-0.6188861727714539,-0.08950018882751465,-0.6316852569580078,-0.7646094560623169,-0.34602490067481995,-0.7481815814971924,-0.8950905203819275,-0.8212270736694336,-0.7934642434120178,-1.0195449590682983,-1.1630074977874756,1.0041475296020508,0.8799371123313904,0.966671884059906,1.1485986709594727,1.0119966268539429,0.3623177111148834,0.31205493211746216,0.48072075843811035,0.628679633140564,0.5233670473098755,0.7696335911750793,0.17877815663814545,1.1147223711013794,-0.5323889255523682
4,0.0,0.0,0.0,1.2418794631958008,0.26424384117126465,-0.11030622571706772,1.3339792490005493,-0.09674283117055893,0.17589905858039856,1.376259207725525,-0.25005632638931274,0.35285571217536926,1.4196395874023438,-0.347916841506958,0.4077221751213074,1.1254695653915405,-0.44516634941101074,0.10436081141233444,0.9945343136787415,-0.6961484551429749,0.1900174468755722,1.000632405281067,-0.8451101183891296,0.11537917703390121,0.9552924036979675,-0.976923942565918,-0.0016178531805053353,0.6171400547027588,-0.5543574690818787,0.05903336778283119,0.5313279032707214,-0.819290816783905,0.17400962114334106,0.599728524684906,-1.0228191614151,-0.19336384534835815,0.5571972727775574,-1.2053135633468628,-0.575722336769104,0.03010367602109909,-0.6030445694923401,-0.012152627110481262,-0.022956889122724533,-0.8229228854179382,-0.03671254962682724,0.013095628470182419,-1.0281816720962524,-0.8083208799362183,-0.012700367718935013,-1.2154847383499146,-1.4191629886627197,-0.44091641902923584,-0.60305255651474,-0.08105012029409409,-0.6554263234138489,-0.7457965612411499,-0.351736843585968,-0.7714852690696716,-0.8772198557853699,-0.8268942832946777,-0.8178719282150269,-1.003554344177246,-1.1623547077178955,0.9363344311714172,0.8711704015731812,0.9697642922401428,1.148013949394226,1.0238467454910278,0.3623177111148834,0.31205493211746216,0.48072075843811035,0.628679633140564,0.5233670473098755,0.7696335911750793,0.19701488316059113,1.0481451749801636,-0.47434893250465393
4,0.0,0.0,0.0,1.2062960863113403,0.20739410817623138,-0.07340852171182632,1.2891476154327393,-0.12784171104431152,0.2215413600206375,1.3300906419754028,-0.2622048854827881,0.39952903985977173,1.3586317300796509,-0.35402342677116394,0.45889079570770264,1.0756078958511353,-0.4363403618335724,0.1807684302330017,0.9370759129524231,-0.6819844841957092,0.2758658826351166,0.9396711587905884,-0.8255659937858582,0.21190145611763,0.8966834545135498,-0.9517399072647095,0.10177911818027496,0.5637263059616089,-0.544547438621521,0.15354758501052856,0.48175573348999023,-0.8027138710021973,0.2796878218650818,0.5500345230102539,-0.996585488319397,-0.05638401210308075,0.5166200995445251,-1.1694763898849487,-0.41873878240585327,-0.021730761975049973,-0.5927262306213379,0.10007399320602417,-0.06868918240070343,-0.805943489074707,0.07655801624059677,-0.05406978726387024,-1.0092105865478516,-0.6722342371940613,-0.08810029923915863,-1.1935443878173828,-1.2716175317764282,-0.4855513870716095,-0.590076744556427,0.03295891731977463,-0.6889767050743103,-0.7368844151496887,-0.23902876675128937,-0.8054562211036682,-0.8675786852836609,-0.7204302549362183,-0.8516805768013,-0.9916085004806519,-1.0610848665237427,0.9973908066749573,0.8650857210159302,0.9797799587249756,1.1575790643692017,1.050718903541565,0.3623177111148834,0.31205493211746216,0.48072075843811035,0.628679633140564,0.5233670473098755,0.7696335911750793,0.16544348001480103,1.0273618698120117,-0.46317416429519653
4,0.0,0.0,0.0,1.243281364440918,0.22841450572013855,-0.009338139556348324,1.3248602151870728,-0.11457059532403946,0.29975977540016174,1.3593475818634033,-0.26265856623649597,0.49193403124809265,1.3940210342407227,-0.35007479786872864,0.5588645935058594,1.1139720678329468,-0.4351479709148407,0.21468858420848846,0.9720972180366516,-0.6851329803466797,0.33085599541664124,0.9711083769798279,-0.8317428827285767,0.2809427082538605,0.920775294303894,-0.9610311985015869,0.17470836639404297,0.609063446521759,-0.5480856895446777,0.18912678956985474,0.5190460085868835,-0.8032280802726746,0.32679274678230286,0.5829450488090515,-1.0009688138961792,-0.0019239109242334962,0.5378572940826416,-1.1794553995132446,-0.36444392800331116,0.0234533678740263,-0.5956318378448486,0.14461371302604675,-0.027206772938370705,-0.8121662139892578,0.10653558373451233,-0.004826128017157316,-1.0193806886672974,-0.6634142994880676,-0.04982496425509453,-1.2099820375442505,-1.2818264961242676,-0.4519438147544861,-0.5955103635787964,0.090549536049366,-0.6727868318557739,-0.744178056716919,-0.22632186114788055,-0.7992217540740967,-0.8769693374633789,-0.7394658327102661,-0.8556445837020874,-1.004099726676941,-1.097611665725708,0.923712432384491,0.8559838533401489,0.9651832580566406,1.1401207447052002,1.011642336845398,0.3623177111148834,0.31205493211746216,0.48072075843811035,0.628679633140564,0.5233670473098755,0.7696335911750793,0.1431584507226944,1.0168745517730713,-0.35947778820991516
4,0.0,0.0,0.0,1.243281364440918,0.22841450572013855,-0.009338139556348324,1.3248602151870728,-0.11457059532403946,0.29975977540016174,1.3593475818634033,-0.26265856623649597,0.49193403124809265,1.3940210342407227,-0.35007479786872864,0.5588645935058594,1.1139720678329468,-0.4351479709148407,0.21468858420848846,0.9720972180366516,-0.6851329803466797,0.33085599541664124,0.9711083769798279,-0.8317428827285767,0.2809427082538605,0.920775294303894,-0.9610311985015869,0.17470836639404297,0.609063446521759,-0.5480856895446777,0.18912678956985474,0.5190460085868835,-0.8032280802726746,0.32679274678230286,0.5829450488090515,-1.0009688138961792,-0.0019239109242334962,0.5378572940826416,-1.1794553995132446,-0.36444392800331116,0.0234533678740263,-0.5956318378448486,0.14461371302604675,-0.027206772938370705,-0.8121662139892578,0.10653558373451233,-0.004826128017157316,-1.0193806886672974,-0.6634142994880676,-0.04982496425509453,-1.2099820375442505,-1.2818264961242676,-0.4519438147544861,-0.5955103635787964,0.090549536049366,-0.6727868318557739,-0.744178056716919,-0.22632186114788055,-0.7992217540740967,-0.8769693374633789,-0.7394658327102661,-0.8556445837020874,-1.004099726676941,-1.097611665725708,0.923712432384491,0.8559838533401489,0.9651832580566406,1.1401207447052002,1.011642336845398,0.3623177111148834,0.31205493211746216,0.48072075843811035,0.628679633140564,0.5233670473098755,0.7696335911750793,-0.004150395281612873,0.9088054299354553,-0.22243055701255798
4,0.0,0.0,0.0,1.2491658926010132,0.11724717915058136,-0.09240686893463135,1.3249458074569702,-0.2287530153989792,0.22916436195373535,1.3617148399353027,-0.3749830424785614,0.4446960687637329,1.3881800174713135,-0.4960719347000122,0.5354734063148499,0.9921236634254456,-0.4705961048603058,0.08625125139951706,0.9155912399291992,-0.7130804657936096,0.24648161232471466,0.9500928521156311,-0.8689878582954407,0.24788017570972443,0.9231061935424805,-1.0027904510498047,0.17473773658275604,0.45987650752067566,-0.5842170119285583,0.09278547018766403,0.41088932752609253,-0.8156167268753052,0.2810295522212982,0.4915439486503601,-1.0114878416061401,0.04353006184101105,0.4698379933834076,-1.1788417100906372,-0.2576713562011719,-0.1335647702217102,-0.6349068284034729,0.10583418607711792,-0.17155101895332336,-0.8402494788169861,0.11503297835588455,-0.18998849391937256,-1.046889066696167,-0.5848790407180786,-0.2516424059867859,-1.2291845083236694,-1.1721301078796387,-0.5751917362213135,-0.6265645027160645,0.1356746405363083,-0.7887938618659973,-0.7541486620903015,-0.1880045086145401,-0.9323161840438843,-0.8896811008453369,-0.7174046635627747,-0.9906611442565918,-1.0137351751327515,-1.0862497091293335,0.9377477765083313,0.967724084854126,1.0344257354736328,1.1972795724868774,1.0278136730194092,0.3623177111148834,0.31205493211746216,0.48072075843811035,0.628679633140564,0.5233670473098755,0.7696335911750793,0.07342184334993362,-0.5470845103263855,0.021128416061401367
4,0.0,0.0,0.0,1.228554368019104,-0.03591262176632881,-0.01995120756328106,1.2710219621658325,-0.2981051504611969,0.28674444556236267,1.3107575178146362,-0.422989159822464,0.4748583137989044,1.3479256629943848,-0.5360540151596069,0.5542604327201843,0.9659299254417419,-0.524124264717102,0.27282240986824036,0.9080828428268433,-0.7424117922782898,0.40392112731933594,0.9367402195930481,-0.8911088109016418,0.38827526569366455,0.9001150727272034,-1.0180740356445312,0.3187510371208191,0.4532032012939453,-0.6303005218505859,0.31179583072662354,0.4092422127723694,-0.856682300567627,0.5124695301055908,0.4851447343826294,-1.0526466369628906,0.31592726707458496,0.45722582936286926,-1.2199761867523193,0.043354909867048264,-0.13727128505706787,-0.6840253472328186,0.34764695167541504,-0.18109320104122162,-0.8827897310256958,0.3983016312122345,-0.2072797417640686,-1.085984230041504,-0.20442110300064087,-0.2738630473613739,-1.2633315324783325,-0.7468048930168152,-0.5976870656013489,-0.6847536563873291,0.34856730699539185,-0.7990669012069702,-0.7960125207901001,0.12155970185995102,-0.9217100739479065,-0.9228124022483826,-0.3357929289340973,-0.9715096950531006,-1.0376955270767212,-0.6664819121360779,0.9976621270179749,1.0007991790771484,1.0430220365524292,1.1934791803359985,1.0498664379119873,0.3623177111148834,0.31205493211746216,0.48072075843811035,0.628679633140564,0.5233670473098755,0.7696335911750793,0.14282798767089844,-0.756101131439209,0.13792181015014648
4,0.0,0.0,0.0,1.3165339231491089,-0.04059947654604912,-0.0013328063068911433,1.3258569240570068,-0.28882336616516113,0.29338669776916504,1.3418958187103271,-0.4099363088607788,0.4814087152481079,1.3773995637893677,-0.5117175579071045,0.5610429048538208,1.0044605731964111,-0.5480637550354004,0.22968746721744537,0.9468271136283875,-0.7674954533576965,0.3700016140937805,0.9847416281700134,-0.9201789498329163,0.3566579520702362,0.9556978344917297,-1.0541672706604004,0.2854446470737457,0.49808764457702637,-0.6480913758277893,0.261255145072937,0.43645742535591125,-0.8710306286811829,0.4635557532310486,0.5142711997032166,-1.061699628829956,0.2788950800895691,0.5037530064582825,-1.2210693359375,0.015946267172694206,-0.09320725500583649,-0.7046810388565063,0.2994454801082611,-0.13860644400119781,-0.8980888724327087,0.3620193302631378,-0.14042994379997253,-1.0936849117279053,-0.2052263617515564,-0.1680801510810852,-1.2606611251831055,-0.7175996899604797,-0.5648631453514099,-0.7145230174064636,0.31612613797187805,-0.7563641667366028,-0.8280246257781982,0.11323215067386627,-0.8653889894485474,-0.9500834345817566,-0.3012574017047882,-0.9045296907424927,-1.0617058277130127,-0.6017400026321411,0.9456526041030884,1.002028226852417,1.0230603218078613,1.188329815864563,1.0707076787948608,0.3623177111148834,0.31205493211746216,0.48072075843811035,0.628679633140564,0.5233670473098755,0.7696335911750793,0.17268028855323792,-1.080775260925293,0.18606451153755188
4,0.0,0.0,0.0,1.296742558479309,-0.02751278318464756,-0.020072653889656067,1.3442474603652954,-0.2712085545063019,0.29312843084335327,1.3714617490768433,-0.386526882648468,0.4976556897163391,1.3568065166473389,-0.4876968562602997,0.5799469351768494,1.0327190160751343,-0.5133613348007202,0.19332027435302734,0.9646180272102356,-0.7374902367591858,0.33330678939819336,0.9853928089141846,-0.8913955688476562,0.2970382869243622,0.9514239430427551,-1.030676007270813,0.20466108620166779,0.5264666080474854,-0.613867998123169,0.2121252566576004,0.44324225187301636,-0.8439528346061707,0.41376349329948425,0.5100781321525574,-1.0383843183517456,0.1393629014492035,0.49429556727409363,-1.209140658378601,-0.19936002790927887,-0.060586877167224884,-0.6605638265609741,0.24996855854988098,-0.1170119047164917,-0.8577870726585388,0.3219161629676819,-0.1374518871307373,-1.054194688796997,-0.32000619173049927,-0.19109037518501282,-1.225771188735962,-0.8943722248077393,-0.5315210819244385,-0.6609335541725159,0.2763786315917969,-0.7050196528434753,-0.7706285715103149,0.07016695290803909,-0.8053378462791443,-0.8876847624778748,-0.36300233006477356,-0.8422209024429321,-0.9967060089111328,-0.6858561038970947,0.9528853297233582,0.9813039898872375,0.9956567287445068,1.1731419563293457,1.0654640197753906,0.3623177111148834,0.31205493211746216,0.48072075843811035,0.628679633140564,0.5233670473098755,0.7696335911750793,0.2212911695241928,-1.2911797761917114,0.09909216314554214
4,0.0,0.0,0.0,1.2713327407836914,-0.04436646029353142,-0.1745104044675827,1.3068978786468506,-0.27380019426345825,0.15414756536483765,1.33467435836792,-0.38909852504730225,0.36018088459968567,1.364356279373169,-0.4872136414051056,0.454022616147995,0.9678335189819336,-0.5442524552345276,0.18415296077728271,0.9207754731178284,-0.7600303888320923,0.30838361382484436,0.9530049562454224,-0.9086815714836121,0.2767511010169983,0.9160178303718567,-1.0424388647079468,0.19599217176437378,0.4421965777873993,-0.6518914699554443,0.24600932002067566,0.3931632339954376,-0.8779861927032471,0.44081300497055054,0.47082096338272095,-1.0643988847732544,0.21970407664775848,0.45993733406066895,-1.2256487607955933,-0.0690198540687561,-0.14403705298900604,-0.6981644034385681,0.3173912763595581,-0.1976015269756317,-0.8856857419013977,0.3643014430999756,-0.23315635323524475,-1.0729678869247437,-0.23284856975078583,-0.283420205116272,-1.2360527515411377,-0.7641279697418213,-0.5922785401344299,-0.6846187710762024,0.3596532344818115,-0.7765917181968689,-0.7935402989387512,0.1263623684644699,-0.8882437944412231,-0.9104818105697632,-0.3066960573196411,-0.9268656373023987,-1.0191813707351685,-0.6191176772117615,0.9613519310951233,1.0194332599639893,1.0433130264282227,1.1850829124450684,1.0620570182800293,0.3623177111148834,0.31205493211746216,0.48072075843811035,0.628679633140564,0.5233670473098755,0.7696335911750793,0.2672348618507385,-1.3479667901992798,0.18950702250003815
4,0.0,0.0,0.0,1.2761110067367554,0.006036235950887203,-0.18217170238494873,1.3343759775161743,-0.2690332531929016,0.17882059514522552,1.362973690032959,-0.4097600281238556,0.40570250153541565,1.4031915664672852,-0.509020984172821,0.5171312093734741,0.988181471824646,-0.529843807220459,0.25741976499557495,0.9350449442863464,-0.7529807686805725,0.40946751832962036,0.9654200673103333,-0.9024806618690491,0.39582231640815735,0.9336634278297424,-1.035468578338623,0.31784746050834656,0.4593498706817627,-0.6483115553855896,0.35128042101860046,0.4022715389728546,-0.8761637806892395,0.5726021528244019,0.4835861921310425,-1.0682705640792847,0.36915335059165955,0.46917885541915894,-1.233962059020996,0.08119706064462662,-0.1330137550830841,-0.7063618898391724,0.4623008668422699,-0.18789708614349365,-0.9030109643936157,0.5146820545196533,-0.2100834846496582,-1.0940985679626465,-0.07535378634929657,-0.24930910766124725,-1.2658103704452515,-0.6254713535308838,-0.5882902145385742,-0.7047924399375916,0.5289074778556824,-0.7829263210296631,-0.8155101537704468,0.29435691237449646,-0.8973045945167542,-0.9294905662536621,-0.14343969523906708,-0.9333098530769348,-1.0380090475082397,-0.4734669327735901,0.8827097415924072,1.0065159797668457,1.0327417850494385,1.1811209917068481,1.0491636991500854,0.3623177111148834,0.31205493211746216,0.48072075843811035,0.628679633140564,0.5233670473098755,0.7696335911750793,0.34077078104019165,-1.414275050163269,0.12129615992307663
4,0.0,0.0,0.0,1.308298945426941,-0.07444579154253006,-0.2453342080116272,1.332159399986267,-0.3119942843914032,0.07410864531993866,1.3581939935684204,-0.4286409020423889,0.26420027017593384,1.3998616933822632,-0.5194394588470459,0.3407224118709564,0.975519597530365,-0.5858017206192017,0.13832922279834747,0.921147882938385,-0.8059372901916504,0.23284918069839478,0.9524494409561157,-0.9530428647994995,0.18321582674980164,0.9208182692527771,-1.0893810987472534,0.09269788861274719,0.45851320028305054,-0.6978698968887329,0.17948071658611298,0.40540024638175964,-0.9194589257240295,0.34828218817710876,0.47289010882377625,-1.1088942289352417,0.11128649115562439,0.453220397233963,-1.2760764360427856,-0.1802489459514618,-0.13094711303710938,-0.7487781047821045,0.20836953818798065,-0.20316797494888306,-0.9294676780700684,0.24875707924365997,-0.24108685553073883,-1.119385004043579,-0.3619134724140167,-0.2866482138633728,-1.289026141166687,-0.8944063782691956,-0.5854803323745728,-0.7331230044364929,0.2033662647008896,-0.8188989758491516,-0.8381490111351013,-0.01682053878903389,-0.9419191479682922,-0.9550984501838684,-0.4421166479587555,-0.9844813942909241,-1.0639877319335938,-0.7485367059707642,0.967306911945343,1.0108503103256226,1.0418752431869507,1.174944281578064,1.0183913707733154,0.3623177111148834,0.31205493211746216,0.48072075843811035,0.628679633140564,0.5233670473098755,0.7696335911750793,0.3899974524974823,-1.2212368249893188,0.11965597420930862
4,0.0,0.0,0.0,1.3126881122589111,-0.07300645112991333,-0.1561676263809204,1.3401418924331665,-0.29607197642326355,0.16601409018039703,1.3690705299377441,-0.4085654616355896,0.3647204637527466,1.3909838199615479,-0.5108092427253723,0.44947996735572815,0.995903491973877,-0.5711080431938171,0.2291606068611145,0.930670440196991,-0.7901133298873901,0.34803107380867004,0.9534757733345032,-0.9375627636909485,0.2990442216396332,0.9169211983680725,-1.075104832649231,0.20120294392108917,0.48209914565086365,-0.6769168376922607,0.28096330165863037,0.4180131256580353,-0.8971001505851746,0.4842709004878998,0.4955505430698395,-1.0873857736587524,0.24554218351840973,0.4879870116710663,-1.2549529075622559,-0.06838040798902512,-0.10785108804702759,-0.7266934514045715,0.33104628324508667,-0.17020517587661743,-0.9138367176055908,0.41877880692481995,-0.18072275817394257,-1.109871506690979,-0.16984309256076813,-0.2042507380247116,-1.2838658094406128,-0.7236793041229248,-0.5638245940208435,-0.7146543264389038,0.33325883746147156,-0.7741230726242065,-0.819719135761261,0.14552414417266846,-0.8864182233810425,-0.9430384635925293,-0.27075502276420593,-0.9207647442817688,-1.0578207969665527,-0.5856543183326721,0.9734541773796082,0.9940986633300781,1.0265027284622192,1.1824305057525635,1.0375038385391235,0.3623177111148834,0.31205493211746216,0.48072075843811035,0.628679633140564,0.5233670473098755,0.7696335911750793,0.47054949402809143,-1.0031218528747559,0.1970844715833664
4,0.0,0.0,0.0,1.2073787450790405,-0.03291485831141472,-0.24359126389026642,1.2418087720870972,-0.28235968947410583,0.057041630148887634,1.2660530805587769,-0.4038603603839874,0.24085192382335663,1.3026283979415894,-0.5057022571563721,0.31210148334503174,0.9178579449653625,-0.5197694897651672,0.11104878038167953,0.8486171960830688,-0.7435275912284851,0.19469203054904938,0.8719349503517151,-0.8965583443641663,0.13551945984363556,0.8346635699272156,-1.0318702459335327,0.04719165712594986,0.38823607563972473,-0.6258124113082886,0.15925367176532745,0.34289833903312683,-0.8594027757644653,0.31199073791503906,0.4025413990020752,-1.0536144971847534,0.0741366371512413,0.37773817777633667,-1.218071460723877,-0.20323589444160461,-0.1990291029214859,-0.6837896704673767,0.20640642940998077,-0.23906318843364716,-0.8785536289215088,0.25742512941360474,-0.28849148750305176,-1.073960304260254,-0.30776500701904297,-0.35039055347442627,-1.2426972389221191,-0.8026182651519775,-0.6499319672584534,-0.6847405433654785,0.22951392829418182,-0.82588130235672,-0.7986544370651245,0.03128781542181969,-0.9425156116485596,-0.9187042713165283,-0.3595544397830963,-0.9864641427993774,-1.0278962850570679,-0.6357236504554749,0.9593061804771423,0.9908578395843506,1.052344560623169,1.2127296924591064,1.1091984510421753,0.3623177111148834,0.31205493211746216,0.48072075843811035,0.628679633140564,0.5233670473098755,0.7696335911750793,0.4452893137931824,-0.5483477115631104,0.29435995221138
4,0.0,0.0,0.0,1.209290862083435,0.10406556725502014,-0.08280615508556366,1.2796893119812012,-0.2029055804014206,0.20953448116779327,1.3178422451019287,-0.32501062750816345,0.3886222243309021,1.3707822561264038,-0.3983611464500427,0.45343947410583496,1.0334874391555786,-0.5015196800231934,0.09349344670772552,0.9658824801445007,-0.7404688000679016,0.19473212957382202,0.9892332553863525,-0.8867766857147217,0.1569298952817917,0.9532038569450378,-1.0185588598251343,0.07069435715675354,0.5114049911499023,-0.6208764314651489,0.07240340858697891,0.460923433303833,-0.8665805459022522,0.21852730214595795,0.5337362289428711,-1.0593490600585938,-0.0443924218416214,0.4985744059085846,-1.2346282005310059,-0.3423462510108948,-0.07788029313087463,-0.6823192834854126,0.036030251532793045,-0.12772919237613678,-0.8963224291801453,0.0799461081624031,-0.12831763923168182,-1.1045432090759277,-0.574289083480835,-0.16519814729690552,-1.2977639436721802,-1.1250925064086914,-0.542614758014679,-0.689141571521759,-0.0016405541682615876,-0.7627463936805725,-0.8245992064476013,-0.22662194073200226,-0.8946012854576111,-0.9518148899078369,-0.6787250638008118,-0.9474993348121643,-1.0756961107254028,-0.9958608746528625,1.0167123079299927,0.9744904637336731,1.0276037454605103,1.1940990686416626,1.0623345375061035,0.3623177111148834,0.31205493211746216,0.48072075843811035,0.628679633140564,0.5233670473098755,0.7696335911750793,0.33630433678627014,0.942995548248291,-0.22659754753112793
4,0.0,0.0,0.0,1.2391690015792847,0.1263824999332428,-0.13492293655872345,1.3055658340454102,-0.18258200585842133,0.17386692762374878,1.3303741216659546,-0.30986759066581726,0.348094642162323,1.3790481090545654,-0.3857448995113373,0.4143938720226288,1.0430066585540771,-0.49681296944618225,0.18618275225162506,0.9775717258453369,-0.7208086848258972,0.28473150730133057,0.9991370439529419,-0.8628373146057129,0.2525506019592285,0.9605626463890076,-0.9908385276794434,0.1682601124048233,0.5263814926147461,-0.6221601366996765,0.1896093785762787,0.47966399788856506,-0.862001895904541,0.3314726650714874,0.5691880583763123,-1.0520360469818115,0.08801691234111786,0.5476365089416504,-1.2253329753875732,-0.20287266373634338,-0.06617014110088348,-0.6830700039863586,0.16203516721725464,-0.0882943645119667,-0.8932254314422607,0.15886445343494415,-0.05597420409321785,-1.0888721942901611,-0.4847005307674408,-0.060448069125413895,-1.2721223831176758,-1.0267856121063232,-0.5308776497840881,-0.6833317875862122,0.10036604851484299,-0.7297016382217407,-0.8141927719116211,-0.16904030740261078,-0.8559092283248901,-0.9362890124320984,-0.6367081999778748,-0.9125605225563049,-1.0580334663391113,-0.9664087295532227,0.9514063596725464,0.9757668972015381,1.0268354415893555,1.1944018602371216,1.065097451210022,0.3623177111148834,0.31205493211746216,0.48072075843811035,0.628679633140564,0.5233670473098755,0.7696335911750793,0.2880762815475464,1.1269962787628174,-0.15318898856639862
4,0.0,0.0,0.0,1.2471816539764404,0.15471142530441284,-0.21149523556232452,1.3294434547424316,-0.17050351202487946,0.09874490648508072,1.3643468618392944,-0.30455097556114197,0.273753821849823,1.4292187690734863,-0.3858102560043335,0.33487042784690857,1.0738298892974854,-0.4929547607898712,0.10773685574531555,1.0132519006729126,-0.7259919047355652,0.19426359236240387,1.042040228843689,-0.8741709589958191,0.15418051183223724,1.0055190324783325,-1.0064955949783325,0.06655959784984589,0.5542891621589661,-0.6260687708854675,0.09434068202972412,0.5158336758613586,-0.8734192848205566,0.22348742187023163,0.6114094853401184,-1.0677303075790405,-0.044638145714998245,0.585404098033905,-1.2444472312927246,-0.34700554609298706,-0.040769875049591064,-0.6899164319038391,0.041024349629879,-0.05869293957948685,-0.901923656463623,0.029613930732011795,-0.00804867036640644,-1.1018497943878174,-0.6519446969032288,-0.0034183766692876816,-1.2899219989776611,-1.2098129987716675,-0.5051080584526062,-0.689580500125885,-0.03703504800796509,-0.7012329697608948,-0.817556619644165,-0.3101906180381775,-0.8358521461486816,-0.9401448369026184,-0.7836695909500122,-0.9022538661956787,-1.063217282295227,-1.1152143478393555,0.9566482305526733,0.9762087464332581,1.0304169654846191,1.1978989839553833,1.063340425491333,0.3623177111148834,0.31205493211746216,0.48072075843811035,0.628679633140564,0.5233670473098755,0.7696335911750793,0.18550559878349304,1.108668565750122,-0.0879741683602333
4,0.0,0.0,0.0,1.2359615564346313,0.0902562215924263,-0.23058182001113892,1.2977030277252197,-0.17478442192077637,0.012395002879202366,1.3209747076034546,-0.29290297627449036,0.14503934979438782,1.3867123126983643,-0.37443670630455017,0.16753363609313965,1.0205198526382446,-0.4569357931613922,-0.033539384603500366,0.9393560290336609,-0.7135098576545715,0.016051387414336205,0.9549474120140076,-0.8677899241447449,-0.048511750996112823,0.9152580499649048,-1.0030162334442139,-0.14137448370456696,0.4988954961299896,-0.5670524835586548,-0.09132897853851318,0.4465538561344147,-0.8372423648834229,-0.014693361707031727,0.5038958787918091,-1.0420866012573242,-0.33031949400901794,0.4571034014225006,-1.2199941873550415,-0.6391727924346924,-0.08691089600324631,-0.6145029067993164,-0.19057750701904297,-0.14832791686058044,-0.8526687622070312,-0.22094111144542694,-0.17243586480617523,-1.06757390499115,-0.9269195199012756,-0.2261904627084732,-1.258467674255371,-1.4645581245422363,-0.5382204651832581,-0.6062130928039551,-0.2796105444431305,-0.7770540118217468,-0.7545729875564575,-0.5399252772331238,-0.9263101816177368,-0.8837370276451111,-0.9955899715423584,-0.996198832988739,-1.0012601613998413,-1.2988604307174683,0.9442179799079895,0.9474636912345886,1.0216838121414185,1.1869771480560303,1.041623830795288,0.3623177111148834,0.31205493211746216,0.48072075843811035,0.628679633140564,0.5233670473098755,0.7696335911750793,0.11809840798377991,0.9258944392204285,-0.17211464047431946
4,0.0,0.0,0.0,1.141188621520996,-0.04883567616343498,-0.21694770455360413,1.1689302921295166,-0.27116528153419495,0.0843459889292717,1.1892439126968384,-0.3888942003250122,0.2631780803203583,1.2094056606292725,-0.4686790406703949,0.33338144421577454,0.7729863524436951,-0.5242050886154175,0.1438860148191452,0.7331857085227966,-0.7424106001853943,0.226404070854187,0.7554603815078735,-0.8974772691726685,0.16788192093372345,0.7115858197212219,-1.0309627056121826,0.08065415918827057,0.23118393123149872,-0.6170952916145325,0.18177630007266998,0.19997774064540863,-0.8605098128318787,0.31349003314971924,0.25171512365341187,-1.0657082796096802,0.03864292800426483,0.22175075113773346,-1.2402119636535645,-0.2548619508743286,-0.3340476453304291,-0.6575331687927246,0.21568290889263153,-0.3621089458465576,-0.8687176704406738,0.22932647168636322,-0.45238184928894043,-1.0772043466567993,-0.4160080552101135,-0.5448557138442993,-1.2548317909240723,-0.9503812193870544,-0.7634624242782593,-0.6403610706329346,0.2287907898426056,-0.9244218468666077,-0.7718243598937988,-0.007516487967222929,-1.0452684164047241,-0.8924564123153687,-0.4326484501361847,-1.0893255472183228,-1.0050503015518188,-0.7270945310592651,0.9572004675865173,1.0441927909851074,1.0888937711715698,1.2146193981170654,1.1531939506530762,0.3623177111148834,0.31205493211746216,0.48072075843811035,0.628679633140564,0.5233670473098755,0.7696335911750793,-0.21282298862934113,-0.5425323843955994,0.5011969804763794
4,0.0,0.0,0.0,1.139886736869812,-0.006312507204711437,-0.3283056318759918,1.165235161781311,-0.23297801613807678,-0.031048869714140892,1.1833122968673706,-0.3594585955142975,0.14672881364822388,1.205080509185791,-0.4402506947517395,0.21407550573349,0.7415205240249634,-0.5004960894584656,0.0906975269317627,0.7031633853912354,-0.719485342502594,0.15607072412967682,0.7304563522338867,-0.8828068971633911,0.08149455487728119,0.6916705369949341,-1.0234853029251099,-0.014811459928750992,0.19535614550113678,-0.5899984240531921,0.1446184515953064,0.16672401130199432,-0.8402825593948364,0.23786310851573944,0.2155212163925171,-1.0550774335861206,-0.07047785073518753,0.19111527502536774,-1.2363911867141724,-0.37303709983825684,-0.3683764636516571,-0.6252421140670776,0.20248615741729736,-0.3787604570388794,-0.8497434258460999,0.1694747358560562,-0.49223750829696655,-1.067652940750122,-0.4799799919128418,-0.606768012046814,-1.2505236864089966,-0.9881480932235718,-0.7898285984992981,-0.6038531064987183,0.24617816507816315,-0.9148237705230713,-0.7469614744186401,-0.03506707027554512,-1.0255321264266968,-0.8758981227874756,-0.4580126404762268,-1.0667028427124023,-0.9941924214363098,-0.7329349517822266,0.9248062372207642,1.046492099761963,1.093069076538086,1.1938605308532715,1.1600557565689087,0.3623177111148834,0.31205493211746216,0.48072075843811035,0.628679633140564,0.5233670473098755,0.7696335911750793,-0.31652161478996277,-0.5908806324005127,0.6057453155517578
4,0.0,0.0,0.0,1.1210206747055054,-0.01735144667327404,-0.41568705439567566,1.1485881805419922,-0.2360605001449585,-0.13626797497272491,1.169440746307373,-0.3716258108615875,0.02459661103785038,1.2061705589294434,-0.4584493935108185,0.08068184554576874,0.7190041542053223,-0.5287240147590637,0.050276532769203186,0.6791049242019653,-0.7496302127838135,0.10155466198921204,0.7141980528831482,-0.9111999273300171,0.022461218759417534,0.6767185926437378,-1.048949956893921,-0.07131341844797134,0.16892953217029572,-0.6268810629844666,0.11047625541687012,0.15460048615932465,-0.871062159538269,0.1931578665971756,0.20545749366283417,-1.084002137184143,-0.10413102060556412,0.17575706541538239,-1.2612396478652954,-0.3856675624847412,-0.3956511318683624,-0.6687266826629639,0.16362518072128296,-0.4070049524307251,-0.8929867148399353,0.10641290992498398,-0.519297182559967,-1.1098636388778687,-0.5664221048355103,-0.6290328502655029,-1.291898250579834,-1.075622320175171,-0.8216723203659058,-0.6524249315261841,0.20445922017097473,-0.9643545150756836,-0.7940251231193542,-0.10090784728527069,-1.0914011001586914,-0.9199599623680115,-0.5484966039657593,-1.1379587650299072,-1.0367166996002197,-0.831204891204834,0.8967103362083435,1.050269365310669,1.1112545728683472,1.1892000436782837,1.1574381589889526,0.3623177111148834,0.31205493211746216,0.48072075843811035,0.628679633140564,0.5233670473098755,0.7696335911750793,-0.3357134461402893,-0.5853006839752197,0.6565760970115662
4,0.0,0.0,0.0,1.1337189674377441,-0.07359025627374649,-0.4605666697025299,1.167985200881958,-0.2561805248260498,-0.15442539751529694,1.1711825132369995,-0.3818405270576477,0.02050742320716381,1.2074198722839355,-0.4547847807407379,0.0916057750582695,0.721467137336731,-0.5516103506088257,0.07948185503482819,0.6826316714286804,-0.7687222361564636,0.13353794813156128,0.7129938006401062,-0.9272221326828003,0.05516938120126724,0.6735888123512268,-1.0629299879074097,-0.03921978548169136,0.16529563069343567,-0.648544192314148,0.1589522361755371,0.14971476793289185,-0.8898053765296936,0.2354651689529419,0.19873164594173431,-1.102806806564331,-0.0704798474907875,0.1691564917564392,-1.2809287309646606,-0.36050406098365784,-0.39855456352233887,-0.6925585865974426,0.23163698613643646,-0.4121970534324646,-0.9139655232429504,0.15293683111667633,-0.5261957049369812,-1.1292656660079956,-0.5305900573730469,-0.6329674124717712,-1.3119165897369385,-1.0459809303283691,-0.8249269127845764,-0.6866561770439148,0.27970147132873535,-0.9684958457946777,-0.8215535879135132,-0.04575686156749725,-1.100859522819519,-0.9460409879684448,-0.5061855912208557,-1.14800226688385,-1.0654127597808838,-0.7979622483253479,0.8154645562171936,1.0528614521026611,1.1088581085205078,1.1797736883163452,1.1403454542160034,0.3623177111148834,0.31205493211746216,0.48072075843811035,0.628679633140564,0.5233670473098755,0.7696335911750793,-0.38323870301246643,-0.4524310827255249,0.6548011898994446
4,0.0,0.0,0.0,1.2280195951461792,0.08810784667730331,-0.4884122908115387,1.2879016399383545,-0.1578584611415863,-0.24443310499191284,1.315195918083191,-0.28818729519844055,-0.12121836841106415,1.4179936647415161,-0.34866610169410706,-0.11255238205194473,0.9753817915916443,-0.4775860905647278,-0.13237126171588898,0.9139568209648132,-0.7140969038009644,-0.11474192142486572,0.959176778793335,-0.8518964052200317,-0.20992235839366913,0.9490908980369568,-0.9756805300712585,-0.3210216760635376,0.4417206048965454,-0.5940836071968079,-0.1699153184890747,0.3792344033718109,-0.854295015335083,-0.13939648866653442,0.4607608914375305,-1.0538939237594604,-0.5316072106361389,0.4513382613658905,-1.2325077056884766,-0.8894718885421753,-0.146921768784523,-0.6485546827316284,-0.25414466857910156,-0.20494234561920166,-0.8781454563140869,-0.35870444774627686,-0.2317468822002411,-1.0788835287094116,-1.13972008228302,-0.26364853978157043,-1.2623215913772583,-1.700880527496338,-0.5950624346733093,-0.650566041469574,-0.32334405183792114,-0.8322663903236389,-0.7875181436538696,-0.6217502355575562,-0.9674169421195984,-0.9066917300224304,-1.0890586376190186,-1.013792634010315,-1.0256104469299316,-1.3968466520309448,0.8995846509933472,0.985441267490387,1.0264027118682861,1.1934295892715454,1.051560878753662,0.3623177111148834,0.31205493211746216,0.48072075843811035,0.628679633140564,0.5233670473098755,0.7696335911750793,0.936095654964447,0.36691728234291077,-0.4176376163959503
4,0.0,0.0,0.0,1.2369927167892456,0.10093896836042404,-0.5089866518974304,1.284888744354248,-0.13159285485744476,-0.28054508566856384,1.3264141082763672,-0.2517426013946533,-0.1715511530637741,1.4294019937515259,-0.32585278153419495,-0.1728413850069046,1.0074366331100464,-0.4761594831943512,-0.1310654729604721,0.9389232397079468,-0.7217546105384827,-0.12218984961509705,0.9777933955192566,-0.8651473522186279,-0.2261345237493515,0.9658021926879883,-0.9921458959579468,-0.34380587935447693,0.48261499404907227,-0.5875576734542847,-0.16684037446975708,0.4120462238788605,-0.852726399898529,-0.15766572952270508,0.495379239320755,-1.0550788640975952,-0.570712685585022,0.49329474568367004,-1.2348955869674683,-0.941656768321991,-0.11119864881038666,-0.6412785053253174,-0.2529117465019226,-0.1610400378704071,-0.8772522807121277,-0.3778732717037201,-0.16501066088676453,-1.0786230564117432,-1.1782903671264648,-0.1774076223373413,-1.2599633932113647,-1.7479280233383179,-0.5631791353225708,-0.6454190015792847,-0.3270297646522522,-0.8025781512260437,-0.7791798114776611,-0.641799807548523,-0.9323113560676575,-0.8983089923858643,-1.1231647729873657,-0.9758791923522949,-1.0148082971572876,-1.436440110206604,0.9923367500305176,0.9691848754882812,1.0110489130020142,1.1890302896499634,1.0308146476745605,0.3623177111148834,0.31205493211746216,0.48072075843811035,0.628679633140564,0.5233670473098755,0.7696335911750793,0.9182689189910889,0.32793062925338745,-0.3968946635723114
4,0.0,0.0,0.0,1.2401024103164673,0.11477664113044739,-0.5028889775276184,1.2964450120925903,-0.13286472856998444,-0.26038673520088196,1.3377916812896729,-0.25954243540763855,-0.14191871881484985,1.4452924728393555,-0.32967478036880493,-0.1354224681854248,0.9995133280754089,-0.4954412281513214,-0.12017753720283508,0.9414162039756775,-0.7369331121444702,-0.10162030160427094,0.9862938523292542,-0.8789367079734802,-0.19745302200317383,0.9779658317565918,-1.0068861246109009,-0.3127761781215668,0.4739193618297577,-0.60714191198349,-0.15268650650978088,0.40975236892700195,-0.8708212375640869,-0.130720853805542,0.49563848972320557,-1.0730829238891602,-0.5271551609039307,0.4924221336841583,-1.2541186809539795,-0.8891876339912415,-0.11747235059738159,-0.6567139625549316,-0.23442809283733368,-0.16626335680484772,-0.8925403952598572,-0.35426220297813416,-0.17341457307338715,-1.0955383777618408,-1.152569055557251,-0.18802089989185333,-1.2819854021072388,-1.7250996828079224,-0.5663711428642273,-0.6539914011955261,-0.3059857189655304,-0.8054234385490417,-0.7862502336502075,-0.6267669200897217,-0.937312126159668,-0.9069612622261047,-1.1153408288955688,-0.9818127155303955,-1.0270652770996094,-1.434929370880127,0.9692820310592651,0.9870280027389526,1.0204497575759888,1.1925060749053955,1.030221700668335,0.3623177111148834,0.31205493211746216,0.48072075843811035,0.628679633140564,0.5233670473098755,0.7696335911750793,0.9020876884460449,0.33475011587142944,-0.36442095041275024
4,0.0,0.0,0.0,1.125787377357483,-0.10103467851877213,-0.3706537187099457,1.2153507471084595,-0.25710180401802063,-0.10190296918153763,1.227074146270752,-0.3641144931316376,0.04894446209073067,1.2417694330215454,-0.44015681743621826,0.09558243304491043,0.7139968276023865,-0.5799436569213867,0.09181387722492218,0.6088421940803528,-0.7928563356399536,0.10922606289386749,0.5957300066947937,-0.9470008015632629,-0.004708653315901756,0.5321007966995239,-1.0731201171875,-0.11075048893690109,0.143153116106987,-0.6698174476623535,0.13239237666130066,0.06766103208065033,-0.9169248342514038,0.20844219624996185,0.08971036970615387,-1.1252427101135254,-0.1269540935754776,0.0531449057161808,-1.2999085187911987,-0.4468792676925659,-0.4138306677341461,-0.7115662693977356,0.1524920016527176,-0.4836674630641937,-0.9282804727554321,0.1309565156698227,-0.6338490843772888,-1.1460808515548706,-0.5237404108047485,-0.7535459399223328,-1.3294309377670288,-1.0399340391159058,-0.821010410785675,-0.7007488012313843,0.14221546053886414,-0.9928923845291138,-0.8405225872993469,-0.09266944229602814,-1.1230690479278564,-0.9681382179260254,-0.49454447627067566,-1.1628612279891968,-1.0909072160720825,-0.7629112601280212,0.8112083077430725,0.9736585021018982,1.070013403892517,1.2164685726165771,1.1822985410690308,0.3623177111148834,0.31205493211746216,0.48072075843811035,0.628679633140564,0.5233670473098755,0.7696335911750793,-0.9208014607429504,0.21295709908008575,0.3286471366882324
4,0.0,0.0,0.0,1.0598329305648804,-0.03542645275592804,-0.4436151683330536,1.142203450202942,-0.21620436012744904,-0.16126567125320435,1.1919822692871094,-0.30517488718032837,-0.0011872975155711174,1.2291438579559326,-0.3699180483818054,0.05206046253442764,0.7449025511741638,-0.5454971194267273,0.07469452917575836,0.6648463606834412,-0.7657732367515564,0.11271809786558151,0.6618866920471191,-0.9279397130012512,-0.00036914151860401034,0.598575234413147,-1.0668418407440186,-0.1153399869799614,0.19168798625469208,-0.6356607675552368,0.13668376207351685,0.14991174638271332,-0.882510781288147,0.22298650443553925,0.1797644942998886,-1.0983378887176514,-0.1298760324716568,0.1369575709104538,-1.2820353507995605,-0.46744227409362793,-0.37503981590270996,-0.6781166791915894,0.19046133756637573,-0.3903195858001709,-0.8945778608322144,0.16333527863025665,-0.5137336850166321,-1.115931510925293,-0.5226403474807739,-0.636134147644043,-1.3049637079238892,-1.0583781003952026,-0.7982224822044373,-0.6731428503990173,0.21602804958820343,-0.9095225930213928,-0.807372510433197,-0.0439680814743042,-1.0256857872009277,-0.9398151636123657,-0.47175881266593933,-1.066425085067749,-1.0653355121612549,-0.7548797726631165,1.0808000564575195,0.9984139800071716,1.086086392402649,1.1985692977905273,1.1720930337905884,0.3623177111148834,0.31205493211746216,0.48072075843811035,0.628679633140564,0.5233670473098755,0.7696335911750793,-1.0545257329940796,0.25987139344215393,0.47469595074653625
4,0.0,0.0,0.0,1.0959529876708984,-0.005454437807202339,-0.4187454581260681,1.1634577512741089,-0.195654958486557,-0.11065344512462616,1.2050145864486694,-0.2923333942890167,0.08620935678482056,1.2240630388259888,-0.36542820930480957,0.16762220859527588,0.7519631385803223,-0.5722105503082275,0.11108683794736862,0.668328046798706,-0.7830606698989868,0.19683599472045898,0.6532241106033325,-0.9475839734077454,0.10667896270751953,0.5828244090080261,-1.0923235416412354,-0.0007498490740545094,0.19884994626045227,-0.6592494249343872,0.22729834914207458,0.15159958600997925,-0.886574387550354,0.3683805465698242,0.17283479869365692,-1.1165053844451904,0.046826574951410294,0.11774704605340958,-1.3152637481689453,-0.29337555170059204,-0.36775657534599304,-0.6996766924858093,0.37591880559921265,-0.35873883962631226,-0.8993889093399048,0.40270915627479553,-0.44283515214920044,-1.1104682683944702,-0.23236989974975586,-0.5385604500770569,-1.2911834716796875,-0.7762988805770874,-0.7893598675727844,-0.6887258887290955,0.49750009179115295,-0.868532657623291,-0.8054734468460083,0.2625564932823181,-0.9636760950088501,-0.9311464428901672,-0.14443816244602203,-0.9943763613700867,-1.0488201379776,-0.4351966083049774,1.0339634418487549,1.0044596195220947,1.0823848247528076,1.1865729093551636,1.141319751739502,0.3623177111148834,0.31205493211746216,0.48072075843811035,0.628679633140564,0.5233670473098755,0.7696335911750793,-1.1669310331344604,0.29907912015914917,0.5180866718292236
4,0.0,0.0,0.0,1.0311872959136963,-0.03450562059879303,-0.5421006083488464,1.093589425086975,-0.20895080268383026,-0.2538593113422394,1.1448824405670166,-0.2972114682197571,-0.07849930971860886,1.1931965351104736,-0.3548868000507355,-0.013512110337615013,0.6912960410118103,-0.5718792080879211,0.05523272231221199,0.6300255656242371,-0.7828662395477295,0.12044359743595123,0.6252070069313049,-0.953033447265625,0.014140122570097446,0.5625834465026855,-1.1008942127227783,-0.10267841070890427,0.13612794876098633,-0.6628488302230835,0.1771712303161621,0.10243941843509674,-0.8926811814308167,0.2852117419242859,0.12121839076280594,-1.1210705041885376,-0.054477546364068985,0.07350891083478928,-1.315485954284668,-0.38898277282714844,-0.4284883439540863,-0.7021713256835938,0.32567301392555237,-0.4165201485157013,-0.9079568982124329,0.3328114449977875,-0.522743284702301,-1.11769437789917,-0.3031347095966339,-0.6226403713226318,-1.2971677780151367,-0.8288471102714539,-0.8470554351806641,-0.6884148120880127,0.4472902715206146,-0.9184484481811523,-0.8068298697471619,0.2065858542919159,-1.0109679698944092,-0.931832492351532,-0.19936180114746094,-1.0311484336853027,-1.0499420166015625,-0.4782365560531616,1.0772080421447754,1.0377789735794067,1.1023383140563965,1.1731600761413574,1.1345659494400024,0.3623177111148834,0.31205493211746216,0.48072075843811035,0.628679633140564,0.5233670473098755,0.7696335911750793,-1.0889290571212769,0.30630335211753845,0.540455162525177
4,0.0,0.0,0.0,1.0194909572601318,0.06984613835811615,-0.6441560983657837,1.0865685939788818,-0.15726593136787415,-0.3625015318393707,1.1380964517593384,-0.2693592309951782,-0.19603434205055237,1.2034201622009277,-0.33356308937072754,-0.14042975008487701,0.6974610686302185,-0.5414931178092957,-0.024226190522313118,0.6321249604225159,-0.755037248134613,0.022213151678442955,0.623224675655365,-0.9283438324928284,-0.09427471458911896,0.5571528673171997,-1.0804052352905273,-0.2170305997133255,0.14372561872005463,-0.6414860486984253,0.08727432787418365,0.10843513906002045,-0.8838391900062561,0.16878046095371246,0.12115198373794556,-1.1168687343597412,-0.19154207408428192,0.06850479543209076,-1.3150920867919922,-0.5285405516624451,-0.4217252731323242,-0.6835283041000366,0.2182304561138153,-0.4168641269207001,-0.8969430923461914,0.19286814332008362,-0.5458751916885376,-1.1122721433639526,-0.4539682865142822,-0.6597306132316589,-1.29560387134552,-0.963995635509491,-0.848088264465332,-0.6713065505027771,0.33147209882736206,-0.9171910285949707,-0.7943661212921143,0.07167281955480576,-1.0158473253250122,-0.9200378656387329,-0.32407891750335693,-1.0417697429656982,-1.0385504961013794,-0.5871296525001526,1.0598313808441162,1.0287975072860718,1.1004029512405396,1.1777113676071167,1.1325314044952393,0.3623177111148834,0.31205493211746216,0.48072075843811035,0.628679633140564,0.5233670473098755,0.7696335911750793,-1.013229489326477,0.30286866426467896,0.5731991529464722
4,0.0,0.0,0.0,1.1747145652770996,0.2594616413116455,-0.0858628898859024,1.2523884773254395,-0.0019212738843634725,0.17615917325019836,1.2915507555007935,-0.13988181948661804,0.31865084171295166,1.2880898714065552,-0.2553972899913788,0.3518456220626831,1.0603320598602295,-0.3716115951538086,0.17634335160255432,1.0108747482299805,-0.6388543844223022,0.2516336143016815,1.0427473783493042,-0.7775473594665527,0.1912102848291397,0.9985072016716003,-0.8906523585319519,0.10464015603065491,0.5590945482254028,-0.524904727935791,0.1594727784395218,0.5679734349250793,-0.802657425403595,0.28154173493385315,0.659763753414154,-1.0007503032684326,-0.02651621215045452,0.6226447820663452,-1.1673046350479126,-0.3458622694015503,-0.04181915149092674,-0.6217760443687439,0.11593102663755417,0.003674703650176525,-0.8475263118743896,0.09794355928897858,0.06951043009757996,-1.0505861043930054,-0.6198428273200989,0.06358583271503448,-1.231127381324768,-1.1885477304458618,-0.5391854047775269,-0.6687170267105103,0.06118200719356537,-0.6862066388130188,-0.7980259656906128,-0.17272226512432098,-0.7946314811706543,-0.9125131368637085,-0.6148476600646973,-0.8412132859230042,-1.0214792490005493,-0.9235139489173889,0.9139821529388428,0.9566918611526489,1.055274248123169,1.2183496952056885,1.131334900856018,0.3623177111148834,0.31205493211746216,0.48072075843811035,0.628679633140564,0.5233670473098755,0.7696335911750793,0.26613059639930725,0.8749414086341858,-0.3302471339702606
4,0.0,0.0,0.0,1.1009560823440552,0.358062207698822,-0.252853125333786,1.1710941791534424,0.03598662465810776,0.02449878677725792,1.2088037729263306,-0.1257735937833786,0.1810196340084076,1.2759864330291748,-0.22338953614234924,0.23068363964557648,0.965942919254303,-0.40173378586769104,0.08893277496099472,0.9457923769950867,-0.6552616357803345,0.1774355173110962,0.9899036288261414,-0.7973356246948242,0.13286320865154266,0.9635496139526367,-0.9125756025314331,0.051121700555086136,0.4425181746482849,-0.5523962378501892,0.10584661364555359,0.49406036734580994,-0.805534303188324,0.23127701878547668,0.5979505777359009,-1.0024280548095703,-0.05915151908993721,0.5797264575958252,-1.1653931140899658,-0.3647535443305969,-0.15120860934257507,-0.6306115984916687,0.10823413729667664,-0.09106776863336563,-0.837788999080658,0.08572728931903839,-0.034889865666627884,-1.0390703678131104,-0.6086143851280212,-0.018851928412914276,-1.2153995037078857,-1.1617876291275024,-0.6281899213790894,-0.651804506778717,0.10698366910219193,-0.7922369241714478,-0.7847002148628235,-0.17199721932411194,-0.9009402990341187,-0.9061501622200012,-0.6308780312538147,-0.9245312213897705,-1.0192620754241943,-0.943565309047699,0.9001632332801819,1.0215612649917603,1.119563341140747,1.1939623355865479,1.1205952167510986,0.3623177111148834,0.31205493211746216,0.48072075843811035,0.628679633140564,0.5233670473098755,0.7696335911750793,0.28248655796051025,0.9889565706253052,-0.3038073182106018
0,0.0,0.0,0.0,0.7994996905326843,-0.253216028213501,0.07500001788139343,0.9117356538772583,-0.2882571220397949,0.09230705350637436,0.6902556419372559,-0.3681356608867645,0.12552030384540558,0.29499655961990356,-0.24751877784729004,0.18058206140995026,0.486258327960968,-0.4923699200153351,0.190972238779068,0.5484883189201355,-0.23356302082538605,0.1411808431148529,0.5119437575340271,-0.0031304017174988985,0.1497180014848709,0.40853947401046753,0.07247351855039597,0.16942207515239716,-0.08911516517400742,-0.506184458732605,0.22337590157985687,0.1110377088189125,-0.20469120144844055,0.2525087594985962,0.23754124343395233,0.04025555029511452,0.4040936827659607,0.2226206213235855,0.08122602105140686,0.49172818660736084,-0.6111767292022705,-0.48998597264289856,0.24984775483608246,-0.40825143456459045,-0.20439711213111877,0.2778637409210205,-0.2738840878009796,0.01859716884791851,0.5088334083557129,-0.25572365522384644,0.05718493089079857,0.5788354277610779,-0.9520568251609802,-0.484235554933548,0.24412502348423004,-0.727037250995636,-0.1989719569683075,0.4899402856826782,-0.5692397356033325,-0.004016358405351639,0.7135134935379028,-0.4958055019378662,0.05369454622268677,0.7734447717666626,-0.4983545243740082,-1.0274325609207153,-1.2900502681732178,-1.3968037366867065,-1.9291363954544067,0.3623177111148834,0.31205493211746216,0.48072075843811035,0.628679633140564,0.5233670473098755,0.7696335911750793,-0.0971388965845108,0.9149818420410156,-0.05629653111100197
1,0.0,0.0,0.0,-0.2097289115190506,-0.373160719871521,0.18066735565662384,-0.07029587030410767,-0.4052965044975281,0.15933723747730255,-0.06980974227190018,-0.41080644726753235,0.152692049741745,-0.14078368246555328,-0.4407467842102051,0.11092174798250198,0.7929832935333252,0.03444306179881096,0.028225727379322052,1.091204047203064,-0.14216673374176025,0.1466815173625946,1.2842985391616821,-0.19885820150375366,0.21000316739082336,1.3752098083496094,-0.2245897352695465,0.2100333273410797,1.0912004709243774,0.24720601737499237,0.07672891765832901,0.9833313226699829,0.18911702930927277,0.09149563312530518,0.613918662071228,0.2759166657924652,0.21965432167053223,0.3882577121257782,0.3226143419742584,0.3495205342769623,1.1530709266662598,0.39536309242248535,0.19205425679683685,1.0783500671386719,0.2827042043209076,0.2201053947210312,0.894220769405365,0.33748340606689453,0.44440963864326477,0.7117811441421509,0.3643103241920471,0.5641911625862122,1.101859450340271,0.5023309588432312,0.34406864643096924,1.0362492799758911,0.38363856077194214,0.42333680391311646,0.7308287620544434,0.4169051945209503,0.6444467306137085,0.5146734118461609,0.43709659576416016,0.7569882273674011,0.8739280700683594,0.7579612731933594,-0.4829452633857727,-0.40299540758132935,0.125168114900589,0.3623177111148834,0.31205493211746216,-2.080209732055664,-1.5906352996826172,-1.9107049703598022,-1.8223508596420288,-0.8816299438476562,0.3857777416706085,0.36010050773620605
5,0.0,0.0,0.0,0.658058762550354,-0.21093909442424774,0.10254738479852676,0.46899276971817017,-0.5030779242515564,0.26165932416915894,0.04644569754600525,-0.567217230796814,0.3248060643672943,-0.2941843569278717,-0.5630711913108826,0.3607593774795532,0.5082456469535828,-0.40960198640823364,0.3572682738304138,0.4636309742927551,-0.6863493323326111,0.3144259452819824,0.4758876860141754,-0.8682427406311035,0.30154362320899963,0.42191749811172485,-1.0025063753128052,0.3307167589664459,-0.006997549440711737,-0.43533387780189514,0.3160693347454071,0.053433358669281006,-0.7551959156990051,0.23166222870349884,0.1954839676618576,-0.9868282675743103,0.04957350343465805,0.24631883203983307,-1.1852103471755981,0.03555338829755783,-0.5070850253105164,-0.40976423025131226,0.23103682696819305,-0.5736532211303711,-0.49383893609046936,-0.2972370982170105,-0.4374653100967407,-0.2726275324821472,-0.5848198533058167,-0.27553388476371765,-0.09433481097221375,-0.37891486287117004,-0.8629244565963745,-0.3461840748786926,0.13134735822677612,-0.699962317943573,-0.38873204588890076,-0.2449745386838913,-0.4887777268886566,-0.17877136170864105,-0.12138742208480835,-0.343617707490921,0.00037934305146336555,0.15494796633720398,-0.49119138717651367,1.0062273740768433,1.1082302331924438,0.7142482399940491,0.48066484928131104,0.3623177111148834,0.31205493211746216,0.48072075843811035,-1.5906352996826172,-1.9107049703598022,-0.9583560228347778,-1.0000160932540894,0.06597796082496643,0.6855318546295166
5,0.0,0.0,0.0,0.6278420090675354,-0.09976791590452194,-0.07866913825273514,0.45935723185539246,-0.4318784475326538,0.13980796933174133,0.031124304980039597,-0.4878772497177124,0.24851246178150177,-0.29847288131713867,-0.5008520483970642,0.3252194821834564,0.4263814389705658,-0.3892419636249542,0.37180179357528687,0.35013532638549805,-0.6602475047111511,0.34609147906303406,0.35232552886009216,-0.836578369140625,0.334596186876297,0.3027777075767517,-0.9687914252281189,0.35680851340293884,-0.09386378526687622,-0.3934018313884735,0.37924447655677795,-0.10605792701244354,-0.7177011966705322,0.3087064027786255,-0.0056300535798072815,-0.9340829849243164,0.15015003085136414,0.02902117557823658,-1.1193759441375732,0.15283846855163574,-0.5739954710006714,-0.3576343059539795,0.3345274329185486,-0.600185751914978,-0.4205826222896576,-0.2400089055299759,-0.441218763589859,-0.17725063860416412,-0.5008524060249329,-0.266461580991745,-0.008716275915503502,-0.27301645278930664,-0.9162036180496216,-0.2957741320133209,0.2512044310569763,-0.762471616268158,-0.33925679326057434,-0.16691140830516815,-0.5389592051506042,-0.11099962145090103,-0.029744809493422508,-0.3898705542087555,0.05251992121338844,0.24842798709869385,-0.6590749621391296,0.9873178601264954,1.0934351682662964,0.5666728615760803,0.4144950807094574,0.3623177111148834,0.31205493211746216,0.48072075843811035,-1.5906352996826172,-1.9107049703598022,-0.9583560228347778,-0.4959891438484192,-1.4019404649734497,2.0881125926971436
5,0.0,0.0,0.0,0.6587651371955872,0.046144239604473114,-0.33042415976524353,0.5072808265686035,-0.37280765175819397,-0.10617368668317795,0.026433052495121956,-0.4875466823577881,0.0022454189602285624,-0.32495447993278503,-0.5252305269241333,0.08228786289691925,0.44937077164649963,-0.35061532258987427,0.24848389625549316,0.36115896701812744,-0.6577628254890442,0.12719805538654327,0.3655199110507965,-0.8513807058334351,0.07483141869306564,0.31371480226516724,-1.002791166305542,0.0872458815574646,-0.08937203139066696,-0.3592004179954529,0.2502039670944214,-0.09669601917266846,-0.7286251783370972,0.019940698519349098,0.025579512119293213,-0.9430646300315857,-0.22394442558288574,0.07749726623296738,-1.1291066408157349,-0.20181240141391754,-0.5795731544494629,-0.3300579786300659,0.18028013408184052,-0.6201810836791992,-0.37629184126853943,-0.6299328804016113,-0.44187864661216736,-0.0996520146727562,-0.8936477899551392,-0.21329645812511444,0.06986948847770691,-0.5252336263656616,-0.9169307351112366,-0.2751696705818176,0.08559008687734604,-0.7834835648536682,-0.31024014949798584,-0.47176113724708557,-0.5465162396430969,-0.05645039677619934,-0.25736650824546814,-0.3869420886039734,0.10119302570819855,0.1363569051027298,-0.747192919254303,0.9597564339637756,1.0799314975738525,0.4026350677013397,0.36220765113830566,0.3623177111148834,0.31205493211746216,0.48072075843811035,-1.5906352996826172,-1.9107049703598022,-0.9583560228347778,-0.42253467440605164,-1.913903832435608,3.8964521884918213
5,0.0,0.0,0.0,0.6216230988502502,0.008428557775914669,-0.11203165352344513,0.47010907530784607,-0.38712480664253235,0.10476826876401901,0.05563968047499657,-0.4788658320903778,0.20988807082176208,-0.2946229875087738,-0.49226170778274536,0.2843416929244995,0.4038583040237427,-0.343746155500412,0.31599944829940796,0.3151133954524994,-0.6378517746925354,0.24365833401679993,0.31286001205444336,-0.8187953233718872,0.216689333319664,0.25741463899612427,-0.9542797207832336,0.24185703694820404,-0.1181953176856041,-0.34594637155532837,0.2935939431190491,-0.1457659751176834,-0.7095279097557068,0.13955004513263702,-0.029136832803487778,-0.9294059872627258,-0.07106619328260422,0.0232179407030344,-1.1133641004562378,-0.06227019801735878,-0.5950287580490112,-0.3092787265777588,0.21278102695941925,-0.6046434044837952,-0.3760799765586853,-0.4926273822784424,-0.39421844482421875,-0.1154007688164711,-0.766688883304596,-0.1847466230392456,0.0717877671122551,-0.45811477303504944,-0.9267193675041199,-0.2417384833097458,0.11314195394515991,-0.7657008767127991,-0.30292433500289917,-0.408812940120697,-0.5056184530258179,-0.0670262798666954,-0.23574231564998627,-0.3419322967529297,0.1089131161570549,0.11827708780765533,-0.5637905597686768,0.9685502648353577,1.0907491445541382,0.48073717951774597,0.37531596422195435,0.3623177111148834,0.31205493211746216,0.48072075843811035,-1.5906352996826172,-1.9107049703598022,-0.9583560228347778,-0.03195694833993912,-1.478591799736023,2.013500452041626
1,0.0,0.0,0.0,-0.29387447237968445,-0.1674649566411972,-0.060190822929143906,-0.25764405727386475,-0.22676609456539154,-0.16936339437961578,-0.3583334982395172,-0.23038390278816223,-0.26578810811042786,-0.5170505046844482,-0.2649756968021393,-0.38502055406570435,0.45301398634910583,-0.01950652152299881,-0.09105657041072845,0.7812801003456116,-0.27129289507865906,-0.0025521679781377316,0.9704902172088623,-0.36730024218559265,0.0363510400056839,1.060422658920288,-0.4077647626399994,0.025224369019269943,0.7886310815811157,0.1650485098361969,-0.09485448896884918,0.8259150981903076,0.07208948582410812,-0.30133455991744995,0.524345338344574,0.23166503012180328,-0.3162156641483307,0.22550879418849945,0.3761742413043976,-0.1595945507287979,0.9466333389282227,0.29370102286338806,-0.06939244270324707,1.0380982160568237,0.16245640814304352,-0.10692243278026581,0.9545653462409973,0.28566503524780273,0.06183532252907753,0.6770936846733093,0.3956179916858673,0.24577416479587555,0.9976921081542969,0.3922024071216583,-0.029106080532073975,1.0124547481536865,0.2657065689563751,0.015150398947298527,0.7717320322990417,0.3473796248435974,0.21444891393184662,0.5231344699859619,0.42213279008865356,0.3756721019744873,0.44303786754608154,0.8584869503974915,0.0971117913722992,0.28220316767692566,0.666218638420105,0.3623177111148834,0.31205493211746216,-2.080209732055664,-1.5906352996826172,-1.9107049703598022,-1.8223508596420288,3.290036201477051,-1.3726377487182617,0.08810266107320786
1,0.0,0.0,0.0,-0.31100913882255554,-0.15127038955688477,-0.1451040357351303,-0.28608405590057373,-0.21870024502277374,-0.25836142897605896,-0.3801010549068451,-0.23065921664237976,-0.34888651967048645,-0.5318247675895691,-0.26504039764404297,-0.46438688039779663,0.39876294136047363,-0.005912503227591515,-0.19081270694732666,0.7374730110168457,-0.26151323318481445,-0.1293106973171234,0.9314982295036316,-0.3570668697357178,-0.0986039936542511,1.0258069038391113,-0.39657947421073914,-0.10547958314418793,0.7514044642448425,0.1703699827194214,-0.19207771122455597,0.8094232678413391,0.0693964958190918,-0.42840731143951416,0.5033108592033386,0.23320673406124115,-0.43326056003570557,0.2093580812215805,0.37904810905456543,-0.24695521593093872,0.9284223318099976,0.29698020219802856,-0.16371257603168488,1.002418041229248,0.16572865843772888,-0.24278055131435394,0.8887569308280945,0.2964494824409485,-0.0658084973692894,0.6067749261856079,0.4096861481666565,0.1545262336730957,0.9915095567703247,0.3928857147693634,-0.10260193794965744,0.9774028658866882,0.2647475004196167,-0.08920437097549438,0.7234199643135071,0.3516685664653778,0.11040941625833511,0.47984495759010315,0.42865774035453796,0.28404340147972107,0.5557931661605835,0.8324331045150757,0.15979227423667908,0.2511020004749298,0.559730052947998,0.3623177111148834,0.31205493211746216,-2.080209732055664,-1.5906352996826172,-1.9107049703598022,-1.8223508596420288,-0.11517120897769928,-1.1674095392227173,-0.8005329966545105
1,0.0,0.0,0.0,-0.30601152777671814,-0.15847009420394897,-0.08501076698303223,-0.2680331766605377,-0.2208201289176941,-0.18012858927249908,-0.35234543681144714,-0.22684696316719055,-0.2604047954082489,-0.4918155372142792,-0.261795312166214,-0.36503633856773376,0.42727163434028625,0.0077966381795704365,-0.11430525034666061,0.7651899456977844,-0.2533482611179352,-0.035816214978694916,0.9531289935112,-0.34878456592559814,0.0017640676815062761,1.0426363945007324,-0.38846126198768616,-0.004417516756802797,0.7661420106887817,0.1890539675951004,-0.11141396313905716,0.8115822076797485,0.06532697379589081,-0.3332265615463257,0.5112064480781555,0.23211465775966644,-0.33806002140045166,0.2250988483428955,0.3817793130874634,-0.15758301317691803,0.9318413138389587,0.3183844983577728,-0.07610514760017395,1.0084586143493652,0.16131272912025452,-0.12245384603738785,0.9098429679870605,0.29497087001800537,0.060553327202796936,0.6421127319335938,0.4092918634414673,0.2663154900074005,0.9885569214820862,0.4159807860851288,-0.023225776851177216,0.9777107834815979,0.26670747995376587,0.01680237241089344,0.7342631220817566,0.3496796786785126,0.21712666749954224,0.4969976544380188,0.4252588748931885,0.3845440745353699,0.5367525815963745,0.8461421728134155,0.25111448764801025,0.39708834886550903,0.6788734793663025,0.3623177111148834,0.31205493211746216,-2.080209732055664,-1.5906352996826172,-1.9107049703598022,-1.8223508596420288,0.0013424078933894634,-1.3311847448349,-0.9584634304046631
1,0.0,0.0,0.0,-0.2616499364376068,-0.17218109965324402,0.15184292197227478,-0.18935386836528778,-0.2242690771818161,0.0652187392115593,-0.2758742868900299,-0.2256641983985901,-0.008076847530901432,-0.42933809757232666,-0.26335304975509644,-0.11162857711315155,0.5309956073760986,0.01762242801487446,0.0705316960811615,0.8349350690841675,-0.22981010377407074,0.1706601232290268,1.0324032306671143,-0.3230171203613281,0.20556482672691345,1.119194746017456,-0.3603861331939697,0.189248189330101,0.8451125025749207,0.21003875136375427,0.06433847546577454,0.9139758348464966,0.08547616004943848,-0.08522696048021317,0.6057240962982178,0.23857173323631287,-0.0657377541065216,0.29497331380844116,0.3749932050704956,0.09715793281793594,0.9759716987609863,0.3451148271560669,0.09174354374408722,1.0951581001281738,0.18177707493305206,0.0827668160200119,1.000419020652771,0.29855677485466003,0.2758076786994934,0.7118005156517029,0.4023604393005371,0.45906493067741394,0.9971339106559753,0.44929802417755127,0.12465698271989822,1.0259203910827637,0.293033242225647,0.18728035688400269,0.7727464437484741,0.3644053041934967,0.4088049530982971,0.5169007778167725,0.4365021586418152,0.5769751071929932,0.4103246331214905,0.884749710559845,0.24321408569812775,0.45698365569114685,0.8380323052406311,0.3623177111148834,0.31205493211746216,-2.080209732055664,-1.5906352996826172,-1.9107049703598022,-1.8223508596420288,-0.07834344357252121,-0.7779057621955872,-0.8158600926399231
2,0.0,0.0,0.0,4.04389762878418,5.558096885681152,-6.013883590698242,4.121522903442383,6.9083404541015625,-5.737447738647461,4.097400665283203,7.056192398071289,-5.859500408172607,3.9280409812927246,7.146568775177002,-5.846774578094482,-1.0228887796401978,8.631739616394043,-1.6658122539520264,-0.14885888993740082,7.606110095977783,-3.4407906532287598,1.0268452167510986,7.877482891082764,-5.254317760467529,1.842416763305664,8.266899108886719,-6.202101707458496,-2.0954830646514893,8.744397163391113,-1.3874338865280151,-0.9944453239440918,7.395356178283691,-3.0159428119659424,0.5770496726036072,7.777647018432617,-5.051508903503418,1.7095717191696167,8.312787055969238,-6.218146324157715,-2.5312888622283936,8.757973670959473,-1.7288053035736084,-1.6108677387237549,7.457955837249756,-3.3187315464019775,0.13755837082862854,7.923676013946533,-4.668114185333252,1.8333851099014282,8.615703582763672,-5.022698402404785,-2.4615285396575928,8.73143482208252,-2.4658584594726562,-1.6299806833267212,7.911060333251953,-3.7306017875671387,-0.6203707456588745,8.21060562133789,-3.9623005390167236,0.17447715997695923,8.736603736877441,-3.6795148849487305,0.8735630512237549,0.9470125436782837,0.9119125008583069,0.9481561779975891,0.9471288323402405,0.3623177111148834,0.31205493211746216,0.48072075843811035,0.628679633140564,0.5233670473098755,0.7696335911750793,0.41788846254348755,2.6835873126983643,-0.8052248954772949
2,0.0,0.0,0.0,1.6449716091156006,-1.084363579750061,2.302747964859009,1.5319170951843262,-0.9103654623031616,1.9715276956558228,1.5675389766693115,-0.8139335513114929,1.6479278802871704,1.4251245260238647,-0.8040636777877808,1.4492912292480469,0.6500741243362427,-1.0012270212173462,1.5662733316421509,1.135062336921692,-1.0246437788009644,1.2265326976776123,1.5164846181869507,-0.6892399787902832,0.9274652600288391,1.5370051860809326,-0.39902263879776,0.7919111847877502,0.3212467133998871,-0.9637439250946045,1.0279109477996826,1.1537519693374634,-1.021726369857788,0.622880756855011,1.8392621278762817,-0.6971105933189392,0.22923901677131653,1.8875641822814941,-0.3918924629688263,0.03943084925413132,0.11657585203647614,-0.9727069735527039,0.15892364084720612,0.9280022382736206,-1.045650601387024,0.09838278591632843,2.110961675643921,-0.7753644585609436,-0.18198631703853607,2.6357669830322266,-0.4967890679836273,-0.29680341482162476,0.07156439870595932,-1.000951886177063,-0.9663020372390747,0.5994035601615906,-1.0676310062408447,-0.5351231098175049,1.1260972023010254,-0.8732577562332153,-0.4670121371746063,1.3300167322158813,-0.6300461292266846,-0.43511971831321716,0.5203816294670105,0.5664834976196289,0.5432671904563904,0.6550533771514893,0.6558214426040649,0.3623177111148834,-3.204564094543457,-2.080209732055664,-1.5906352996826172,0.5233670473098755,-1.8223508596420288,0.450126051902771,-2.157745599746704,0.6261157989501953
2,0.0,0.0,0.0,1.5494047403335571,-1.0004385709762573,2.3558924198150635,1.4012471437454224,-0.8170260190963745,2.0010433197021484,1.417647123336792,-0.7069310545921326,1.675548791885376,1.310354471206665,-0.6745739579200745,1.4770625829696655,0.4209836423397064,-0.9186864495277405,1.3734833002090454,1.0220448970794678,-0.9189630150794983,1.0026445388793945,1.4447520971298218,-0.5966992378234863,0.6987237334251404,1.4941400289535522,-0.31150051951408386,0.5697638988494873,0.10693797469139099,-0.8535493612289429,0.7958993315696716,1.0752673149108887,-0.8989445567131042,0.39742448925971985,1.767630934715271,-0.5811194181442261,0.06375184655189514,1.8118581771850586,-0.2883071005344391,-0.0840054601430893,-0.01133910845965147,-0.8295259475708008,-0.10716836899518967,0.902543306350708,-0.9057307243347168,-0.1902693212032318,2.0547947883605957,-0.6356412768363953,-0.3968558609485626,2.506706953048706,-0.3647286891937256,-0.4350404143333435,0.019439706578850746,-0.8384832143783569,-1.2110120058059692,0.5755332112312317,-0.9230520129203796,-0.8577600717544556,1.0613954067230225,-0.7426227331161499,-0.7718319296836853,1.2259795665740967,-0.5255901217460632,-0.7050421237945557,0.4078477919101715,0.39163219928741455,0.3803078234195709,0.4996148645877838,0.5750804543495178,0.3623177111148834,-3.204564094543457,-2.080209732055664,-1.5906352996826172,0.5233670473098755,-1.8223508596420288,-0.1491512507200241,-2.6784040927886963,0.7531232237815857
2,0.0,0.0,0.0,-1.4469608068466187,-1.16862154006958,-2.7694506645202637,-1.3178426027297974,-1.6210596561431885,-2.4596004486083984,-1.280392050743103,-1.9244104623794556,-2.2075822353363037,-1.3808956146240234,-2.071000337600708,-2.002943754196167,0.38159555196762085,-1.1184324026107788,-1.171533226966858,0.31465259194374084,-1.521480679512024,-1.1930583715438843,-0.062447648495435715,-1.6926766633987427,-1.3315383195877075,-0.32412683963775635,-1.6679484844207764,-1.3178212642669678,1.0149503946304321,-1.172208309173584,-0.3068150281906128,0.7920547127723694,-1.4893440008163452,-0.002918294630944729,0.328429639339447,-1.6746143102645874,0.11301935464143753,-0.04086606949567795,-1.6833373308181763,0.1465112417936325,1.196567177772522,-1.3238431215286255,0.8940199017524719,1.07195246219635,-1.5803595781326294,0.942773163318634,0.7259833216667175,-1.7628535032272339,0.8703511953353882,0.31146499514579773,-1.848935842514038,0.7006094455718994,1.1492880582809448,-1.5277165174484253,2.2448389530181885,0.9894118309020996,-1.7685171365737915,1.8668172359466553,0.7280112504959106,-1.8972636461257935,1.6695003509521484,0.4806040823459625,-1.959999442100525,1.5180715322494507,0.6903519034385681,1.0766100883483887,0.8982988595962524,0.9234015345573425,0.8523812890052795,0.3623177111148834,0.31205493211746216,0.48072075843811035,0.628679633140564,0.5233670473098755,0.7696335911750793,3.279212474822998,0.7914834022521973,-0.7266975045204163
2,0.0,0.0,0.0,-1.3405836820602417,-1.8131908178329468,0.7038736343383789,-1.0447379350662231,-1.9776535034179688,0.7082313895225525,-0.993145227432251,-1.9201228618621826,0.5266144275665283,-0.7511513829231262,-1.8479337692260742,0.5002869367599487,0.7488463521003723,-1.6994414329528809,1.5895347595214844,0.7428331971168518,-1.7023664712905884,1.0968784093856812,0.054614074528217316,-1.6246280670166016,0.7192909717559814,-0.39603927731513977,-1.4244683980941772,0.5487754940986633,1.1549485921859741,-1.6034259796142578,1.53360116481781,0.9450662136077881,-1.7050329446792603,1.0731385946273804,0.04412537068128586,-1.6435210704803467,0.8227887749671936,-0.42900827527046204,-1.4474291801452637,0.7808605432510376,1.3146023750305176,-1.550491213798523,1.145057201385498,1.159637689590454,-1.7491607666015625,0.6819105744361877,0.20755919814109802,-1.7272651195526123,0.5473341941833496,-0.6191489100456238,-1.5499597787857056,0.6016535758972168,1.2131133079528809,-1.4902012348175049,0.34299665689468384,0.8564175963401794,-1.7001194953918457,0.10972156375646591,0.20867767930030823,-1.7183886766433716,0.030857235193252563,-0.2745136320590973,-1.5921026468276978,0.11779353767633438,0.8419150114059448,0.8274916410446167,0.8343122005462646,0.8820962905883789,0.7064351439476013,0.3623177111148834,0.31205493211746216,0.48072075843811035,0.628679633140564,0.5233670473098755,0.7696335911750793,3.080437183380127,0.1957264095544815,-1.4867805242538452
2,0.0,0.0,0.0,-1.7151403427124023,-2.2561821937561035,1.0356799364089966,-1.3130239248275757,-2.1628894805908203,0.9289751052856445,-1.233719825744629,-2.114933729171753,0.6268145442008972,-1.0127276182174683,-2.0783169269561768,0.4923968017101288,0.7435022592544556,-1.9374237060546875,2.002075672149658,0.5447567105293274,-1.9360030889511108,1.5605182647705078,-0.16635015606880188,-1.8097174167633057,1.1595860719680786,-0.6181767582893372,-1.5686571598052979,0.934734582901001,1.2139822244644165,-1.8643401861190796,1.852109432220459,0.7223377227783203,-1.965269684791565,1.4916560649871826,-0.2430528700351715,-1.8548822402954102,1.2249618768692017,-0.7254129648208618,-1.597805380821228,1.0670418739318848,1.3737603425979614,-1.8563244342803955,1.2872813940048218,0.965413510799408,-2.052319049835205,0.7927003502845764,-0.19926173985004425,-1.9831281900405884,0.5622922778129578,-1.1338956356048584,-1.7319846153259277,0.500937283039093,1.2164506912231445,-1.9049402475357056,0.2236107736825943,0.738955557346344,-2.125070571899414,-0.122802734375,-0.027072185650467873,-2.079634189605713,-0.23759184777736664,-0.5773556232452393,-1.8657366037368774,-0.1756291538476944,0.7966689467430115,0.8087650537490845,0.7595711350440979,0.8048702478408813,0.7166350483894348,0.3623177111148834,0.31205493211746216,0.48072075843811035,0.628679633140564,0.5233670473098755,0.7696335911750793,3.117476463317871,0.19438782334327698,-1.5816340446472168
2,0.0,0.0,0.0,-1.3994777202606201,-1.9935252666473389,0.5544805526733398,-1.0634829998016357,-2.158735990524292,0.4585376977920532,-1.0286645889282227,-2.090009927749634,0.19777803122997284,-0.8132993578910828,-2.02124285697937,0.11008960753679276,1.3422002792358398,-1.8738393783569336,1.3781795501708984,1.0485265254974365,-1.942091941833496,0.7858160138130188,0.19159898161888123,-1.8429282903671265,0.3306775391101837,-0.325278103351593,-1.5748895406723022,0.13884462416172028,1.8263176679611206,-1.7513072490692139,1.2331304550170898,1.2534058094024658,-1.960642695426941,0.6487245559692383,0.14505286514759064,-1.8595752716064453,0.3371279537677765,-0.3839893639087677,-1.5755802392959595,0.3306492567062378,1.8985912799835205,-1.682661533355713,0.7116134762763977,1.4764158725738525,-1.976458191871643,0.207127645611763,0.36817803978919983,-1.9411288499832153,0.10342375189065933,-0.5294766426086426,-1.696570873260498,0.2603524327278137,1.6070128679275513,-1.6464940309524536,-0.20710092782974243,1.1173943281173706,-1.9131649732589722,-0.5104088187217712,0.3590114116668701,-1.9494528770446777,-0.5534185767173767,-0.1899651139974594,-1.798627257347107,-0.35470545291900635,0.8457351326942444,0.7578572630882263,0.6805740594863892,0.7155526280403137,0.5943039059638977,0.3623177111148834,0.31205493211746216,0.48072075843811035,0.628679633140564,0.5233670473098755,0.7696335911750793,3.016692638397217,0.2179120033979416,-1.5458823442459106
2,0.0,0.0,0.0,-1.8566094636917114,-2.263784885406494,-0.11934756487607956,-1.4677841663360596,-2.527879476547241,-0.2226882129907608,-1.3837112188339233,-2.526494264602661,-0.520228922367096,-1.0711036920547485,-2.441333532333374,-0.6170821189880371,1.391845703125,-2.265594720840454,1.1547374725341797,0.9564525485038757,-2.3559181690216064,0.43320465087890625,-0.059090517461299896,-2.210620880126953,-0.06490636616945267,-0.665360152721405,-1.9196536540985107,-0.24594274163246155,1.8502514362335205,-2.090951919555664,1.1117048263549805,1.0227863788604736,-2.3711137771606445,0.33645501732826233,-0.2901094853878021,-2.1983582973480225,-0.01817813515663147,-0.8529797792434692,-1.8514587879180908,0.026121551170945168,1.8409351110458374,-1.997701644897461,0.6796441674232483,1.1863617897033691,-2.343766450881958,-0.23090557754039764,-0.2890806198120117,-2.2361223697662354,-0.37136563658714294,-1.33617103099823,-1.9239782094955444,-0.026862967759370804,1.4494987726211548,-1.951325535774231,-0.14204718172550201,0.933191180229187,-2.3049354553222656,-0.8587620854377747,0.07252170145511627,-2.2883334159851074,-0.9377526044845581,-0.512129545211792,-2.0743424892425537,-0.6292815208435059,0.8665058612823486,0.7566316723823547,0.6561495065689087,0.6926850080490112,0.6920641660690308,0.3623177111148834,0.31205493211746216,0.48072075843811035,0.628679633140564,0.5233670473098755,0.7696335911750793,3.0207877159118652,0.25742027163505554,-1.48043954372406
2,0.0,0.0,0.0,-1.8110933303833008,-2.499692440032959,0.156020388007164,-1.394073247909546,-2.5829036235809326,-0.0380508191883564,-1.3261281251907349,-2.5228660106658936,-0.39197593927383423,-1.026526927947998,-2.4397802352905273,-0.5403977036476135,1.6211650371551514,-2.295875310897827,1.2412693500518799,0.9995077848434448,-2.390822172164917,0.5627951622009277,-0.04393241927027702,-2.2377941608428955,0.0497572235763073,-0.6479347944259644,-1.9258743524551392,-0.16000525653362274,2.100611925125122,-2.121037483215332,1.1027858257293701,1.0950406789779663,-2.419480323791504,0.3850412368774414,-0.28472819924354553,-2.2282629013061523,0.013761748559772968,-0.8605166077613831,-1.8510469198226929,0.013563506305217743,2.0409951210021973,-2.0348892211914062,0.5608372688293457,1.2935805320739746,-2.39848256111145,-0.19387494027614594,-0.19453276693820953,-2.2844419479370117,-0.3195270299911499,-1.2417272329330444,-1.9470876455307007,-0.03153957054018974,1.568196415901184,-2.021291732788086,-0.37679076194763184,1.0300815105438232,-2.3777146339416504,-0.9359559416770935,0.16418583691120148,-2.3577663898468018,-0.9656461477279663,-0.42165645956993103,-2.125168561935425,-0.6582067608833313,0.8643452525138855,0.6712802052497864,0.5891338586807251,0.6500633955001831,0.6788774132728577,0.3623177111148834,0.31205493211746216,0.48072075843811035,0.628679633140564,0.5233670473098755,0.7696335911750793,2.978950262069702,0.2759694755077362,-1.5628846883773804
2,0.0,0.0,0.0,-1.5697627067565918,-2.2966861724853516,-0.021048931404948235,-1.2173038721084595,-2.423790693283081,-0.12344974279403687,-1.1869579553604126,-2.365908622741699,-0.35665103793144226,-0.9212831854820251,-2.21968150138855,-0.41346272826194763,1.48585844039917,-2.0232768058776855,0.9405821561813354,1.0260592699050903,-2.115779399871826,0.32015126943588257,0.07214861363172531,-2.0095369815826416,-0.1446392685174942,-0.5092413425445557,-1.7542531490325928,-0.3199102282524109,1.8649083375930786,-1.8499318361282349,0.9052412509918213,1.0725892782211304,-2.1286582946777344,0.24299927055835724,-0.14320148527622223,-1.9959931373596191,-0.10316430032253265,-0.6745976805686951,-1.6839255094528198,-0.07497245073318481,1.7751551866531372,-1.7288846969604492,0.5684641003608704,1.1945891380310059,-2.054269313812256,-0.06872634589672089,-0.06668533384799957,-2.0010595321655273,-0.1916283518075943,-0.992645800113678,-1.7422677278518677,0.06662184000015259,1.3067710399627686,-1.6478667259216309,-0.08544379472732544,0.878311038017273,-1.9605083465576172,-0.5130470395088196,0.18960516154766083,-2.009246826171875,-0.5824925899505615,-0.2896635830402374,-1.8679500818252563,-0.3419593274593353,0.9199708104133606,0.7259493470191956,0.6317671537399292,0.6812208294868469,0.6994585394859314,0.3623177111148834,0.31205493211746216,0.48072075843811035,0.628679633140564,0.5233670473098755,0.7696335911750793,2.9680280685424805,0.2896060049533844,-1.470921516418457
2,0.0,0.0,0.0,-1.8297104835510254,-2.568711757659912,0.2599430978298187,-1.3643364906311035,-2.645890235900879,0.10012158751487732,-1.316378116607666,-2.558842897415161,-0.23464034497737885,-1.0601831674575806,-2.4651682376861572,-0.3660831153392792,1.5933207273483276,-2.2527294158935547,1.3556698560714722,1.066184639930725,-2.3398239612579346,0.6268501281738281,0.03880440071225166,-2.203258752822876,0.11735169589519501,-0.5830865502357483,-1.9259631633758545,-0.07135392725467682,2.05808687210083,-2.0841972827911377,1.1956828832626343,1.1738544702529907,-2.377032518386841,0.3812564015388489,-0.2067357897758484,-2.210538625717163,-0.020904086530208588,-0.8155205249786377,-1.8566254377365112,0.014760387130081654,2.004781484603882,-2.0077500343322754,0.595302939414978,1.300256371498108,-2.3307840824127197,-0.25534841418266296,-0.18802295625209808,-2.234295606613159,-0.47388795018196106,-1.260018229484558,-1.9229152202606201,-0.18441160023212433,1.5456562042236328,-2.012864112854004,-0.41891467571258545,0.9983144402503967,-2.3234148025512695,-0.9814463257789612,0.12434326857328415,-2.3019044399261475,-1.0416589975357056,-0.46989792585372925,-2.087515115737915,-0.7347525954246521,0.8694391250610352,0.6919463276863098,0.617462158203125,0.6526620984077454,0.6665397882461548,0.3623177111148834,0.31205493211746216,0.48072075843811035,0.628679633140564,0.5233670473098755,0.7696335911750793,2.959512948989868,0.2706577181816101,-1.448195219039917
2,0.0,0.0,0.0,-1.5463403463363647,-2.279261350631714,0.07382321357727051,-1.19159996509552,-2.2836689949035645,-0.09043537080287933,-1.1612638235092163,-2.2155585289001465,-0.3632243573665619,-0.9173750877380371,-2.1235339641571045,-0.46458786725997925,1.3694745302200317,-1.9139750003814697,0.9745039939880371,0.8391638398170471,-2.012637138366699,0.4240846335887909,-0.03775826469063759,-1.8813669681549072,0.0010075399186462164,-0.5387642979621887,-1.61332106590271,-0.16603872179985046,1.7712374925613403,-1.7309609651565552,0.9040716886520386,0.9611479043960571,-2.021923542022705,0.2977586090564728,-0.19558393955230713,-1.8666455745697021,0.00662572868168354,-0.6941567659378052,-1.5361582040786743,0.04864746704697609,1.6952121257781982,-1.6124013662338257,0.529080867767334,1.1226361989974976,-1.9525984525680542,-0.032179176807403564,-0.09456856548786163,-1.8865171670913696,-0.08469235152006149,-0.9875380396842957,-1.6161019802093506,0.17549347877502441,1.2458326816558838,-1.5495418310165405,-0.1666366308927536,0.8261404037475586,-1.8533381223678589,-0.5471891164779663,0.14125533401966095,-1.894712209701538,-0.595271110534668,-0.34047257900238037,-1.7522157430648804,-0.37133094668388367,0.8985211253166199,0.6864092350006104,0.6148518323898315,0.6771285533905029,0.6925269961357117,0.3623177111148834,0.31205493211746216,0.48072075843811035,0.628679633140564,0.5233670473098755,0.7696335911750793,3.037649154663086,0.10469098389148712,-1.054046630859375
1,0.0,0.0,0.0,1.5339258909225464,1.7653775215148926,-0.4779941141605377,1.5617491006851196,1.999129295349121,-0.4039933979511261,1.6089755296707153,1.8795514106750488,-0.3178664445877075,1.7479785680770874,1.8107391595840454,-0.2754959464073181,0.7157447934150696,3.2029531002044678,-0.09469814598560333,0.7930756211280823,2.657463312149048,0.16835662722587585,0.8882626295089722,2.6202540397644043,0.2204401195049286,0.8446515202522278,2.7285892963409424,0.23840999603271484,0.04785451292991638,3.1023356914520264,0.2891518771648407,0.5194364190101624,2.3960108757019043,0.8209054470062256,0.9027757048606873,2.3861098289489746,0.9912522435188293,1.0068905353546143,2.511913299560547,0.955473005771637,-0.4402294158935547,2.8516359329223633,0.9073248505592346,0.23250870406627655,2.1920244693756104,1.4902547597885132,0.9047139883041382,2.185354232788086,1.7245489358901978,1.2596393823623657,2.2997546195983887,1.566593885421753,-0.7013267278671265,2.587005376815796,1.5615594387054443,-0.055692728608846664,2.1164608001708984,1.9912421703338623,0.32311558723449707,2.0488500595092773,2.2463784217834473,0.48288944363594055,2.0724546909332275,2.282440423965454,1.0570826530456543,1.20037841796875,0.8795537948608398,0.6330967545509338,0.3154480457305908,0.3623177111148834,0.31205493211746216,0.48072075843811035,0.628679633140564,0.5233670473098755,0.7696335911750793,0.14087186753749847,1.3446130752563477,-0.07673667371273041
1,0.0,0.0,0.0,0.3862912058830261,-0.5446773767471313,0.035484544932842255,0.34492620825767517,-0.5384009480476379,0.034823764115571976,0.4055987000465393,-0.5657656192779541,0.01831732504069805,0.5006343722343445,-0.5606619119644165,0.020564541220664978,-0.5051225423812866,-0.47381606698036194,0.38647201657295227,-0.6570767164230347,-0.37135428190231323,0.28376710414886475,-0.4368680417537689,-0.15724875032901764,0.17970295250415802,-0.2563292682170868,-0.012695163488388062,0.15057724714279175,-0.9815338850021362,-0.2900181710720062,0.536971926689148,-1.0523464679718018,-0.253101646900177,0.458575576543808,-0.7441573739051819,-0.08370760083198547,0.4579816162586212,-0.48896878957748413,0.043146613985300064,0.48897701501846313,-1.2387932538986206,-0.1685636043548584,0.7028858661651611,-1.3597676753997803,-0.17130140960216522,0.5921151041984558,-1.3018184900283813,-0.02679167501628399,0.7812047600746155,-1.0769850015640259,0.08905668556690216,0.8943930268287659,-1.3087248802185059,-0.09106242656707764,0.8012881875038147,-1.313620686531067,-0.1046217754483223,0.8156355023384094,-1.086419701576233,0.030871950089931488,1.0188534259796143,-0.8433225154876709,0.14466308057308197,1.1595104932785034,0.5928860306739807,0.07115989923477173,0.19208984076976776,0.24796602129936218,0.6049888134002686,0.3623177111148834,-3.204564094543457,-2.080209732055664,-1.5906352996826172,-1.9107049703598022,-2.6863455772399902,-3.523019552230835,-2.4444730281829834,-1.5560688972473145
1,0.0,0.0,0.0,0.39943039417266846,-0.5755389332771301,0.17420467734336853,0.2836325764656067,-0.5793429017066956,0.27516284584999084,0.2687859535217285,-0.578838050365448,0.3324783444404602,0.3817045986652374,-0.5418482422828674,0.3571825325489044,-0.3608654737472534,-0.393681138753891,0.371035099029541,-0.7978722453117371,-0.5950246453285217,0.3511025607585907,-1.0012210607528687,-0.7329061031341553,0.29465991258621216,-1.1027412414550781,-0.8374043107032776,0.21822883188724518,-0.8303722143173218,-0.235545814037323,0.4981228709220886,-1.0319077968597412,-0.28836488723754883,0.18606792390346527,-0.7116251587867737,-0.08452654629945755,0.18093161284923553,-0.4083508849143982,0.05910468474030495,0.30786171555519104,-1.120226502418518,-0.11758386343717575,0.6762067079544067,-1.3428208827972412,-0.1660284698009491,0.31130486726760864,-1.2312930822372437,-0.000727230915799737,0.5947880744934082,-0.9181448817253113,0.11565708369016647,0.88153475522995,-1.2420724630355835,-0.03396781161427498,0.8035658001899719,-1.3161357641220093,-0.10215974599123001,0.5195225477218628,-1.0331119298934937,0.06201695650815964,0.7315537333488464,-0.7368801236152649,0.18440739810466766,0.9332602024078369,0.7553533911705017,0.6907023191452026,0.4015117883682251,0.33448511362075806,0.6573264598846436,0.3623177111148834,0.31205493211746216,-2.080209732055664,-1.5906352996826172,-1.9107049703598022,-1.8223508596420288,-3.3166017532348633,-2.5610687732696533,-1.1617413759231567
1,0.0,0.0,0.0,0.29976797103881836,-0.38407525420188904,0.10085739940404892,0.20336639881134033,-0.49831920862197876,0.16117547452449799,0.21336494386196136,-0.5098057985305786,0.1706836223602295,0.33772656321525574,-0.4298388957977295,0.17184530198574066,-0.4997398853302002,-0.31755515933036804,0.2428268939256668,-0.8540461659431458,-0.5412361025810242,0.151832714676857,-1.0373510122299194,-0.6603460907936096,0.12128805369138718,-1.1496407985687256,-0.7623356580734253,0.08263181895017624,-0.961636483669281,-0.14739109575748444,0.31161966919898987,-1.0099115371704102,-0.1967114955186844,-0.051685914397239685,-0.5930545330047607,0.01868298090994358,0.0528392530977726,-0.3222962021827698,0.11392204463481903,0.29239168763160706,-1.2218976020812988,-0.030095146968960762,0.3762710392475128,-1.3041472434997559,-0.09120133519172668,-0.015095017850399017,-1.0619409084320068,0.08330661803483963,0.39283961057662964,-0.7927765846252441,0.16078615188598633,0.8113181591033936,-1.3150432109832764,0.06201980635523796,0.38780272006988525,-1.292807936668396,-0.0409206785261631,0.19143757224082947,-0.9794831275939941,0.1114286556839943,0.5035889744758606,-0.7436485290527344,0.2100488543510437,0.7770625352859497,0.584237813949585,0.8054051399230957,0.30427953600883484,0.2365359514951706,0.6594855189323425,0.3623177111148834,0.31205493211746216,-2.080209732055664,-1.5906352996826172,-1.9107049703598022,-1.8223508596420288,0.44095396995544434,-2.5781612396240234,0.33255213499069214
1,0.0,0.0,0.0,0.30989769101142883,-0.38030967116355896,0.06456916034221649,0.20622576773166656,-0.48278823494911194,0.1020326167345047,0.20503786206245422,-0.48616907000541687,0.09254766255617142,0.34109222888946533,-0.41242846846580505,0.08236230909824371,-0.5090376138687134,-0.3129771649837494,0.2104717195034027,-0.863246738910675,-0.5371785163879395,0.09732680767774582,-1.0511364936828613,-0.6462401747703552,0.050825461745262146,-1.165627121925354,-0.7444375157356262,0.008327535353600979,-0.9817428588867188,-0.14172761142253876,0.27348899841308594,-0.98167484998703,-0.1686694622039795,-0.1297164410352707,-0.5515289306640625,0.04963471740484238,-0.048248909413814545,-0.28467342257499695,0.14196176826953888,0.1908322274684906,-1.2535003423690796,-0.02982226200401783,0.32508039474487305,-1.281686782836914,-0.06763586401939392,-0.10279477387666702,-1.0112004280090332,0.11089318245649338,0.2778424620628357,-0.7253285050392151,0.19108125567436218,0.7032758593559265,-1.3533740043640137,0.05603965371847153,0.3267318904399872,-1.2825169563293457,-0.02668163925409317,0.10027426481246948,-0.9423125982284546,0.13093706965446472,0.4021327495574951,-0.693570613861084,0.23376399278640747,0.6889945864677429,0.5931994318962097,0.8046041131019592,0.16058161854743958,0.04871264845132828,0.44936057925224304,0.3623177111148834,0.31205493211746216,-2.080209732055664,-1.5906352996826172,-1.9107049703598022,-1.8223508596420288,0.39958906173706055,-2.2617266178131104,0.8130366206169128
1,0.0,0.0,0.0,0.3477725684642792,-0.45555809140205383,0.32384002208709717,0.23634310066699982,-0.5189874172210693,0.32994458079338074,0.23754443228244781,-0.5114843845367432,0.3000856041908264,0.3842204511165619,-0.423524409532547,0.2579697072505951,-0.4997588098049164,-0.3653460741043091,0.2837848365306854,-0.8636237978935242,-0.5555554032325745,0.24241650104522705,-1.057447075843811,-0.6620811820030212,0.18930530548095703,-1.1616758108139038,-0.7504215836524963,0.11209617555141449,-0.9737243056297302,-0.19921919703483582,0.30546876788139343,-0.9623265862464905,-0.1975155919790268,0.011555069126188755,-0.5489157438278198,-0.0033314237371087074,0.039045874029397964,-0.26893094182014465,0.10638755559921265,0.16609716415405273,-1.2371522188186646,-0.08183588832616806,0.3348191976547241,-1.2661092281341553,-0.10490396618843079,0.06510497629642487,-1.0257221460342407,0.055488526821136475,0.35225966572761536,-0.731673538684845,0.1537242829799652,0.6189709305763245,-1.320178508758545,0.00815012026578188,0.3206196129322052,-1.2324810028076172,-0.03301968425512314,0.1569032222032547,-0.9081999063491821,0.11203361302614212,0.3550903797149658,-0.6517934799194336,0.21503238379955292,0.5313861966133118,0.5578837394714355,0.7662971019744873,0.14063526690006256,0.09676237404346466,0.2905009686946869,0.3623177111148834,0.31205493211746216,-2.080209732055664,-1.5906352996826172,-1.9107049703598022,-1.8223508596420288,0.43558263778686523,-2.0963568687438965,1.0263209342956543
1,0.0,0.0,0.0,0.3771572411060333,-0.45991820096969604,0.22996677458286285,0.27215591073036194,-0.49559229612350464,0.19540804624557495,0.27982088923454285,-0.4971599280834198,0.13562636077404022,0.422249972820282,-0.4190080761909485,0.06420332938432693,-0.465121328830719,-0.39783790707588196,0.1938910335302353,-0.8406593799591064,-0.5596831440925598,0.13321749866008759,-1.0518746376037598,-0.6633869409561157,0.04226859286427498,-1.1582733392715454,-0.7404277324676514,-0.05254657194018364,-0.9548323154449463,-0.23772017657756805,0.22205431759357452,-0.9078196883201599,-0.18696974217891693,-0.09833414852619171,-0.5081437230110168,0.02346709556877613,-0.1049576997756958,-0.22377878427505493,0.16185995936393738,0.012179413810372353,-1.213881254196167,-0.11635023355484009,0.2665520906448364,-1.207718014717102,-0.08496405184268951,0.004106644541025162,-0.9694231152534485,0.0867922380566597,0.2826515734195709,-0.6540354490280151,0.21254025399684906,0.5553740859031677,-1.2904374599456787,-0.023521466180682182,0.27293965220451355,-1.1831004619598389,-0.013568858616054058,0.12986937165260315,-0.866439938545227,0.1401883065700531,0.3240307569503784,-0.6003456115722656,0.25208625197410583,0.5071392059326172,0.5602810382843018,0.7137351632118225,-0.1015201210975647,-0.24957464635372162,-0.1097051352262497,0.3623177111148834,0.31205493211746216,-2.080209732055664,-1.5906352996826172,-1.9107049703598022,-1.8223508596420288,0.4177842140197754,-1.9024021625518799,1.1315124034881592
1,0.0,0.0,0.0,0.3992958962917328,-0.3615553677082062,-0.2992866337299347,0.28882333636283875,-0.44894763827323914,-0.2953885495662689,0.3036341965198517,-0.498298704624176,-0.3464314937591553,0.47663140296936035,-0.44885000586509705,-0.39257514476776123,-0.5051571130752563,-0.4696962237358093,0.11403538286685944,-0.9074925780296326,-0.6204990148544312,-0.016589995473623276,-1.1278760433197021,-0.7056793570518494,-0.11647098511457443,-1.2500792741775513,-0.7907412648200989,-0.19582010805606842,-0.9893342852592468,-0.3039640188217163,0.2754405438899994,-1.0252286195755005,-0.19448530673980713,-0.09779258817434311,-0.5729448795318604,0.008189762011170387,-0.08286340534687042,-0.25634488463401794,0.08370877057313919,0.07119138538837433,-1.25678288936615,-0.17707639932632446,0.45517224073410034,-1.305627703666687,-0.06997013092041016,0.03690207004547119,-1.0107849836349487,0.09170973300933838,0.3025658130645752,-0.6384302973747253,0.15001116693019867,0.6050363779067993,-1.3387850522994995,-0.09532622247934341,0.5716901421546936,-1.2490781545639038,-0.023054862394928932,0.2942312955856323,-0.8839170932769775,0.13817034661769867,0.47907713055610657,-0.5801954865455627,0.22119304537773132,0.6831670999526978,0.6428991556167603,0.7032482028007507,-0.28815609216690063,-0.5420315265655518,-0.4635722041130066,0.3623177111148834,0.31205493211746216,-2.080209732055664,-1.5906352996826172,-1.9107049703598022,-1.8223508596420288,0.2433164268732071,-1.4469853639602661,0.30779731273651123
1,0.0,0.0,0.0,0.6765380501747131,2.724663257598877,-2.107774257659912,0.46429377794265747,2.6857728958129883,-1.7362123727798462,0.47128990292549133,2.585466146469116,-1.386082649230957,0.533186137676239,2.5337491035461426,-1.1601485013961792,-1.5256427526474,2.782884120941162,-1.2628554105758667,-1.7622188329696655,2.3613646030426025,-0.9772473573684692,-1.8764101266860962,2.424614906311035,-0.7997637391090393,-1.9073975086212158,2.632791519165039,-0.674798846244812,-2.148329019546509,2.5047566890716553,-0.45214155316352844,-1.4197766780853271,2.1557321548461914,-0.3022318482398987,-0.6709454655647278,1.9662079811096191,0.10120537132024765,-0.33471250534057617,1.8343286514282227,0.4994712173938751,-2.1615805625915527,2.2687454223632812,0.8363028764724731,-1.6149063110351562,1.9400074481964111,0.8257421851158142,-1.1818815469741821,1.785192847251892,1.1710102558135986,-0.8615584373474121,1.698512315750122,1.3929779529571533,-1.8818691968917847,2.092287063598633,2.3541040420532227,-1.4833608865737915,1.8384795188903809,2.1490697860717773,-1.0869526863098145,1.7224140167236328,2.234692096710205,-0.796172022819519,1.6470454931259155,2.298297166824341,0.7562582492828369,1.0319465398788452,0.41975560784339905,0.35066816210746765,0.3122738003730774,0.3623177111148834,0.31205493211746216,0.48072075843811035,0.628679633140564,0.5233670473098755,0.7696335911750793,-0.11919303983449936,2.153507709503174,0.15289625525474548
1,0.0,0.0,0.0,0.790418267250061,2.90145206451416,-2.5563478469848633,0.5145400166511536,2.8577260971069336,-2.1179609298706055,0.5192379355430603,2.754380941390991,-1.7310543060302734,0.6165379285812378,2.7271058559417725,-1.4730304479599,-1.6543041467666626,2.941340208053589,-1.3335052728652954,-1.882878065109253,2.5059216022491455,-1.1118149757385254,-2.0282185077667236,2.5822455883026123,-1.0021902322769165,-2.069845199584961,2.809288501739502,-0.9302262663841248,-2.278841733932495,2.6569347381591797,-0.48828309774398804,-1.1573772430419922,2.2980363368988037,-0.43761590123176575,-0.4291790723800659,2.0052356719970703,-0.07423025369644165,-0.2883891463279724,1.8110861778259277,0.3070990741252899,-2.245997905731201,2.4131317138671875,0.7817867994308472,-1.2698445320129395,2.072211503982544,0.6722286939620972,-0.8325339555740356,1.818889856338501,1.043210744857788,-0.8207433223724365,1.6863327026367188,1.2734894752502441,-1.919991135597229,2.2308883666992188,2.2204322814941406,-1.2406868934631348,1.9710241556167603,1.8868920803070068,-0.8299566507339478,1.7399380207061768,1.9886620044708252,-0.6578503847122192,1.5870065689086914,2.0909578800201416,0.731498658657074,1.0658822059631348,0.25144073367118835,0.1353471428155899,0.051165271550416946,0.3623177111148834,0.31205493211746216,0.48072075843811035,0.628679633140564,0.5233670473098755,0.7696335911750793,-0.09554098546504974,2.174870491027832,0.21102097630500793
1,0.0,0.0,0.0,0.7687455415725708,2.8407142162323,-2.688793897628784,0.4851689338684082,2.8118467330932617,-2.243035078048706,0.4812963008880615,2.7157206535339355,-1.834128499031067,0.5899667143821716,2.6970059871673584,-1.5660773515701294,-1.643067479133606,2.828681707382202,-1.5629817247390747,-1.9030077457427979,2.4242780208587646,-1.3078075647354126,-2.0717532634735107,2.502676486968994,-1.1727548837661743,-2.1381185054779053,2.726116895675659,-1.0827242136001587,-2.2998061180114746,2.577503204345703,-0.7049208879470825,-1.2546963691711426,2.281464099884033,-0.5799416303634644,-0.5010223984718323,2.0133373737335205,-0.15762080252170563,-0.3427785038948059,1.8184831142425537,0.25190654397010803,-2.284092426300049,2.383877754211426,0.6076542139053345,-1.3936229944229126,2.0985758304595947,0.5294754505157471,-0.9342769980430603,1.870303750038147,0.9070067405700684,-0.8848739862442017,1.7352780103683472,1.1492743492126465,-1.9692801237106323,2.2474749088287354,2.1462652683258057,-1.3732351064682007,2.0196142196655273,1.787340521812439,-0.9682586193084717,1.819075584411621,1.8788620233535767,-0.7599886059761047,1.6755170822143555,1.9725148677825928,0.7147544026374817,1.0125255584716797,0.2789868414402008,0.2003014236688614,0.1697656214237213,0.3623177111148834,0.31205493211746216,0.48072075843811035,0.628679633140564,0.5233670473098755,0.7696335911750793,-0.0846322774887085,2.1787478923797607,0.22968845069408417
1,0.0,0.0,0.0,0.07630302011966705,2.0938310623168945,0.04503922909498215,-0.09031263738870621,2.0399081707000732,-0.18600398302078247,-0.06896895170211792,1.9695485830307007,-0.5186157822608948,-0.04087134823203087,1.951902985572815,-0.7841069102287292,-2.0429694652557373,2.149190664291382,0.4854409396648407,-1.9473025798797607,1.7091203927993774,0.12976950407028198,-1.591533899307251,1.5480387210845947,-0.10319449007511139,-1.2835748195648193,1.4674626588821411,-0.1300632357597351,-2.7879059314727783,1.8495464324951172,0.25150248408317566,-3.248551845550537,1.355262279510498,0.02204214036464691,-3.646338939666748,1.3881139755249023,-0.27315661311149597,-3.6137962341308594,1.536746621131897,-0.44153010845184326,-2.9131479263305664,1.5251566171646118,-0.27962803840637207,-3.072859764099121,1.3248928785324097,-0.6272975206375122,-3.0800094604492188,1.2589668035507202,-0.9695292711257935,-2.6056737899780273,1.2507550716400146,-0.9000153541564941,-2.65248966217041,1.194149374961853,-0.9813610315322876,-2.888465166091919,1.0621269941329956,-0.724017322063446,-2.9937667846679688,1.1101917028427124,-0.5559061765670776,-2.8390605449676514,1.220915675163269,-0.40816888213157654,0.5612996816635132,0.6629536151885986,1.0080993175506592,0.49944189190864563,0.8244317173957825,0.3623177111148834,0.31205493211746216,0.48072075843811035,0.628679633140564,0.5233670473098755,0.7696335911750793,-0.1141694039106369,2.0585033893585205,0.588428795337677
1,0.0,0.0,0.0,-0.14017409086227417,1.0782077312469482,-2.7938129901885986,-0.19904623925685883,1.3716353178024292,-2.8048059940338135,-0.1552736610174179,1.6920424699783325,-2.8669073581695557,-0.14044208824634552,1.8641941547393799,-2.984161853790283,-2.774003267288208,1.3363441228866577,-1.7152891159057617,-3.301985502243042,1.070088505744934,-1.823796272277832,-3.6374754905700684,1.1092456579208374,-1.8221306800842285,-3.707655906677246,1.217848777770996,-1.7569535970687866,-3.2333052158355713,1.5378385782241821,-1.3363142013549805,-2.587301731109619,1.5515737533569336,-1.7603930234909058,-1.7372490167617798,1.4101077318191528,-1.6402339935302734,-1.2760140895843506,1.2345002889633179,-1.163243293762207,-3.007369041442871,1.697364091873169,-0.8703732490539551,-2.5647740364074707,1.582651138305664,-1.3187021017074585,-2.3299458026885986,1.3999955654144287,-1.0748138427734375,-2.2497143745422363,1.2294319868087769,-0.5237929224967957,-2.5597848892211914,1.771501898765564,-0.26902318000793457,-2.248091459274292,1.649222493171692,-0.6862857937812805,-1.9066746234893799,1.5041530132293701,-0.4869289994239807,-1.6657599210739136,1.3859052658081055,-0.08014051616191864,0.21003559231758118,0.9994973540306091,-0.014178290031850338,0.08374139666557312,0.25401467084884644,0.3623177111148834,0.31205493211746216,0.48072075843811035,-1.5906352996826172,0.5233670473098755,-0.09436118602752686,-0.11341912299394608,1.95827317237854,0.39865928888320923
1,0.0,0.0,0.0,0.332629531621933,0.5710146427154541,-1.6482715606689453,0.2427825927734375,0.6223993897438049,-1.874821424484253,0.14829297363758087,0.7768511772155762,-2.0112600326538086,0.142357736825943,0.9385292530059814,-2.0621094703674316,-1.5187087059020996,0.6294257044792175,-1.3166126012802124,-1.3202470541000366,1.0534718036651611,-1.5756663084030151,-0.7391905188560486,1.0029488801956177,-1.6151480674743652,-0.5128390789031982,0.904501736164093,-1.5357248783111572,-2.1887543201446533,0.8270319104194641,-1.2128468751907349,-1.5528470277786255,1.1256974935531616,-1.5740501880645752,-0.8328782916069031,0.9764445424079895,-1.5818716287612915,-0.5899656414985657,0.8389414548873901,-1.3566025495529175,-2.3212201595306396,0.9670813083648682,-1.067089319229126,-1.8130065202713013,1.13986074924469,-1.1594181060791016,-1.44412100315094,0.9952425360679626,-0.857542097568512,-1.2642849683761597,0.8799039125442505,-0.5067064762115479,-2.1059184074401855,1.0638607740402222,-0.7941154837608337,-1.6145538091659546,1.1626033782958984,-0.8036120533943176,-1.1638989448547363,1.04705011844635,-0.5739876627922058,-0.8971595764160156,0.9419549107551575,-0.2768996059894562,-0.5245880484580994,-0.7312380075454712,-0.5363855957984924,-0.40058547258377075,-0.40455362200737,0.3623177111148834,0.31205493211746216,0.48072075843811035,0.628679633140564,0.5233670473098755,0.7696335911750793,-0.0742201879620552,-0.5170977115631104,-0.0846586748957634
1,0.0,0.0,0.0,-0.09766797721385956,-0.6118365526199341,0.6545443534851074,0.06751992553472519,-0.58445143699646,0.619758665561676,0.13959023356437683,-0.5773704648017883,0.5851486325263977,0.072293721139431,-0.6156729459762573,0.5718949437141418,1.0103728771209717,-0.06150442361831665,0.6815102696418762,0.9789327383041382,-0.2002009153366089,0.6188068985939026,0.679397702217102,-0.0799313485622406,0.5794742703437805,0.4655090570449829,0.06618435680866241,0.6035074591636658,1.2629371881484985,0.1343650221824646,0.7775480151176453,1.1980499029159546,-0.07436736673116684,0.7677575349807739,0.8301792144775391,0.04592860862612724,0.8955442905426025,0.5434720516204834,0.18313203752040863,1.0265724658966064,1.333357334136963,0.26955896615982056,0.8805656433105469,1.3264493942260742,0.016991034150123596,0.9119307398796082,1.183159589767456,0.1079462394118309,1.1282374858856201,0.8871303796768188,0.23199130594730377,1.2180464267730713,1.2740875482559204,0.40030500292778015,0.886658251285553,1.256247639656067,0.13821423053741455,0.9824328422546387,0.9550228118896484,0.19123288989067078,1.1219439506530762,0.6639180779457092,0.29792460799217224,1.2028735876083374,0.7062602639198303,0.6861035227775574,0.6173588037490845,0.49296602606773376,0.36368441581726074,0.3623177111148834,-3.204564094543457,-2.080209732055664,-1.5906352996826172,-1.9107049703598022,-2.6863455772399902,2.827505588531494,-1.1178096532821655,0.5589571595191956
1,0.0,0.0,0.0,-0.21659117937088013,-0.5041370391845703,0.2562497556209564,-0.06187618523836136,-0.5508964657783508,0.30456575751304626,-0.028392765671014786,-0.5650611519813538,0.3342387080192566,-0.05367078632116318,-0.5841434597969055,0.33720663189888,0.6241931319236755,-0.0758112445473671,0.2574923038482666,0.8672225475311279,-0.3131744861602783,0.33724743127822876,1.0182660818099976,-0.4130219519138336,0.4089307487010956,1.0801458358764648,-0.4659546911716461,0.4309881329536438,0.8826050162315369,0.12300971895456314,0.3159327208995819,0.9849148392677307,-0.039572425186634064,0.15482202172279358,0.6723262667655945,0.11001836508512497,0.21816879510879517,0.3783523142337799,0.24776624143123627,0.4135086238384247,0.9711246490478516,0.2675149142742157,0.4164220988750458,1.0333763360977173,0.09319522976875305,0.2690826654434204,0.8790864944458008,0.21656179428100586,0.43859192728996277,0.6135113835334778,0.3242450952529907,0.6403914093971252,0.9589259624481201,0.38401010632514954,0.5104504227638245,0.9928142428398132,0.19231896102428436,0.4690917432308197,0.7278444766998291,0.2643718421459198,0.6445181965827942,0.4872830808162689,0.34707316756248474,0.7887817025184631,0.8914790749549866,0.985568106174469,0.5753777027130127,0.44151273369789124,0.7594491243362427,0.3623177111148834,0.31205493211746216,-2.080209732055664,-1.5906352996826172,-1.9107049703598022,-1.8223508596420288,2.8750996589660645,-1.3499250411987305,0.7239075303077698
