label,f0,f1,f2,f3,f4,f5,f6,f7,f8,f9,f10,f11,f12,f13,f14,f15,f16,f17,f18,f19,f20,f21,f22,f23,f24,f25,f26,f27,f28,f29,f30,f31,f32,f33,f34,f35,f36,f37,f38,f39,f40,f41,f42,f43,f44,f45,f46,f47,f48,f49,f50,f51,f52,f53,f54,f55,f56,f57,f58,f59,f60,f61,f62,f63,f64,f65,f66,f67,f68,f69,f70,f71,f72,f73,f74,f75,f76
3,0.0,0.0,0.0,-0.4976300079420534,-0.251672623629995,-0.19659753156976936,-0.8501158363285098,-0.9338280691786871,-0.2942244977514483,-1.0733647989188275,-1.480119750349136,-0.40524631461336963,-1.30019354697008,-1.8290000877747854,-0.47712204614337084,-0.47643252427873867,-1.5610715322801685,-0.04046235215200006,-0.4951483347730636,-1.921281114588745,-0.261339486065407,-0.44633611809718876,-1.4080617439245224,-0.3861151270079769,-0.39518250019490453,-0.9701560226778709,-0.42396767003974917,-0.13392270457023603,-1.6148611293688138,-0.04288429696977897,-0.15440588153318743,-1.9612356505400463,-0.340653350404279,-0.16268479467392868,-1.3343744313537753,-0.4482688009344783,-0.160253539408122,-0.8781770033316032,-0.43708008468425774,0.20922308264700198,-1.5856647532417005,-0.08860665623533504,0.26349670328028907,-2.0843272129322292,-0.33747051054626354,0.1905595464717365,-1.587823853501869,-0.34191461992737193,0.11865064513242879,-1.163385502057371,-0.2564225270181187,0.5146913350921966,-1.4947935089369815,-0.1557042410689948,0.7203607518752784,-2.0140273934455477,-0.27202321849926653,0.8546065422565515,-2.3377032447590045,-0.2953524737063638,0.9571725094591307,-2.686106213367002,-0.2759916471307015,3.0354666763214055,2.568393947458928,2.458493958976405,2.7357986002858024,3.0253665777485126,0.9999999966910748,-1.183782638580766e-08,1.857738651800389e-08,-2.4739766124604046e-08,1.0000000089219574,0.40000001920353684,-0.008892363854106562,0.014330326280469586,-1.7198986406469316e-08
3,0.0,0.0,0.0,-0.4921942772580633,-0.2618472628319702,-0.19408705896988188,-0.8379434902634594,-0.9556091430392295,-0.2856185767581054,-1.0539781352357547,-1.4979483229801813,-0.3931015193777705,-1.2755155118379207,-1.835552072592591,-0.46333885659898266,-0.4665816334255885,-1.542511134145364,-0.04280450170992395,-0.4688225280092964,-1.9004864603993954,-0.26450737627872983,-0.425244363968057,-1.388192655964736,-0.386490073926846,-0.37397332673635253,-0.9619194861848784,-0.42364135097396916,-0.1294618058634086,-1.5808830093036292,-0.04795597632097809,-0.1307448525050154,-1.9247325586152073,-0.34696117035153706,-0.14871458116495573,-1.307968258889887,-0.4553319444203871,-0.15073679345680885,-0.864225323308238,-0.447521056109321,0.21190373639936044,-1.5437584022804716,-0.09775504330320409,0.2880440623470679,-2.0445388128626196,-0.3512024626197654,0.20364422973893948,-1.549105766435599,-0.36340850706811556,0.12434407789238847,-1.1304340353244,-0.28476916821927106,0.521218575794047,-1.451186779555228,-0.1689421262989581,0.7371962152044759,-1.9582702740065947,-0.2910953460215333,0.878475111728755,-2.274522282891698,-0.3245427655417347,0.9931582663582078,-2.6228907491559004,-0.31447103900127416,3.0369906278122265,2.5480587710400178,2.4524552862168147,2.7400746267520315,3.0185981207118084,0.9999999966910748,-1.183782638580766e-08,1.857738651800389e-08,-2.4739766124604046e-08,1.0000000089219574,0.40000001920353684,-0.008657919149441915,0.013581385799342774,-2.3144516298552814e-08
3,0.0,0.0,0.0,-0.43537281643591336,0.39859208175900074,-0.2766013177523654,-0.7892231135803393,0.8827428174223522,-0.5767225107358269,-1.0402621614610232,1.2655638498136872,-0.8310129646751724,-1.2781798473487986,1.4493167559605638,-1.0858390165840939,-0.5280410366641596,0.5269290701199161,-0.7922221734123521,-0.2621665144153701,1.5094008263540803,-1.025309949082831,-0.2789897401456419,1.4896306201111689,-1.1510271028249626,-0.3601605520937536,1.300191315962335,-1.2532459008727899,-0.146881950802573,0.37411335463647144,-0.7977220498405868,0.07287762334916267,1.4696090022700639,-0.9382897999685653,-0.0060351601835202,1.4038037364378713,-0.9180138084732081,-0.08073953225616154,1.1701468999083067,-0.9616028478989642,0.18323049508062836,0.31346890534065586,-0.7911527610683882,0.3795076732973145,1.2726683518374653,-0.9725461702193247,0.27703414675272037,1.228396157407884,-0.8603939774798365,0.1758840496422179,1.0577853705587754,-0.8071358613042703,0.44775024556924964,0.3095695641154014,-0.8164328965845715,0.6761001761875578,0.9086469048243231,-1.0432429212179608,0.7730795426182409,0.9239261643425513,-1.0184887483768457,0.8767703620327582,0.8671089874878485,-0.9888771922620287,3.079445126537601,2.0881559853266305,2.079237224470908,2.157896046694786,2.3583395601770127,0.9999999966910748,1.000000001597114,1.0000000043126425,0.9999999949426772,1.0000000089219574,0.9999999942784215,0.0037043291813836482,-0.01678029579402837,6.407419853357867e-09
3,0.0,0.0,0.0,-0.3891799749432916,-0.13176186708813026,-0.3601940584955938,-0.6468219497368063,-0.4646654427089826,-0.5829063019392737,-0.8353961363475552,-0.8332792000602567,-0.7396521481193163,-1.1258411651302425,-1.098575831481719,-0.8492630687231508,-0.13182874811213494,-1.4847333705358265,-0.5353018624067917,0.15263452871646105,-0.7237596902282974,-0.6876099117117638,-0.03071995702449244,-0.2390247662748003,-0.7347953378418005,-0.1764865164693609,-0.1686308960069418,-0.7863449408369393,0.2499665678413847,-1.5346700980273846,-0.4695153180027938,0.43597181746410285,-0.5894287778381893,-0.6456850684212885,0.1504609580030972,-0.15634243086806865,-0.70673298784046,0.009474949219246763,-0.1379558599302415,-0.7731296402019647,0.557458703455406,-1.352465142932774,-0.4135962976911326,0.7461255678372078,-0.5962176444454999,-0.6699186622751025,0.4335949846525803,-0.2050824552313949,-0.6999928387010829,0.21803573457775224,-0.10391771853235121,-0.7013915229622325,0.7605527935498864,-1.062303659817014,-0.37653029002197064,1.1416652361740738,-1.0626200366535499,-0.6250384438601044,1.4077322735572475,-1.0790638832251158,-0.6846558436506126,1.6617385443075565,-1.1356993975351293,-0.6964238899730969,2.931481606388665,0.5926862958613228,0.5903852354084762,0.8623018423574282,2.239992848817055,0.9999999966910748,1.000000001597114,1.0000000043126425,0.9999999949426772,1.0000000089219574,0.9999999942784215,-0.00865622399222048,0.01493672171652256,-2.123456584022687e-08
3,0.0,0.0,0.0,-0.42860452385655307,-0.16022840017064036,-0.35708996968860807,-0.7140199993687273,-0.5574919612101069,-0.5702139668203544,-0.894369287423521,-0.9557643047577523,-0.7132931869183681,-1.1628809893755092,-1.244759211984623,-0.8084881377190837,-0.23042158521025238,-1.5534732378516587,-0.5230429106496168,0.045963965506047796,-0.9017623484084664,-0.6448442343601947,-0.09794164708426324,-0.43308104134762815,-0.674372674968703,-0.2170014381644227,-0.3299891781655032,-0.7165300250045745,0.14222507007748492,-1.6247312900691828,-0.44847333394391153,0.34071698422837327,-0.7956072158931367,-0.5880333182194564,0.12406604884825902,-0.43472618239619043,-0.6323391211703917,0.012766907228164613,-0.4312975041929983,-0.692324463106493,0.4571396523592748,-1.4524847215222185,-0.3846370552978753,0.6993219136393113,-0.9285604368282723,-0.5852350598233451,0.5311957648631197,-0.7445153616691901,-0.6264744414237583,0.4255734922843927,-0.7975439444482328,-0.6579961767037175,0.6736777008681315,-1.1673562764583736,-0.3399631100094037,1.0516115286380008,-1.2232911252313077,-0.5443329217222365,1.3197427179741068,-1.2735770844048175,-0.6029177309071588,1.5852347973098642,-1.3967730679686445,-0.6290715356886538,2.934039581817296,0.5519982394789771,0.5360735315199179,0.9307982433688917,2.2738218307325315,0.9999999966910748,1.000000001597114,1.0000000043126425,0.9999999949426772,1.0000000089219574,0.9999999942784215,-0.009907735655796343,0.018434735874178314,-1.646700753184852e-08
3,0.0,0.0,0.0,-0.41175769534529494,-0.25654712470983215,-0.2994864627216687,-0.6717000857530221,-0.7971004304780313,-0.47334614619981297,-0.8329570134386283,-1.2832987104839884,-0.6100820288761921,-1.0724361460819478,-1.6195300974997524,-0.7073947767784738,-0.20882604806174443,-1.7270147990376625,-0.33997839623728965,0.03482972068412582,-1.288957470792282,-0.510933041300767,0.004908968050908413,-0.7808114838958096,-0.5744391685678252,-0.07666651289654042,-0.4579447267695934,-0.5847082085705027,0.1551343200500639,-1.7240224871294976,-0.28439667692012494,0.3749598349445318,-1.24313307544354,-0.4853680133598282,0.23171114471727072,-0.7108284894320047,-0.5507017981288453,0.10002299734115272,-0.40120042347250995,-0.5556532130724087,0.4555093559260565,-1.5449088941544398,-0.24957108440485257,0.6991841655222923,-1.263615729850591,-0.48864403201483797,0.5379593806931279,-0.805570305017064,-0.5158679469174293,0.38981604445353424,-0.5176164040378426,-0.46319693706603976,0.6770834115916347,-1.2763694294479953,-0.23005519358738338,1.0140405388356106,-1.49836754683306,-0.36897394038900355,1.264265109432455,-1.6099221781831656,-0.37601244942674844,1.4862313288093751,-1.7472445585067649,-0.34226894870442504,3.0164818822499266,0.6465101855753419,0.7324292991099159,1.1960266787211022,2.6268534548887317,0.9999999966910748,1.000000001597114,1.0000000043126425,0.9999999949426772,1.0000000089219574,0.9999999942784215,-0.011639121793590413,0.01835901175969977,-1.8595831031331073e-08
3,0.0,0.0,0.0,-0.38888909388378196,-0.2663740525916764,-0.3011164090754599,-0.6506288843358802,-0.8119595504154377,-0.48387786492065116,-0.8200976555339474,-1.3106633185296075,-0.6305990807765348,-1.0636672297259433,-1.6571244086102124,-0.7376403793635917,-0.2210845466680191,-1.7333321664431196,-0.3591626550948938,0.04947868348563404,-1.380367636002439,-0.5461716675315123,0.012178464471103885,-0.8683329093398034,-0.6189051862093238,-0.0897774050621398,-0.5164177746335034,-0.6292209586560054,0.1465096005798563,-1.7298010490439886,-0.3027933240412058,0.37767804632753266,-1.3124123797794733,-0.5212985875715919,0.22701867945024592,-0.7718897502940019,-0.5942804816358868,0.07208058056783295,-0.43686543249069554,-0.5978280912161853,0.4500839323261439,-1.5522697001610797,-0.2670285075969346,0.7021851792674428,-1.3180286886584023,-0.5114117852583081,0.5460976332876586,-0.8722326756494974,-0.5455600622073413,0.3875000592159388,-0.5752597479701399,-0.4946947695173981,0.6711771311766233,-1.2961645954757448,-0.24623019660466774,1.013430335169876,-1.5420230658771195,-0.3830857222266619,1.2603881469893345,-1.6819229315544724,-0.3951531717948019,1.472752923612495,-1.8414778175165227,-0.36553714304526097,3.024594076716261,0.792138952721767,0.8331289222966589,1.3001041327982465,2.6627149540464132,0.9999999966910748,1.000000001597114,1.0000000043126425,-2.4739766124604046e-08,1.0000000089219574,0.8000000117850957,-0.014595552026525653,0.015388376627640483,-1.77334475778275e-08
3,0.0,0.0,0.0,-0.3958605808218471,-0.2766002720912013,-0.31171313199819073,-0.6620067497143525,-0.8610683065847663,-0.4951815052782724,-0.8334138950788395,-1.3753014933474295,-0.645102265588651,-1.059622022442612,-1.7378513097583148,-0.7525350533568486,-0.22224341020802488,-1.7155767968500042,-0.3503616742101549,0.05775852133012867,-1.4666659668154212,-0.5443438900408452,0.014947816279839604,-0.9578223770095665,-0.6142131079490455,-0.09553242326002225,-0.6011970158585183,-0.6183970553832299,0.1511191841231914,-1.716969004095615,-0.29223549245179753,0.3687622612958398,-1.3751990718821225,-0.5176004764669047,0.2259000956272856,-0.8286280616014817,-0.5892075300930052,0.0711392228630948,-0.493644867184436,-0.5866116301352645,0.45704139508860386,-1.5456036470791568,-0.25977229985139816,0.6923906659016977,-1.3816082367777196,-0.505919636099546,0.5510911863738664,-0.9412989033587289,-0.5437022449279835,0.4010157915382053,-0.6468510244679411,-0.4932533480466068,0.6824325783149694,-1.3027282603897894,-0.24492184681552437,1.0044541645203784,-1.571957115115672,-0.37720375489394453,1.2407347129970057,-1.7099654473480652,-0.3945820424520453,1.4391877290734583,-1.8683325597863178,-0.37088808451367605,3.0396239630615893,0.96943867255266,0.9246197868253827,1.4375756804462547,2.735948097762678,0.9999999966910748,1.000000001597114,1.0000000043126425,-2.4739766124604046e-08,1.0000000089219574,0.8000000117850957,-0.015248325440380232,0.01593381819012282,-1.5006335481390714e-08
3,0.0,0.0,0.0,-0.4134797506400007,-0.3309401879871069,-0.2949989479201466,-0.6792449176499629,-0.9958182898517542,-0.45942067883723325,-0.8412205885069278,-1.5508699253770313,-0.6112899148939913,-1.0330929766293928,-1.9266788814484577,-0.715912523357093,-0.24269278035538652,-1.6739814398872959,-0.2552133204229895,-0.022256508014445987,-1.7201653370196937,-0.4746894264578889,-0.05256385914541489,-1.2050676352220024,-0.5456087597256339,-0.1243442965431438,-0.8345388179074582,-0.5451509425090129,0.1198627124255428,-1.644668447058201,-0.2127896837324853,0.2986193975928213,-1.6479220464100663,-0.49833291774837857,0.18451052391503128,-1.0511190891059161,-0.5683121684114603,0.06828315189711387,-0.6772131443492292,-0.5451151702798074,0.43829379723603257,-1.511387840727168,-0.2098991916549359,0.6566106433431056,-1.675266788552236,-0.4845371552168185,0.5281093489854893,-1.1813990073686047,-0.49758145396984294,0.3911187861496817,-0.841368738898911,-0.420808492805283,0.6926203026046833,-1.3210550307720281,-0.23006497022393627,0.9720186850915855,-1.6794390755537092,-0.36513420792621026,1.144684277697354,-1.8832523003638348,-0.3903443619096399,1.291640511012925,-2.1487422996977266,-0.3743457419254198,3.043014293160038,1.7197355190791057,1.7277128612762906,2.2814345317588316,2.9202203826368978,0.9999999966910748,-1.183782638580766e-08,1.857738651800389e-08,-2.4739766124604046e-08,1.0000000089219574,0.40000001920353684,-0.016594192069249253,0.016908922022031436,-1.0476984370134775e-08
3,0.0,0.0,0.0,-0.42066792003236664,-0.35038676893468823,-0.2607973234440118,-0.6788894643041381,-1.0295786158693794,-0.40593952125193067,-0.8404642187192375,-1.5857369147336327,-0.5514429829429387,-1.010930004034111,-1.9668526649359614,-0.6556135411988642,-0.22535657448132898,-1.6184427970366977,-0.18755651453996913,-0.06272287876978883,-1.7566578426093558,-0.40778973647961364,-0.1026246622516282,-1.242274641508423,-0.4905020555693832,-0.1660520843968745,-0.8528119254898316,-0.4964628880959791,0.1306481225212444,-1.5676895246395939,-0.1617901823580726,0.26587343171243494,-1.6799129229475718,-0.455408185057851,0.15501714676515238,-1.0707710977275366,-0.5349974649768979,0.05273167955365774,-0.6698739104336576,-0.513703284279092,0.4491759466582967,-1.439007499730411,-0.17741008026229765,0.6368270123187498,-1.6908144268237453,-0.4527745499269409,0.50418476896463,-1.1941602261594095,-0.4649359271948284,0.3745147021210706,-0.8378951574463503,-0.3842667004119671,0.7087937781194026,-1.2625936158885378,-0.21465710155647075,0.9887257417433322,-1.6545982769481484,-0.34106381452731194,1.160088453984116,-1.8778965563863173,-0.36125628231272466,1.3094722343889267,-2.1603163294754286,-0.34255209417635335,3.048981660437938,2.0405712135051064,2.03257966007664,2.4679775059776725,2.9889971914800975,0.9999999966910748,-1.183782638580766e-08,1.857738651800389e-08,-2.4739766124604046e-08,1.0000000089219574,0.40000001920353684,-0.015579697247820563,0.014576566232489003,-1.387537086322146e-08
3,0.0,0.0,0.0,-0.4135512178354543,-0.3705068149842111,-0.23504915842395974,-0.6562190826499364,-1.0633711894555937,-0.3676682411801274,-0.8230719996581368,-1.6242132971608092,-0.5066462160183496,-1.003607564729107,-1.9969668186032778,-0.6080433729310791,-0.20514704717077778,-1.6046402401583149,-0.17105572871691657,-0.05329166051947418,-1.7595934961571276,-0.3848204006583772,-0.09886551603671606,-1.2439339142357488,-0.4620895958704816,-0.16607816532373357,-0.8619041395108764,-0.4637904471577744,0.14652299361911603,-1.5402787755751657,-0.1551676440422672,0.2678247410939273,-1.6837469137856291,-0.4397925443276064,0.15379169808130702,-1.084314227544088,-0.5149059258130798,0.049237128653403545,-0.6959121445580979,-0.49199407667659334,0.4639650853707883,-1.4092740809274729,-0.1774474729566295,0.6326051769093911,-1.6799231979938023,-0.44571759690838736,0.4942625532093267,-1.18702317224145,-0.45279940756307246,0.3633854262036275,-0.8419237051042245,-0.3687918821652112,0.7256502199672558,-1.2421971578192124,-0.218506431119443,1.00727986814873,-1.6493656094349962,-0.33535277126767987,1.1835268898113167,-1.875786595869057,-0.34689292110612285,1.3338064663157703,-2.157722993505036,-0.3223955549034895,3.0698373197259476,2.109207391526102,2.1335198878677812,2.522889613178986,3.0311682203708328,0.9999999966910748,-1.183782638580766e-08,1.857738651800389e-08,-2.4739766124604046e-08,1.0000000089219574,0.40000001920353684,-0.01269897423689267,0.011065608999378782,-1.1129129966992861e-08
1,0.0,0.0,0.0,-0.27033329533215944,-0.48563168522843203,-0.1719481053874989,-0.37685928349713893,-1.0974708878190174,-0.2734689423029852,-0.4631648418563263,-1.5980347113948028,-0.3754281432910421,-0.5776384259152356,-1.960405643885486,-0.4759357890164965,0.1418412530112524,-1.5399329844089753,-0.15178072831064926,0.4150190248986074,-2.0689351232661353,-0.2924045345531521,0.5745320909867839,-2.340715860461694,-0.37268101974233725,0.733958100713,-2.592513572724603,-0.43950383176849644,0.35466452616445715,-1.327450864106906,-0.16431944384672614,0.48671387417766276,-1.5737616857950807,-0.40851392971895806,0.2647008077976615,-1.130343791466816,-0.44394981883644613,0.1351570048538292,-0.8693805509139967,-0.41205782153838266,0.5315664562875806,-1.0262529814186276,-0.20000461917617565,0.6126559797248984,-1.1661584249901185,-0.4384894603358752,0.35039219092805574,-0.7789666664661787,-0.3631234749093003,0.21499085092339346,-0.6277101116327537,-0.2546794850542029,0.666948981416909,-0.6947546620675026,-0.2514578599707008,0.7624317927075351,-0.8726127748829487,-0.3935483563402091,0.5211213669089664,-0.6395642090668191,-0.3199375873085166,0.3855465441837895,-0.5331126406913526,-0.23589415822438387,3.105499041875579,2.7393381439817746,2.508116501684542,2.33713769692501,2.708029051324667,0.9999999966910748,1.000000001597114,1.857738651800389e-08,-2.4739766124604046e-08,1.7957795694911738e-08,0.40000001920353684,0.006378803163428439,-0.014143917578733328,4.251241637423598e-08
1,0.0,0.0,0.0,-0.2728112189986384,-0.4542538921912812,-0.17696203550828493,-0.3883275114585321,-1.1222301978695224,-0.2805599572730766,-0.4932675081481028,-1.6127356952596477,-0.3882722819803146,-0.651610086956125,-1.924267058177,-0.4987672694664737,0.20571455429731456,-1.495328678266097,-0.14990775319941024,0.49984488599583826,-2.028871062962168,-0.27840099217478326,0.6720865789445245,-2.312654316446305,-0.34875949126115474,0.8298977258027014,-2.5538927045170587,-0.4103358081545523,0.39805461405574855,-1.274482959159203,-0.16531982505267895,0.5006455825687331,-1.5716369138335062,-0.4224416054768059,0.27276053962458957,-1.1379840396282586,-0.4666877949835868,0.1324298800065734,-0.8147459774779882,-0.430762310627531,0.5578714577312638,-0.9757183790146735,-0.20416151885285452,0.6024289445922516,-1.1728911341912154,-0.44532385284069165,0.3483257385875458,-0.7767915113538495,-0.3869836987963303,0.22033482159079504,-0.5514386928239341,-0.2845417772980248,0.6878937731127114,-0.6263403275442544,-0.261094651317805,0.7577510264236945,-0.8598355649493971,-0.4091440339940172,0.5190475099920002,-0.6334541989306242,-0.3517557985449502,0.3888586821882169,-0.4724880389785618,-0.27602695551830714,3.0702099870937234,2.763041960688249,2.578581578143217,2.4058258574465086,2.578186745029325,0.9999999966910748,1.000000001597114,1.857738651800389e-08,-2.4739766124604046e-08,1.7957795694911738e-08,0.40000001920353684,-0.007732549854940252,0.013363414632439452,2.1839126792428184e-09
1,0.0,0.0,0.0,-0.2642238919988268,-0.4665822713648621,-0.1857730750931205,-0.3805683952628835,-1.115350272389085,-0.29688769941803395,-0.4869106326154338,-1.592668873177301,-0.40909698517421494,-0.6344224070975624,-1.9012403510019427,-0.5227400685793275,0.2004922378966776,-1.4851440147837311,-0.16070359748462923,0.4920355917209352,-1.9952846496872048,-0.29027266245463024,0.6631389692445624,-2.272185041501875,-0.36431119419512215,0.8184525847176582,-2.5151903919952607,-0.428411700485581,0.39172680523872666,-1.2588510489730362,-0.17202469348948043,0.49883520790794267,-1.5327417867361115,-0.4224415084528269,0.2812055891646053,-1.1222561578997505,-0.46713495048885195,0.13689527659242995,-0.8254826823627357,-0.4356606046592261,0.5484171542081638,-0.9603505137735677,-0.2072268720947432,0.5942699206796503,-1.1452624823207427,-0.4435529370408548,0.3442383945673311,-0.7622749865587817,-0.3867186253840822,0.20994085055986325,-0.551279386873271,-0.28778255714037543,0.6791381594463265,-0.6128890529833432,-0.26105039852697587,0.7441402496808506,-0.8359156235476501,-0.40506230690956696,0.5097545033259185,-0.6168048409674456,-0.3479607164270425,0.3768021778050643,-0.46915959847770905,-0.27400954609902217,3.0701456029885574,2.7462174463252054,2.562481635079198,2.399333946270895,2.5681891618746993,0.9999999966910748,1.000000001597114,1.857738651800389e-08,-2.4739766124604046e-08,1.7957795694911738e-08,0.40000001920353684,-0.0075460739428571885,0.016071650246194454,2.3758337876890586e-09
1,0.0,0.0,0.0,-0.26386790764700485,-0.4676649626936308,-0.1904187804834804,-0.38134099894504864,-1.1216172275574943,-0.30026838101529657,-0.49105233165356993,-1.600492220831453,-0.4110060684108854,-0.639525362416627,-1.9101983006483778,-0.5226963133419479,0.20055373011380198,-1.4959549902571143,-0.1596655790214101,0.495432441711061,-2.018006807824722,-0.28904953543376044,0.6712338663650346,-2.2979380808150838,-0.3627824260808206,0.8310699640534118,-2.5416462200752417,-0.42647192499068,0.392463837891638,-1.2684034052688564,-0.16883004153896036,0.5015581795803024,-1.537464133407938,-0.42557099749093963,0.2833370850531784,-1.1213243011302574,-0.4723458872926779,0.13602797809273748,-0.8168459098024747,-0.4401513055214987,0.5496723770149149,-0.9697734713804077,-0.20261359047983205,0.6005480544487942,-1.1480091844640965,-0.44597515473247856,0.3471778912142818,-0.7643491676177938,-0.3910535558968041,0.20720049086243894,-0.5516561484752194,-0.2907770613357952,0.6812959371365175,-0.6243300402118941,-0.2553567850844274,0.7584621109155812,-0.8408353908549844,-0.40568302646790755,0.5194574607035084,-0.6232456016712111,-0.3509616055657523,0.3777555580645924,-0.4779052555758095,-0.2770080124698948,3.067315085080106,2.750774387862513,2.5392375227856085,2.3769950963671267,2.6037502387412363,0.9999999966910748,1.000000001597114,1.857738651800389e-08,-2.4739766124604046e-08,1.7957795694911738e-08,0.40000001920353684,-0.006541901128409023,0.016379125073624632,2.565793746541018e-10
1,0.0,0.0,0.0,-0.27923569185519015,-0.4893031208331944,-0.17827425956635853,-0.3987995441169994,-1.1461479796342624,-0.2846516672173395,-0.5165997242889214,-1.6235581978374494,-0.3931447879427311,-0.6671763423542275,-1.941360041534004,-0.5031380602979718,0.18585444269318263,-1.525866408759074,-0.15636636052569372,0.4826372014010029,-2.060980808981279,-0.2846016059073052,0.6574438670935808,-2.3487936995386143,-0.35828683550806617,0.8200989578449902,-2.5980058135956954,-0.4222685390069648,0.3781757723171992,-1.3021798036909664,-0.16979741189531694,0.49404864002862525,-1.5601071259300856,-0.42305016898033887,0.27632719677200507,-1.1389262702870055,-0.4690434328414159,0.1289242868752442,-0.837939149217189,-0.43731046265991513,0.53742063553501,-1.000563026005525,-0.20569932872780664,0.593981979531586,-1.1715334556807064,-0.4441439180355786,0.34279804971410976,-0.777282775187719,-0.3873777954667122,0.2003810823578569,-0.5641942839499601,-0.2875617242589168,0.6680643949317545,-0.6558828409675033,-0.2593329775606592,0.7452815320136554,-0.8614259344449967,-0.41133712981656156,0.5077810770732238,-0.6372159694895541,-0.3566082138033242,0.36515173158515984,-0.49300074196889465,-0.2818331336205466,3.056791781919523,2.7469405869425483,2.5232486597758466,2.3837840441701297,2.6268892295740227,0.9999999966910748,1.000000001597114,1.857738651800389e-08,-2.4739766124604046e-08,1.7957795694911738e-08,0.40000001920353684,-0.004860129261767347,0.01655957399946743,-2.2300083976441972e-09
1,0.0,0.0,0.0,-0.2609772313599749,-0.4531874245741687,-0.1808414773520897,-0.3726196303864352,-1.0877572805387232,-0.2901611040494456,-0.47825363334385657,-1.5513712036894542,-0.4017448470716831,-0.624194821559146,-1.8700868119362755,-0.513626579472345,0.20142700849206538,-1.4719023727182554,-0.16191519502641843,0.49436664286066506,-1.9829318470247663,-0.2908974795125784,0.6687287388018125,-2.2563485624630624,-0.3622981779379342,0.8261969241497804,-2.4873497544587764,-0.4229825285384903,0.39279421720729085,-1.2407125193405013,-0.17388687714279302,0.508686206710602,-1.4809686053650097,-0.4265192128377865,0.28555809654477493,-1.0812836885446073,-0.4731829089771046,0.13525340070901026,-0.792974298389209,-0.44318264983172734,0.547863668974651,-0.9393584123390163,-0.2085976460188369,0.601462714960089,-1.0895881683345632,-0.44529994828301694,0.34965190378041483,-0.7332888966838,-0.39490506253834695,0.2027996020605496,-0.5362285483192987,-0.3008516677917154,0.6750959460233247,-0.5968251241266728,-0.26130196268511147,0.7521114902815546,-0.7763101454060171,-0.4086720885852767,0.5184584296956878,-0.5892580177397289,-0.3595682957745896,0.36643031620532723,-0.4707922322053422,-0.2904044349866287,3.0623054440405864,2.74757643925008,2.5037787144857493,2.3401231789561927,2.607833656782553,0.9999999966910748,1.000000001597114,1.857738651800389e-08,-2.4739766124604046e-08,1.7957795694911738e-08,0.40000001920353684,-0.0034216578261898013,0.01597220434846855,-2.8551525584254454e-09
1,0.0,0.0,0.0,-0.28100280133142697,-0.48570210869108243,-0.1628797830408261,-0.4156582227874629,-1.1273665692737207,-0.2585295412897394,-0.4965994402869825,-1.6021860653209297,-0.36180836185779086,-0.6202041885783233,-1.940608305678494,-0.46355523011142236,0.16462931788651367,-1.5538758057267477,-0.10372195826712638,0.39918007246868414,-2.0624768862543186,-0.21069010408126299,0.5283196506965646,-2.3258297666336953,-0.2727966645404539,0.6439443428972675,-2.5423023846447923,-0.325844683605667,0.3790603670897958,-1.3427919211100934,-0.12442046163674578,0.5056084319327248,-1.6352715485112594,-0.3610817685892448,0.32150869233627527,-1.2579543590586049,-0.42236414683919554,0.16645164843650018,-0.951288808273263,-0.40466870996417137,0.5515027643329103,-1.0556191241676907,-0.16685002815911704,0.6378694975515652,-1.2591477629373728,-0.4032329055403093,0.4287662741582303,-0.8942275046092606,-0.37281050865272886,0.27537695037917015,-0.645903971791661,-0.2894041842843348,0.6968527878795081,-0.7157839519577489,-0.2234730607459557,0.8032699875504328,-0.9385857674094773,-0.36254321839066866,0.6152120732465203,-0.7423117142442299,-0.3179021102508073,0.4664815163275818,-0.5821240919645478,-0.2526502879866828,3.065422775393902,2.795547930556157,2.5783541417321256,2.4585301843303533,2.7202117730506234,0.9999999966910748,1.000000001597114,1.857738651800389e-08,-2.4739766124604046e-08,1.7957795694911738e-08,0.40000001920353684,-0.00270799815674029,-0.019399889050571113,-7.877144531852239e-09
1,0.0,0.0,0.0,-0.27958779028385505,-0.45979605211911145,-0.15719521025342348,-0.4282883787529766,-1.1123938899232901,-0.24190300801947684,-0.5165990099462918,-1.591579195990136,-0.33434441967304185,-0.6401973488341569,-1.9154170991600223,-0.4259728256285202,0.13508239452083892,-1.5285143869577729,-0.10043616913661124,0.36469887682024366,-2.0405046910222664,-0.20826680011628335,0.4952420949072428,-2.299882124042333,-0.2660710541832396,0.6173089916714971,-2.5210140446356726,-0.31513980877651926,0.3547573315282515,-1.3214497621057406,-0.12108362491629904,0.47775233867267464,-1.6291154877707457,-0.3634378794906834,0.28758212554774226,-1.2377840192989948,-0.41704174348375783,0.14277165294764538,-0.9314567425487337,-0.3897984244373499,0.5364400906518981,-1.0414968756302423,-0.16319827296988182,0.6121280469504602,-1.255965003239045,-0.40428323028779944,0.3950191361950421,-0.8825435023732238,-0.36555540093886907,0.251417728419224,-0.6330717260342418,-0.27217527256216917,0.6930026050550249,-0.707079886105144,-0.21863233602057805,0.8002223744817131,-0.9440521029424653,-0.35940825893072004,0.608796078409656,-0.7457954273407169,-0.3096037045896225,0.4676814572718631,-0.5876687065893711,-0.2381356286488026,3.067444563036479,2.7884402033118385,2.587617385156758,2.4554545675982906,2.712162752411096,0.9999999966910748,1.000000001597114,1.857738651800389e-08,-2.4739766124604046e-08,1.7957795694911738e-08,0.40000001920353684,-0.003703580873492331,-0.020579006753333542,-6.8464623206632e-09
1,0.0,0.0,0.0,-0.301498624322609,-0.46757732567977384,-0.16692139421659952,-0.4606736376190528,-1.1078101512317102,-0.26133751545901673,-0.559527489803432,-1.5969748365357432,-0.3637343923001627,-0.6840688952222747,-1.938574449610138,-0.46636317176055214,0.13325758109138783,-1.5365206096858066,-0.09499502555810391,0.35242625131279903,-2.048523203381211,-0.20666740877961576,0.47783788093294505,-2.3332713213819836,-0.2741345614887,0.597526433216653,-2.5783735079763943,-0.331630449244417,0.3547854613308419,-1.3396406082761998,-0.11648773349280397,0.47661719274863523,-1.6903377776266506,-0.3664042324104918,0.2832952279162303,-1.2954312566671424,-0.4314142420712527,0.13207957888590172,-0.9600233955310096,-0.4090497459365666,0.5422696410599999,-1.0637638573455412,-0.16068417604108465,0.6224244645122874,-1.3087079476959933,-0.4089736969664586,0.39367625779494303,-0.9236791134199264,-0.37555944217030257,0.24085511558318665,-0.6525825254807309,-0.2825476322412234,0.7078329707094345,-0.7276163090459141,-0.21964319848064212,0.8122761434056407,-1.0055273639627524,-0.36856716285743485,0.6080067659889623,-0.7963115572894863,-0.3203783047169151,0.4568197894927036,-0.6139898327958846,-0.24810821303414227,3.0672340472910444,2.798340517175475,2.62815477353725,2.4942546104872294,2.679906840590662,0.9999999966910748,1.000000001597114,1.857738651800389e-08,-2.4739766124604046e-08,1.7957795694911738e-08,0.40000001920353684,-0.005500429278914196,-0.025668450653282205,-5.882826770030047e-09
1,0.0,0.0,0.0,-0.32097884158549156,-0.47963050531590123,-0.16197821713413746,-0.48617560409224775,-1.1318197719397218,-0.255231617640843,-0.5872658903410133,-1.637268057187436,-0.35925087157936275,-0.7145543199328274,-1.9930180328559686,-0.46618161891715304,0.09727070556466508,-1.5708162835972128,-0.09024836896094837,0.30972474205322736,-2.1041074130315853,-0.20753892698116455,0.43540244208133666,-2.4051859991330993,-0.28065593470160766,0.558478432083231,-2.6706779605299378,-0.3437901880394263,0.32363015791127125,-1.385555626050361,-0.11713650718035376,0.4461066242875431,-1.7650426723168733,-0.3682085776457088,0.2583266795134075,-1.3434686701549103,-0.4364413871056294,0.11161462594681659,-1.0029892922912995,-0.41720944253143677,0.5210841568091912,-1.1148268019696594,-0.16616920932219637,0.6102322310441017,-1.3881261346522993,-0.4177610220981551,0.3806272331856316,-0.9655748001011647,-0.37999791606203476,0.22970465498679427,-0.6891862779936173,-0.2841066240329521,0.6983573752271343,-0.7838813068920197,-0.22963375422803828,0.805820054303579,-1.0913945330016517,-0.3827784553876821,0.60014510199011,-0.8558914612445138,-0.32927680115055125,0.45629801540889786,-0.6630644286839528,-0.253447556011596,3.0624418166727883,2.7957608648555854,2.655599600242679,2.546919561756404,2.7094557382127222,0.9999999966910748,1.000000001597114,1.857738651800389e-08,-2.4739766124604046e-08,1.7957795694911738e-08,0.40000001920353684,-0.006106495636528147,-0.028770261365265528,-8.886364466558748e-09
1,0.0,0.0,0.0,-0.34353116269265677,-0.4903671017802168,-0.16838240988446815,-0.5240049267209722,-1.155341041865229,-0.26416387836679506,-0.6226020390875113,-1.6767252358094131,-0.3684780299830531,-0.7305894240669005,-2.057002090246737,-0.47512123408001167,0.06174425349678675,-1.596840393771039,-0.10005656290247184,0.27467167752102806,-2.153260269659466,-0.21671552248259468,0.40429589137090066,-2.4626627301581103,-0.28584685594107084,0.5310142219845897,-2.734821888916486,-0.3462217321367498,0.29082522102766145,-1.4256211470282267,-0.12555525027701722,0.4168605265347015,-1.8589808048872074,-0.3747846397877308,0.23993909319708018,-1.4346882147689972,-0.4400847232726811,0.10011310651012631,-1.06900000903219,-0.41806834206982635,0.494794308738208,-1.1580014281341122,-0.1739644356494479,0.5980972197786457,-1.4464981883279653,-0.4307882113745955,0.3690961668165411,-1.00191402410191,-0.3983938721056236,0.21876925988933352,-0.709291658128969,-0.3052142823152314,0.6819681873851333,-0.8244188460752768,-0.23675772890133343,0.7986332531696149,-1.1455217405057314,-0.4033140131507654,0.5785286478139146,-0.8975476041485646,-0.357637891343454,0.42198072000830156,-0.6951244507965744,-0.2859104251071876,3.046366220928043,2.7922704143463855,2.7160024899864776,2.5787606512263945,2.7422301703066245,0.9999999966910748,1.000000001597114,1.857738651800389e-08,-2.4739766124604046e-08,1.7957795694911738e-08,0.40000001920353684,-0.006938702253351732,-0.03017488631218771,-8.545445524480866e-09
1,0.0,0.0,0.0,-0.3422150737324089,-0.4862320349869945,-0.18355491882720695,-0.522759424721923,-1.1560510746936226,-0.28015368862879364,-0.6231697628924227,-1.6853534828488317,-0.383031550839947,-0.7281774463236501,-2.0653958718488634,-0.4847416392028293,0.08221840798370278,-1.615963958097013,-0.09762229579261952,0.3030825331013774,-2.196297632251439,-0.20973526394498043,0.42712378164377446,-2.5002997502357713,-0.27842531532186177,0.5497652973253819,-2.7564369025823043,-0.3378487797727589,0.3068435788715558,-1.4247453239980368,-0.11021849863422364,0.4404471356545707,-1.830881963576752,-0.35407828671249814,0.25578138466950334,-1.4121781554228283,-0.4197177587603108,0.11047060517343071,-1.0494606524317922,-0.4019980661590834,0.5056548894913006,-1.153961774576704,-0.1481495232592814,0.6232046304788577,-1.4478003264848467,-0.40079167285962614,0.3806413952575114,-1.0251705640067523,-0.3693670343744372,0.21760165756591376,-0.7355594225014607,-0.27993303893405447,0.6904889061149279,-0.8291748202030023,-0.20236004564382723,0.821185060171037,-1.1401201433880623,-0.37072384396727776,0.5918561115648225,-0.8923649786856658,-0.3306350502301488,0.42533474517633235,-0.6788493456661235,-0.2635191494838298,3.05144620286986,2.809404593209083,2.6875817694643738,2.5841746516180173,2.747509984560403,0.9999999966910748,1.000000001597114,1.857738651800389e-08,-2.4739766124604046e-08,1.7957795694911738e-08,0.40000001920353684,-0.007005062285165881,-0.030536440270495357,-1.0518043675527815e-08
1,0.0,0.0,0.0,-0.34673868251130363,-0.5115807153223493,-0.17807219964015514,-0.5167336053550811,-1.1717371981854874,-0.27786246216170685,-0.59847291421477,-1.7021515098960962,-0.38463699576340304,-0.7126573791059211,-2.09138011624478,-0.49202049921756036,0.06294208594183064,-1.61304856619132,-0.09886729074699416,0.2684236718163462,-2.1762478653596116,-0.22103415683137972,0.39773749576712597,-2.487556406368881,-0.29812034659803627,0.5276621211542261,-2.76299521879327,-0.36371834408354126,0.2913115076967032,-1.4409481233932062,-0.12081009910648949,0.4262725663471143,-1.8703376075603484,-0.3780958256313321,0.2540052803924446,-1.4544822157512656,-0.4537495035096307,0.11075538545370525,-1.094880700299577,-0.43735229304793927,0.49479899116724185,-1.1737362230159187,-0.1663278356170787,0.6065069314365392,-1.472329543487215,-0.4295789229403162,0.37245951170711994,-1.0345863068671741,-0.3997710108563695,0.2065813225833159,-0.7331369726034032,-0.30500173806739317,0.679398208550774,-0.8362302793295001,-0.2274568559081501,0.7986778999112405,-1.1572501535258914,-0.4026009078415761,0.5775926340229043,-0.9207022753635278,-0.3599040027387647,0.40743448156089174,-0.714884223199029,-0.28614308984313436,3.0313885262648155,2.803431515639294,2.693164819611415,2.5799899061975773,2.7366979011402623,0.9999999966910748,1.000000001597114,1.857738651800389e-08,-2.4739766124604046e-08,1.7957795694911738e-08,0.40000001920353684,-0.006223181662203688,-0.029573362010358588,-4.18867252516468e-09
1,0.0,0.0,0.0,-0.34951556883110435,-0.4860627241390113,-0.17628161745735385,-0.526578209365054,-1.1567673971304353,-0.2713609045868468,-0.610170751003646,-1.6891155142982766,-0.374433398139977,-0.7099942047504155,-2.0811178819434675,-0.47913793830923757,0.052592064820396536,-1.5893454840618042,-0.0989470989363791,0.26443767380167377,-2.1587092415534492,-0.21778657479100594,0.3931373552899069,-2.4693948844579237,-0.2871875759837887,0.5210833535475632,-2.7418045863498346,-0.34713951906436463,0.2834971157233029,-1.4153176583538458,-0.12122851633606288,0.4172197022137025,-1.8647662292452676,-0.3768424892753004,0.24122587178111385,-1.4438501601957405,-0.44621028865806744,0.09994896215401042,-1.0766990259203157,-0.42497632425108234,0.48750402481914523,-1.1495628339856627,-0.16743484236341527,0.5965487227147265,-1.4510582744373903,-0.4323745317689154,0.3693153682154759,-1.0102646331636045,-0.4030284938269693,0.21844466542210156,-0.7162307648776498,-0.3086916829126034,0.6764563161419036,-0.8185923677910082,-0.22830325962017026,0.7966649656206389,-1.1522211801719007,-0.39956092773051555,0.5823332517784395,-0.9078263028055288,-0.3560907633745428,0.4275892322997743,-0.7032489820949778,-0.2846932619273281,3.0276458326049838,2.7955875176487757,2.7173197328098855,2.5821723869494932,2.7387981634437155,0.9999999966910748,1.000000001597114,1.857738651800389e-08,-2.4739766124604046e-08,1.7957795694911738e-08,0.40000001920353684,-0.00458635173893032,-0.026282391315488735,-4.927487054960757e-09
1,0.0,0.0,0.0,-0.3514238386898505,-0.5075791561562976,-0.17418803460723778,-0.5265068212453904,-1.1738788098521813,-0.2672151928171831,-0.6100528249412019,-1.7041508676697248,-0.3687078020727843,-0.7175900961456481,-2.0917678475192614,-0.47185162879631026,0.057351714851928255,-1.6097828169445378,-0.08734914074774278,0.2677532216568659,-2.171924562910675,-0.20529885818318283,0.40035605029215626,-2.4847086081092886,-0.279906190762691,0.5334646595610519,-2.7607211808490684,-0.3439876976286023,0.2867384787522717,-1.4379420171408306,-0.1096400293196593,0.41935338883502116,-1.8792518364118973,-0.36363651668290686,0.2457528787630687,-1.4601777791660706,-0.43804058000930507,0.10523490639064703,-1.088683491323321,-0.4198943139971648,0.49227475635327794,-1.1723029599528751,-0.15586497222608192,0.599139460993539,-1.462991270991967,-0.4186574186847435,0.3657730186611594,-1.0189849090420418,-0.3926445278162075,0.20971086758064883,-0.7167722233920897,-0.2995127194877672,0.6820773114824384,-0.8398107303124894,-0.21719873228725606,0.7989336254747678,-1.163154952841303,-0.3895950272644409,0.5788237929660724,-0.917945615302195,-0.34780344171731525,0.4221239572687644,-0.7063564733052028,-0.27555024264872263,3.029131178980778,2.7925860783805727,2.7030775481132885,2.5585303294983106,2.7283902347245137,0.9999999966910748,1.000000001597114,1.857738651800389e-08,-2.4739766124604046e-08,1.7957795694911738e-08,0.40000001920353684,-0.0028961301928192946,-0.0208427982109854,2.9191163274754495e-09
0,0.0,0.0,0.0,0.4227802896587138,0.1349904701758163,-0.20645588675885607,0.8066858396572482,0.20031731905421285,-0.3767992256964073,1.0312107406085131,0.2338615730283704,-0.5246416327901764,0.9047814800465671,0.2279809143142817,-0.6523084028954033,0.8501808177913047,-0.8978969030341457,-0.3977000745442395,0.8392834927469748,-0.11682719348444248,-0.6028699265742707,0.7043955400971152,0.004049214580509108,-0.7213969814450909,0.656057939307257,-0.19418366543265386,-0.8186696764031339,0.5033048429719779,-1.0306862606910574,-0.42390471362742566,0.5233916236707711,-0.06240023688061114,-0.6058719772079351,0.43889123157809534,-0.0017359338166509364,-0.6444612153587624,0.4316048103086805,-0.2398789025306075,-0.7045760730905457,0.16416079127569017,-0.9711601734348522,-0.46501466335387937,0.2096507731902288,-0.0686252395593473,-0.6152985643456267,0.1695808327594875,-0.061709111998737964,-0.6008847338352591,0.17540969233870302,-0.32406927474012315,-0.6130537402812364,-0.13825419402269717,-0.8294190197192768,-0.5330036830647422,-0.07417025003504717,-0.16319919010245154,-0.6546189810107388,-0.062040489857565675,-0.15131284609050233,-0.6836802336641481,-0.05266476627129617,-0.37795418203406705,-0.7149615876565877,2.9757366040801996,0.9278282615005498,0.7139340257558975,0.6419723247210356,0.747639056652919,0.9999999966910748,1.000000001597114,1.0000000043126425,0.9999999949426772,1.0000000089219574,0.9999999942784215,-0.0011027372417036251,0.015413955637003245,-2.102765963000694e-09
0,0.0,0.0,0.0,0.4034768255817501,0.13812476089867673,-0.22835123538022256,0.7956934125538948,0.21424816208126046,-0.39720383329426706,0.9877645409305369,0.2853141098707418,-0.5358958228744443,0.7972194648290076,0.3113519259919608,-0.6556027533112817,0.786129349473257,-0.8054247571437068,-0.44526332341189,0.7267503222418363,0.012893186381839339,-0.6343073839110968,0.6249053538946812,0.09579713722755989,-0.7291547701040827,0.6085311808932308,-0.10713813371785963,-0.8138254257534785,0.4299214900932022,-0.9431711432172721,-0.45890388018551886,0.41860798352482553,0.04691854027039599,-0.6270362737616884,0.36782418355635693,0.06237532205741969,-0.6417748945833806,0.39168578195655684,-0.19671958128032097,-0.6868429193598263,0.09119231281782361,-0.8935978994641709,-0.4863460584847073,0.11552347149895204,0.024384661474548985,-0.621087132452176,0.10582389653068314,-0.011497078506609637,-0.5852686754149574,0.1375893535117066,-0.2889937387604127,-0.5841382118994817,-0.2078700305116553,-0.7594316602078308,-0.5445091016251511,-0.15296720865765318,-0.080844906297178,-0.6588466203435044,-0.12290181120833112,-0.0987892534241046,-0.6780557001609651,-0.10497597940721136,-0.3304658493797745,-0.7035056869878158,2.899746402123536,0.9147865520139353,0.71249009613061,0.6537700799790529,0.7913884249615639,0.9999999966910748,1.000000001597114,1.0000000043126425,0.9999999949426772,1.0000000089219574,0.9999999942784215,-0.0004494223685765728,0.016186270243286848,-1.1388271179145187e-09
0,0.0,0.0,0.0,0.4067004804291577,0.11526929325148302,-0.2557770892319722,0.7823613453755199,0.1871127125925029,-0.44140803833923287,0.9550712813280722,0.3001321743102874,-0.5915940441116798,0.7712355814631864,0.37015780340802373,-0.7236263761125292,0.6491520539499853,-0.7453920416550648,-0.48733549791588066,0.7018035322655658,0.06344155631440018,-0.6851182569608498,0.6467719982801593,0.11827114239067504,-0.7841604299630676,0.5793862714249562,-0.08367243887344022,-0.8661907992430161,0.2911104795034584,-0.7917682925190188,-0.48554533174849857,0.38779355351628697,0.17664433529353074,-0.6604259506591934,0.3693203572841713,0.15444182773020798,-0.6808279158345258,0.3463235041096657,-0.1085004385124344,-0.7294504644825773,-0.03499214673995328,-0.6717854063258974,-0.49868637420849155,0.08348686942049079,0.1997186367823024,-0.6374009227118151,0.10397431113672824,0.13976074300064234,-0.6026599403383592,0.10306975865895021,-0.13219125385437913,-0.5986403794847542,-0.31582570649455494,-0.4892773430187346,-0.5441092789496416,-0.18179526446979016,0.14713858367094534,-0.6657820952752035,-0.14278504992064117,0.08490746494493417,-0.6849539225200072,-0.15990628479824814,-0.15693625966367886,-0.707268528658878,2.7640826731392885,1.0313008566583617,0.8241232179778215,0.7981824528009345,0.9941526304852861,0.9999999966910748,1.000000001597114,1.0000000043126425,0.9999999949426772,1.0000000089219574,0.9999999942784215,0.004376333809206415,-0.014494371964356226,9.714961376414497e-09
0,0.0,0.0,0.0,0.5865869875614619,-0.0497250455204217,-0.26122507597110467,1.0536928596193809,-0.1549092906578594,-0.45783979070819736,1.1663045994708916,-0.1010273850003871,-0.6120111980800923,0.8256064237468902,0.002213663679319633,-0.7287956517312427,0.7366008664083785,-1.0928157519946287,-0.5471616452167382,0.8745061316961011,-0.3199610550818691,-0.7568303277044471,0.7575893464013973,-0.08170430536371387,-0.8029889461183695,0.6385514972563038,-0.22126972651986443,-0.8323139586476659,0.36592300669573957,-1.1056530475342115,-0.5369706165514085,0.5320389800780734,-0.17821827841090276,-0.7310907267175645,0.48157171942610044,-0.01608604853789042,-0.6973616438015122,0.4365125326119762,-0.23506901417206372,-0.6894928255946305,0.059101029652046826,-0.9415547225939959,-0.5414614098303908,0.245613392326437,-0.03500725265959259,-0.7017021151286781,0.2478930509574202,0.03800662817238898,-0.6348322625042592,0.21910833854903922,-0.2187973584925902,-0.5952942952847726,-0.1825898259582438,-0.7001098395675703,-0.5766646803272677,0.007597348592723846,-0.01305038688627902,-0.699141012879839,0.039157839791442134,0.04267605170470379,-0.7046457048772286,-0.01037201810324688,-0.15542499665234122,-0.7108097084420526,2.422348502939014,0.9981592311889724,0.799019681115996,0.7381646320110073,0.8431748575089719,0.9999999966910748,1.000000001597114,1.0000000043126425,0.9999999949426772,1.0000000089219574,0.9999999942784215,-0.004608493716285315,0.018800265681777336,2.407971777361656e-08
0,0.0,0.0,0.0,0.6475272735003138,-0.044041471320231285,-0.2903015049281497,1.151684184263349,-0.19405525378961297,-0.4964352256639599,1.2220449929763935,-0.1582115875798643,-0.6500632783065116,0.8290265423880149,-0.021753225928872744,-0.7617742542551108,0.7400224773433804,-1.1400057080010846,-0.6034385147618218,0.897120895686899,-0.32682824107649644,-0.8170656790114634,0.7918299517841866,-0.04968852221396847,-0.8560395131231113,0.6758120192612482,-0.21385707738037474,-0.8832792730069079,0.3673566011542152,-1.153872250371028,-0.5764815371236601,0.5564091199025509,-0.1726547296127956,-0.7685341236724181,0.5219380242475451,0.023420839076023325,-0.7303590152300763,0.47899664902626055,-0.23831054403580731,-0.7292498917685355,0.06406291351671342,-0.9846242073013354,-0.563036617707276,0.2703875152147299,-0.016877988929146825,-0.7223473820475146,0.283275793748709,0.08921843735222856,-0.6628249286293897,0.25844678632512463,-0.20099379791280736,-0.6372866081352576,-0.17145751153913952,-0.7291959525457102,-0.5824674948698055,0.02323673801054306,0.022451934630237314,-0.7036866511814023,0.06121866638181881,0.10192412320244959,-0.7201176996633696,0.011313383524089088,-0.11012139375279384,-0.7438750206965516,2.256108996881102,1.0050037165615033,0.7987315394552532,0.7280172935119573,0.8160567008881747,0.9999999966910748,1.000000001597114,1.0000000043126425,0.9999999949426772,1.0000000089219574,0.9999999942784215,-0.005911707675114976,0.02260653101613318,3.133470769987849e-08
0,0.0,0.0,0.0,0.4776672647202391,0.02526016512548221,-0.21487787315785337,0.8862141239979109,0.02409485716161014,-0.38463780323539276,0.9731430783441763,0.21760203778259202,-0.5208868392813504,0.6779819033235,0.42798639491970936,-0.6391854885157995,0.5736823969179381,-0.7651305896084164,-0.5299268309851686,0.6650060787615397,0.018114704108896484,-0.7031912840489525,0.5760891193976893,0.22670769504470645,-0.7626162093500465,0.47387403977805354,0.05127349058987152,-0.8162494917594523,0.19769242173419402,-0.7698198410343363,-0.5414250426941741,0.3263141579691703,0.15647349803868416,-0.6852950399345883,0.31209705379643243,0.2577142014176934,-0.6747656416835344,0.27897603010741834,0.006796599008016546,-0.7077873946435151,-0.10598708966426747,-0.5965827159314245,-0.5551138471736294,0.050803229674005274,0.26681607429294874,-0.6648055844238218,0.06432326881206649,0.3106782599227339,-0.6033893240218472,0.03681518880712347,0.056906423897758796,-0.5890528554943775,-0.34455311592316223,-0.37486776786608655,-0.5972953363246964,-0.18785584681672035,0.27603735431556653,-0.6922822577706017,-0.15713163081222403,0.30236310432771296,-0.6841377558527397,-0.20470994741164805,0.10668042437718284,-0.6951473362321734,2.122025954711844,1.029152236471149,0.8364377749528684,0.8660270900835869,1.098893442174935,-1.550000761074699e-08,1.000000001597114,1.0000000043126425,0.9999999949426772,1.0000000089219574,0.8000000117850957,-0.0029217648834684554,0.01804946536056452,2.8463569349051244e-08
0,0.0,0.0,0.0,0.5013354089507469,0.04328328437223111,-0.2404140076942837,0.9294807937651217,0.032970080960348536,-0.4216277889779384,1.0349769930662176,0.19436087354630238,-0.5660169136493342,0.7622199195905214,0.38001678156136176,-0.6882806985552326,0.6254929717239287,-0.7797412840746607,-0.5497810860993414,0.7284095584380463,-0.007281741655299934,-0.7304062135288184,0.6399752156008677,0.19256582445096004,-0.7867221133816856,0.5300739636371301,0.029491490468413817,-0.8358212093663997,0.25121513503140763,-0.7872734154544707,-0.5518519315323622,0.3712370948079541,0.14484507588195994,-0.712410855277488,0.3579638505191876,0.2312724499729535,-0.7058936276347288,0.3276738183029142,-0.011423457494249334,-0.7375857200524278,-0.05454842220838228,-0.6099066141977615,-0.559083514269658,0.09013809324777779,0.2648185663327197,-0.6796198502136152,0.10730415602240417,0.29375057773499436,-0.6223660102073231,0.08917564228287188,0.04275436165402913,-0.6088225825761016,-0.2916668665639943,-0.3840841300985994,-0.5974605074407304,-0.13692327908676755,0.2864607771742962,-0.7022987483041789,-0.09897241463380317,0.30245177410461743,-0.7035455747341054,-0.13352381793105728,0.10194921246803368,-0.7194486318231974,2.242015113475679,1.0694023268325454,0.8642564415808995,0.8777461474306321,1.1050292023996453,0.9999999966910748,1.000000001597114,1.0000000043126425,0.9999999949426772,1.0000000089219574,0.9999999942784215,-0.0021914491790833222,0.01891356562371382,2.8688752192981174e-08
0,0.0,0.0,0.0,0.48004989879278,0.05847790088992469,-0.2623122347704082,0.9268676431590506,0.04677992897797839,-0.44534105053769435,1.0606930896192706,0.15312131071404778,-0.5862181777014863,0.7413875020348833,0.26424682351355666,-0.6999644637566538,0.57001837291832,-0.8617984826489946,-0.5586517631494694,0.6903066402578035,-0.11347249551388616,-0.7604982957050055,0.6401819658652086,0.15593900055969856,-0.8413265940280372,0.5275489673572029,0.008395492220313772,-0.9034094798340807,0.19057090516545278,-0.8770575416048678,-0.5511017955214804,0.33513353098651777,0.09280433695713364,-0.7194453460179258,0.3643383947477941,0.24866094922078497,-0.7264790527171812,0.3252023760459985,0.009653644572464426,-0.7740322351775261,-0.11277854741314557,-0.6996337081880284,-0.5520098229697006,0.061534736274622866,0.21078952807439177,-0.6858377435273026,0.10247152479279648,0.2796480358927905,-0.6438174259620655,0.06530984413810956,0.007288435236286972,-0.6455871509737761,-0.34663800787819665,-0.4629797214464422,-0.584818653138704,-0.1753419421414414,0.24256387888641573,-0.6961459437509191,-0.1341761333792888,0.26979423682670245,-0.7074632027190467,-0.18667954942988685,0.046178558054939645,-0.7367322364668776,2.4788353399488106,1.0435268261544632,0.7996733872352988,0.8056173792898347,1.0107852599281655,0.9999999966910748,1.000000001597114,1.0000000043126425,0.9999999949426772,1.0000000089219574,0.9999999942784215,-0.0035383833920158425,0.017284975675289284,1.7193714547494896e-08
0,0.0,0.0,0.0,0.3746732086282929,0.09829598334648545,-0.23965282701298962,0.7477848838284,0.16319295866241118,-0.4057420795036216,0.9131026993795192,0.2478292461691124,-0.5355288379286071,0.6776003347663636,0.31719171944334335,-0.6481618878398286,0.5256324325669983,-0.7470951914428025,-0.4590313987502171,0.5638900091401311,0.08733885713042722,-0.6379276488858631,0.4960524839935208,0.1847820663662647,-0.7345324777667152,0.42556634473232463,-0.028615826323943105,-0.8171699568270487,0.15827584084444574,-0.7435458834952144,-0.45842981389267967,0.25691256394034334,0.24593803298961503,-0.6006451887323881,0.23597632567521964,0.23701012923098386,-0.6203797453845813,0.20608691726924255,-0.024689316205157352,-0.6783624298709804,-0.14506561003421015,-0.5783402077230853,-0.4692103820025436,-0.012426521451511977,0.32818662067496407,-0.5817387709469346,-0.015709362408242014,0.27846761309837487,-0.5462150573025354,-0.036737698309115725,0.01345890591617005,-0.5508276820312263,-0.3926228125001901,-0.35464403138140294,-0.5118460098589628,-0.24781114739652071,0.32041035023316145,-0.6069914098778398,-0.2432725361679674,0.2662501293251077,-0.6172946711845274,-0.2818222159670156,0.03816325755813077,-0.6419861906439505,2.814529412913016,0.9313277604880628,0.7459639594009224,0.7944589112625473,1.0672561441331838,0.9999999966910748,1.000000001597114,1.0000000043126425,0.9999999949426772,1.0000000089219574,0.9999999942784215,0.014776157326691334,-0.009864602310597662,-6.275927097495795e-10
0,0.0,0.0,0.0,-0.3719763454731712,0.13586645403553724,-0.35998576975919117,-0.6997776377128685,0.28316031002658065,-0.6539679776054717,-0.6341345650861768,0.5678367901005652,-0.8834663042260924,-0.3461634248304023,0.6904825181984069,-1.0711492339755868,-0.5373097419318009,-0.7718925506165351,-0.6706544395986307,-0.5860162410407064,0.19254706253276832,-0.927843604302076,-0.527640606644891,0.3936191132373177,-1.0653269485915524,-0.4700431517893986,0.24410366138102835,-1.1732883368599434,-0.1723601084253153,-0.7931956072123467,-0.6158703672314216,-0.24782574168981056,0.3262259030990071,-0.8216769706705837,-0.26543662266678564,0.38054575799478063,-0.8295235043218903,-0.25407537186696827,0.13311196210218545,-0.8616276876500759,0.15148506875110224,-0.6742486875672474,-0.577052823129414,0.0753214870617217,0.38013944497245344,-0.7522119914059822,-0.0064295421582323126,0.3771039807122375,-0.6484812476839362,-0.032567620375647345,0.08518559247203461,-0.5887510756044526,0.41337480518229686,-0.474912542213855,-0.5812016046693096,0.3113933825057912,0.28688953147535634,-0.7457755750691704,0.24056724145950892,0.28854045890408997,-0.7293085464173705,0.2349525875027907,0.020733524287555594,-0.7047222876160453,2.1053800780229945,1.078316946678227,0.8714438764916028,0.8709433635111674,1.0953415877533754,0.9999999966910748,1.000000001597114,1.0000000043126425,0.9999999949426772,1.0000000089219574,0.9999999942784215,-0.006614062409996531,-0.013624462805028253,-3.630869233460413e-08
0,0.0,0.0,0.0,-0.393939554997955,0.13112591928900377,-0.3243917496903056,-0.7445092991615618,0.24373443266929534,-0.579841972195078,-0.6894805819315617,0.3962263910750927,-0.7779163054040321,-0.3879376665812224,0.4554903193851363,-0.9308922310621653,-0.6934619031361957,-0.88811112660209,-0.5304228748289479,-0.7013018397578179,-0.0541219058904836,-0.7590723699166726,-0.6241297064697509,0.07454496708753244,-0.8882181682208705,-0.5656022643430643,-0.10093210258316998,-0.98863162015708,-0.3393992963518825,-0.9551766473691832,-0.4837706945128619,-0.35642806011172024,0.10370220042481026,-0.6535274293229377,-0.33403326771988107,0.14075646896948601,-0.6610372012059765,-0.3119677658848085,-0.11212466318737846,-0.6880765561184887,-0.008432229435324956,-0.8640633853775372,-0.45910125565279797,-0.029387770017099357,0.1435985127897651,-0.6155309607577557,-0.0625970878450088,0.13970430601656403,-0.5200395574575485,-0.07149110996446831,-0.14557101538671968,-0.45748848222453947,0.2834697659316639,-0.6817251501253125,-0.47556623808958165,0.22590291248985156,0.028907791845732667,-0.6263459302923731,0.18907011759569758,0.03824479917163326,-0.6092062009110575,0.19307093606069686,-0.21520529146379064,-0.5765961426057032,2.007140630426425,0.9642194709205707,0.6972559110094703,0.643032827057918,0.8359988431592535,-1.550000761074699e-08,1.000000001597114,1.0000000043126425,0.9999999949426772,1.0000000089219574,0.8000000117850957,0.008847428080420187,0.013536068697935846,4.081963049595112e-08
0,0.0,0.0,0.0,-0.393939554997955,0.13112591928900377,-0.3243917496903056,-0.7445092991615618,0.24373443266929534,-0.579841972195078,-0.6894805819315617,0.3962263910750927,-0.7779163054040321,-0.3879376665812224,0.4554903193851363,-0.9308922310621653,-0.6934619031361957,-0.88811112660209,-0.5304228748289479,-0.7013018397578179,-0.0541219058904836,-0.7590723699166726,-0.6241297064697509,0.07454496708753244,-0.8882181682208705,-0.5656022643430643,-0.10093210258316998,-0.98863162015708,-0.3393992963518825,-0.9551766473691832,-0.4837706945128619,-0.35642806011172024,0.10370220042481026,-0.6535274293229377,-0.33403326771988107,0.14075646896948601,-0.6610372012059765,-0.3119677658848085,-0.11212466318737846,-0.6880765561184887,-0.008432229435324956,-0.8640633853775372,-0.45910125565279797,-0.029387770017099357,0.1435985127897651,-0.6155309607577557,-0.0625970878450088,0.13970430601656403,-0.5200395574575485,-0.07149110996446831,-0.14557101538671968,-0.45748848222453947,0.2834697659316639,-0.6817251501253125,-0.47556623808958165,0.22590291248985156,0.028907791845732667,-0.6263459302923731,0.18907011759569758,0.03824479917163326,-0.6092062009110575,0.19307093606069686,-0.21520529146379064,-0.5765961426057032,2.007140630426425,0.9642194709205707,0.6972559110094703,0.643032827057918,0.8359988431592535,-1.550000761074699e-08,1.000000001597114,1.0000000043126425,0.9999999949426772,1.0000000089219574,0.8000000117850957,0.008455878698543888,0.014559050015459738,5.3758623688072505e-08
0,0.0,0.0,0.0,-0.41200580309121354,0.07989841504052944,-0.3270548253518871,-0.7559036682451176,0.09338150331669631,-0.5839433681399678,-0.6348891490172931,0.17569799341257397,-0.7855861114518443,-0.3260755659030765,0.22071195373507746,-0.9387381584703876,-0.6434140408043673,-1.123026250910934,-0.4801782329316817,-0.6214986763802384,-0.3507345218142681,-0.6953615559504134,-0.6199984044885885,-0.11787079613310802,-0.8157862956818052,-0.6064249965286068,-0.26413383069430174,-0.9163481692275127,-0.2846474203010651,-1.1904175292932084,-0.43802514308627716,-0.2856461114074448,-0.2277175443523638,-0.609809462538432,-0.3286156363119537,-0.0410345325019843,-0.6251208172405116,-0.3231881857849159,-0.2605377756653745,-0.6610357769237544,0.04460046867221616,-1.0900267399645815,-0.4209042147293344,0.03503578287146156,-0.16208792889326007,-0.5735037927309113,-0.050450895318037745,-0.03980455326364318,-0.5031611932005978,-0.08640020303323084,-0.2704791769453133,-0.4700634172527184,0.32875295332533194,-0.8915188832985916,-0.44418510779138853,0.2792228985148462,-0.2468505478956955,-0.5785971289465229,0.20850293687883004,-0.13924061809758725,-0.5696728826364872,0.18174530611370365,-0.33124598816055384,-0.5558595658090993,1.676530278244789,0.791515296189353,0.5697103492298254,0.5320535235338115,0.6965860760417331,-1.550000761074699e-08,1.000000001597114,1.0000000043126425,0.9999999949426772,1.0000000089219574,0.8000000117850957,0.007966048217199786,0.013909440417352176,4.4073358476219554e-08
0,0.0,0.0,0.0,-0.3859344688178414,-0.03136154218045803,-0.3060916391579445,-0.771791650796527,-0.11825968909816509,-0.5384380886888854,-0.7476203332729402,-0.12002467406178802,-0.7279857928288903,-0.3640617640312628,-0.1017605150163039,-0.8668960430274564,-0.6317658456892947,-1.3119850092215912,-0.4054497462675538,-0.6899773492196362,-0.6515622906946722,-0.6249464690829916,-0.6335129836279646,-0.2702151952656059,-0.7309439811749728,-0.5688316210804296,-0.34299696205423325,-0.8097837502607309,-0.27644260576273677,-1.3674842086263672,-0.37607151290302354,-0.32406205578920966,-0.49235309879488875,-0.5699351443431255,-0.34987372028042996,-0.1763893177669852,-0.5848156214748419,-0.3416056184660662,-0.32061268050686875,-0.5944405225187702,0.048437756134975134,-1.2570301128567105,-0.3765093380842304,-0.006307345023781774,-0.36831052029330424,-0.54226356744093,-0.09023861483407049,-0.12622462981309834,-0.4764182295246298,-0.126820121706124,-0.280074240983613,-0.4266745151791336,0.3345476964789673,-1.054863697658727,-0.4167101383619588,0.24315375841440107,-0.387614458478782,-0.5343018785324193,0.15561605832286177,-0.19249531711491807,-0.511310816675372,0.09894679507713394,-0.30517019058156736,-0.4783619602409866,1.979884151813925,0.7930761586983279,0.5426763521050664,0.47540958242579734,0.5588862405530992,-1.550000761074699e-08,1.000000001597114,1.0000000043126425,0.9999999949426772,1.0000000089219574,0.8000000117850957,0.004813512524759715,-0.014361543048024037,-3.983342570491166e-08
0,0.0,0.0,0.0,-0.34865024695707425,0.050672122764781724,-0.31893089546725667,-0.6965791812869752,0.051133244134002165,-0.5588165542465124,-0.6283194589095421,0.1659423826441,-0.7540315941044712,-0.2832973763154496,0.22338789513735113,-0.9113309837304215,-0.5208367461000162,-1.0230189563918328,-0.47829856980457197,-0.5703567577119977,-0.3674655661984296,-0.7216461789747796,-0.5421610565048184,-0.09014610852699478,-0.8605218376501621,-0.4842708236877487,-0.20791138632568051,-0.9614087283180002,-0.15479547778736497,-1.078672530261793,-0.4406514756591222,-0.21004834381503137,-0.15130457872235759,-0.6478373901572183,-0.2633265369664632,0.10438428519733556,-0.6836504310236791,-0.2543963951634302,-0.05536152561736163,-0.7155753336561553,0.1681343623102601,-0.9678850177012659,-0.4295232576837231,0.1186777348538074,-0.00928875138057672,-0.6127462338546651,-0.013704995871302347,0.2092656315111011,-0.5604268912221096,-0.06477049108034816,0.06753691604276346,-0.5192604066559539,0.44705402728426913,-0.772422910081056,-0.45857489206123586,0.36557809173048067,-0.08476656325808085,-0.5991524461257032,0.21791147510906397,0.10963755517608242,-0.589004517451032,0.12767192802624358,0.025488163104698924,-0.5638986227556461,1.8043265420695338,0.9195602144421395,0.635393540432788,0.6122353913205636,0.7818164046088507,-1.550000761074699e-08,1.000000001597114,1.0000000043126425,0.9999999949426772,1.0000000089219574,0.8000000117850957,0.007078654195703335,-0.013465185080614235,-4.783479074048112e-08
0,0.0,0.0,0.0,-0.34126119223280693,0.07413472419282266,-0.32705375468800324,-0.6727852043622626,0.12315693598670968,-0.578288503296668,-0.603066137323395,0.26895941216458374,-0.7824379757699849,-0.27173217204220645,0.3458704569771551,-0.948268710812692,-0.5111969617773082,-0.9294905120643012,-0.5224646266106814,-0.5403647023371343,-0.21955203220502495,-0.7721007533009905,-0.4794008181254474,0.09216781717679057,-0.9074141363539662,-0.4063776210943291,0.033880519441245927,-1.002509948547832,-0.1411176574275122,-0.9855592269657665,-0.48001526925589005,-0.18451833040957336,-0.05139075864464804,-0.6897280655354716,-0.22136429744802405,0.22573402573151213,-0.7175536104515444,-0.20941979680887676,0.11742173048411564,-0.7457519709628737,0.1831482668337564,-0.8801043074767758,-0.4617991472948826,0.1365936552443519,0.08123487514134198,-0.6495757053017299,0.016484870031114034,0.3102171344135153,-0.5939847833067534,-0.03222531526922074,0.19874057013757795,-0.550971686603686,0.45918614829879145,-0.691194656447156,-0.4828204532829856,0.38418516519864326,-0.010450654037153062,-0.6255273818077232,0.25677210424219526,0.17393315092872608,-0.6135435092379805,0.17959755627100793,0.09447204851796653,-0.5883203162876833,1.9006434397289294,0.9547773838010623,0.6945819919433942,0.6843485904979436,0.8641858925566923,-1.550000761074699e-08,1.000000001597114,1.0000000043126425,0.9999999949426772,1.0000000089219574,0.8000000117850957,0.00679369086567486,-0.013652221865876224,-4.817479580497975e-08
0,0.0,0.0,0.0,-0.41425423202051886,0.05703466654051123,-0.35921547170576124,-0.6981665594558648,0.029581900886054613,-0.6313147595444242,-0.572174449832898,0.07081366669935307,-0.8337063801801868,-0.3108713974553047,0.031605129603480164,-0.9820400510230601,-0.588205315638984,-1.1752890345309142,-0.5601760334332314,-0.6038333504515345,-0.35883335148571216,-0.7871058643158815,-0.5428756357833375,-0.1213933019883926,-0.9033809336792946,-0.4904956859819653,-0.23930720904213376,-1.0011875684148777,-0.23218860937730929,-1.2590483429154242,-0.4945828355547707,-0.2598293605723698,-0.3208834981697376,-0.6734645859949915,-0.2563478226199207,-0.13714320483793718,-0.6984742820063848,-0.22971898418336842,-0.33454563481552435,-0.7517834866190073,0.10066997260572659,-1.1706503636286154,-0.4511128965302632,0.08002724432560201,-0.26937473236324794,-0.621167417060567,0.040184944008620514,-0.15823890518745698,-0.5714247824461339,0.044878121475946595,-0.42334874319332405,-0.5601047873943711,0.3835877713200748,-0.9694737083104135,-0.4450314654451335,0.3456009686739591,-0.3470223448516595,-0.5990169045431111,0.29842309653142973,-0.24045342261120384,-0.6123877181184633,0.30776223923849877,-0.45563334532096195,-0.6215982441034894,1.762457203607056,0.8231809378104633,0.5945938365041679,0.556465658172103,0.7157068655646452,-1.550000761074699e-08,1.000000001597114,1.0000000043126425,0.9999999949426772,1.0000000089219574,0.8000000117850957,-0.0017532573739047117,0.017717532917161456,5.2039467009486644e-08
0,0.0,0.0,0.0,-0.4262356876271061,0.11442850905187327,-0.41875443227409725,-0.6637507211779878,0.14600303243895946,-0.7198737338996664,-0.45992443486687,0.23986429803538967,-0.9409792430985808,-0.1675319919169345,0.22340263888513423,-1.1059002616780804,-0.5258011121190767,-1.0622078133426107,-0.663214635277299,-0.4754332981859472,-0.29271731113018173,-0.8956486177994134,-0.4632573681095704,-0.12866686374704206,-0.9975830492710804,-0.4489809613121476,-0.2761198469990257,-1.0901945803634978,-0.15541343173477912,-1.1619559530164902,-0.5734858581975615,-0.11387815647706309,-0.21000794224903963,-0.7738350481703253,-0.17122857626814728,-0.04083292357874946,-0.7970820074099633,-0.1830214550164484,-0.2406038369400011,-0.8511111728533495,0.17642271335179172,-1.082513212344955,-0.5051880474366837,0.2070977661826192,-0.18185606204918214,-0.6940625331148598,0.10826538620945933,-0.07625687216566324,-0.6501628163693771,0.06969044385147634,-0.32363242511419854,-0.6448053703904395,0.443002876973988,-0.8973525102499437,-0.4781698018477763,0.4558988993442345,-0.27128129383976196,-0.6481829302118346,0.3754549164375886,-0.16938918086217136,-0.6769827592505505,0.3413693998742362,-0.3624182754568327,-0.701008851214613,1.7459993082268328,0.8885961249493544,0.6678937870275374,0.6661631881326775,0.8503242180641011,-1.550000761074699e-08,1.000000001597114,1.0000000043126425,0.9999999949426772,1.0000000089219574,0.8000000117850957,-0.0026789440034603886,0.018761657335930118,5.495324786807732e-08
0,0.0,0.0,0.0,-0.4214361219863339,0.10815401271127775,-0.40433854532658464,-0.6190220342342805,0.11671813592386743,-0.6871101424576076,-0.39754044655572485,0.1837567636903331,-0.8883435604618286,-0.1028240123108487,0.1425745819575398,-1.0351646080077623,-0.5368185385456073,-1.1089795847707895,-0.6445782390531067,-0.4393690261649382,-0.3661717881562485,-0.8633726482233428,-0.4444698636640029,-0.23236218420126598,-0.959346782931027,-0.43472481091294457,-0.3806584905129897,-1.0501844887012508,-0.16989255365541,-1.2164785859325538,-0.5527319353433422,-0.08303207377525365,-0.2898729595733045,-0.7473619002595798,-0.15154577207579176,-0.11117776958387537,-0.7656404906613548,-0.1730967169405655,-0.26299461499940513,-0.8167315673618969,0.16022019080933692,-1.1418600140097035,-0.48119973923541115,0.2281866287373989,-0.259828083443422,-0.6713746833691258,0.11451532030697806,-0.13819384146772862,-0.6377552740836078,0.06153671876882308,-0.3435698979890034,-0.6376714147823777,0.4314094641624664,-0.9553147506650488,-0.4472929543932865,0.4684690144564012,-0.3576461570592714,-0.6160757553137922,0.35881941180653815,-0.25273139132228317,-0.6530198422464132,0.2991596761689699,-0.43351140708027663,-0.6840653421225887,1.7007735807355195,0.8267007958741805,0.6305687782761324,0.6430395451722692,0.8281475048295983,-1.550000761074699e-08,1.000000001597114,1.0000000043126425,0.9999999949426772,1.0000000089219574,0.8000000117850957,-0.003388279095680214,0.01931104860799777,4.5925350775864056e-08
0,0.0,0.0,0.0,-0.3659688772255525,0.15814479693996195,-0.48164036621256834,-0.479188635807839,0.21961261174329932,-0.800617408140877,-0.21683270042357067,0.305754643686477,-1.01660801810572,0.10387940806212664,0.23158092743191416,-1.1715077145965629,-0.3863511801466958,-0.9836130201195079,-0.8196405211427931,-0.22810084676471726,-0.3172258043839661,-1.0443146591437764,-0.24410891257147038,-0.11905047747485775,-1.0976490818446334,-0.2712590347014728,-0.2365970726510931,-1.1559016968447644,-0.003815366080157631,-1.119283198708995,-0.6936821645917632,0.12330493016110913,-0.236433445063429,-0.9017164170334779,0.029398042735736866,0.004654095677684378,-0.8959586183049855,-0.021161979090788395,-0.1315115298379561,-0.9306169568859273,0.31564044451692186,-1.0538963138401833,-0.5845587303801908,0.41456267793972834,-0.22243192251878274,-0.7961203500061018,0.27543476477590606,-0.02970471004923969,-0.7531462285344012,0.19649155054346182,-0.19616694875292717,-0.7486522795818951,0.559668009747782,-0.8760166229424746,-0.5139107102204207,0.6235786763266153,-0.27601864970994733,-0.7061449796678063,0.49635731891386214,-0.12250377839833604,-0.7451109937590785,0.4121564962372333,-0.27095411108885126,-0.7782182682525951,1.9485964677758456,0.9856406614430788,0.7952947225765397,0.8359494523124424,1.0092446327940898,-1.550000761074699e-08,1.000000001597114,1.0000000043126425,0.9999999949426772,1.0000000089219574,0.8000000117850957,-0.00815347199246298,0.017987422768236574,4.5522133502191046e-08
0,0.0,0.0,0.0,-0.3749084997660732,0.16021585513106987,-0.46689701225508273,-0.5249604144838883,0.23858825374010478,-0.7860657749069588,-0.270486484225738,0.3509862204842722,-1.0069967511268145,0.05405370084699228,0.29181333567652623,-1.1697050567704763,-0.4200545966870638,-0.9335430822777744,-0.8140409345216335,-0.2780706109120433,-0.2818553428051056,-1.0471097446070128,-0.26338244943221195,-0.03818554109441119,-1.1118531444069566,-0.25884080020073835,-0.11456121951082676,-1.177492835500849,-0.029208913287880348,-1.0825078495150828,-0.6970191212270762,0.09611039057578874,-0.19867362736149186,-0.9010852566452339,0.02280572957574955,0.07503933981037525,-0.9022078585680335,-0.014315663725822887,-0.04088763462166489,-0.9462881655662081,0.291674408549446,-1.0186553000498173,-0.5955777209570204,0.39981124550916003,-0.177647636180851,-0.8066625680726538,0.27056834326798224,0.045718138670726716,-0.7713587324007786,0.1870068030306784,-0.09189708510684602,-0.7745248091892916,0.5336683755431153,-0.8310111187664576,-0.5313758239498623,0.6167341984086324,-0.20999187075565362,-0.7244593442962528,0.49442520233439907,-0.03518629945334606,-0.7655572345735978,0.39817410321445956,-0.16057271851551425,-0.8020054164721802,1.8970878148471,1.0267585205452872,0.8040421657692292,0.8519300335296565,1.0448326470062228,-1.550000761074699e-08,1.000000001597114,1.0000000043126425,0.9999999949426772,1.0000000089219574,0.8000000117850957,-0.008136617749849851,0.01716451998881951,4.9469682453232563e-08
0,0.0,0.0,0.0,-0.36716500942747404,0.1258478292392913,-0.4559487379613669,-0.5021784888927124,0.16561856213975595,-0.7664431279022587,-0.2532731484648112,0.24403055312556932,-0.9805367807880931,0.06599016489562476,0.1754156454797311,-1.1363880997288576,-0.40544433963862925,-1.0194615107153644,-0.7810810269743973,-0.2737515324782645,-0.37849486225788,-1.0132472717947056,-0.26759395443301126,-0.1851966912812314,-1.084573657475729,-0.27548218585925616,-0.2915685272304981,-1.1536598219847867,-0.020385216571694148,-1.1513568167751567,-0.6661620454120271,0.09435587392576704,-0.281355740214015,-0.867418634502048,0.02427199840967964,-0.026925279687771253,-0.8672216592412478,-0.010734104968367915,-0.13775179437710805,-0.9080740723144634,0.29900440094149655,-1.0705800055132477,-0.568391980820962,0.39548236757131194,-0.24312130483590555,-0.7782625588523139,0.27028933736920385,-0.03861255052649015,-0.7392503055343085,0.19445994137968028,-0.17999581987290436,-0.7362702450434869,0.5441537370352616,-0.8666328787776278,-0.5073894848421409,0.613139378983336,-0.2721937289011001,-0.6980709897255264,0.5038141868353002,-0.12412163842611801,-0.7378166309640748,0.4281325551191273,-0.2624710116307106,-0.7708425545567955,1.8888740253045826,0.9740266444693995,0.7578241989540577,0.8122935854039819,1.011109547762338,-1.550000761074699e-08,1.000000001597114,1.0000000043126425,0.9999999949426772,1.0000000089219574,0.8000000117850957,-0.008166154242273353,0.015391071631335032,3.0520522448139985e-08
0,0.0,0.0,0.0,-0.32962882205649474,0.07312257703884459,-0.3256173141020935,-0.640515855238866,0.17475134007307863,-0.5789074240740381,-0.5984611870899332,0.42753215990734206,-0.7763287451016333,-0.3042348461779848,0.5769067422710095,-0.9323821065539368,-0.4417481310175447,-0.7925733897132817,-0.5570793647514993,-0.5792179105431774,-0.005739537703484787,-0.8154279157311684,-0.5119419236383063,0.0800797827513482,-0.9601187118955271,-0.4072472679638013,-0.07897671315117916,-1.0571559587687722,-0.08301612479595609,-0.7712323783912118,-0.5044928227968422,-0.2630981284984153,0.2663112603148037,-0.6998961591307319,-0.24881754417013158,0.1947746821003089,-0.6972203811096285,-0.1974322690929906,-0.07483601327431111,-0.6977463963299285,0.21866315453540058,-0.6041732336296866,-0.4756343634649668,0.04375238265232815,0.36709026462726035,-0.645200960420093,0.0025506873108063904,0.25731422696453843,-0.5091757769791103,0.0271233635722274,-0.034848715585342416,-0.3967649428081856,0.461345030318303,-0.36826047685658925,-0.4908878795247363,0.2774837565836416,0.332578815394174,-0.6617420297224768,0.22948054312953847,0.24981748398659887,-0.6292648902267628,0.2646456926455613,-0.026555963955921746,-0.5644729734925263,2.0577590590349226,1.082932555795031,0.8053394697228975,0.8229148175566374,1.1003883230799987,-1.550000761074699e-08,1.000000001597114,1.0000000043126425,0.9999999949426772,1.0000000089219574,0.8000000117850957,-0.005152523098539783,-0.014541294043715094,-1.0815511892701065e-08
0,0.0,0.0,0.0,-0.400670790513006,0.12890203952827747,-0.4320064183578821,-0.5525010682937651,0.23611824989146274,-0.7309439614799362,-0.27829695771690827,0.4540374674925809,-0.9411758264716151,0.028909604961293085,0.5388622098292395,-1.0926363395865692,-0.36629548000406104,-0.9220368240189737,-0.7077672743341017,-0.25959684540899275,-0.10635638162642147,-0.9206675392178374,-0.29317713056617356,0.02786716366073505,-0.9978837463070286,-0.30971854837425306,-0.14875144018872777,-1.0777971728174625,0.02397785131101804,-1.0186409897367081,-0.6061808691669075,0.0697456151304215,-0.015677918117212197,-0.7988290073067037,-0.021425714197301087,0.12240121390042535,-0.812209252633858,-0.0458544763164053,-0.10062323973826537,-0.8607828559109708,0.34806541757736525,-0.9359129626818665,-0.5210790006462473,0.3818355636043841,0.020886248386422945,-0.7087146647015645,0.2453236651774265,0.12720064953106702,-0.6715081939017884,0.1902053491116015,-0.11237795481944479,-0.6703904240731653,0.5908807327628395,-0.7486321329185659,-0.4759386775851985,0.6180888770319191,-0.07864159696947903,-0.6477915055881998,0.5077601197346072,0.01310115891541408,-0.6846239518776557,0.4548845341255429,-0.17040894935603135,-0.71492182849285,1.8859974245995985,0.9039873898535427,0.7292845116938442,0.7738143591345015,0.9918245822067946,-1.550000761074699e-08,1.000000001597114,1.0000000043126425,0.9999999949426772,1.0000000089219574,0.8000000117850957,0.005494111559141161,0.015161018692291844,1.374206411631803e-08
0,0.0,0.0,0.0,-0.38270154970435644,0.12248983477802897,-0.4602858635218299,-0.523595500502418,0.23026187822857974,-0.7735140981123706,-0.26642142819890763,0.45294739609472656,-0.991097470465526,0.04075075498656281,0.5540293277473449,-1.1488888647993158,-0.3061640922151404,-0.8711571761982109,-0.7662306024009875,-0.195711986904785,-0.05610206229906756,-0.9841915000909851,-0.2511440294219124,0.10156137336945381,-1.0439634434994296,-0.2787012213329655,-0.06389645319031523,-1.1089855490074938,0.07890693097369084,-0.9460805550869553,-0.6514841574362396,0.12123881380096153,0.01973963777007337,-0.8579037645478581,0.004393703108116785,0.18462985341085947,-0.8617083507435714,-0.015554137906454685,-0.02121400250384342,-0.9002389297960167,0.39531944060564783,-0.8453056856823223,-0.5530605859368695,0.422938023740261,0.07206185092789641,-0.7559377616034485,0.26535818897848507,0.1933923335831399,-0.7170485324354381,0.21633251114953178,-0.036449588957993884,-0.7131038328679803,0.6303541254032439,-0.6496595155288838,-0.4944355212439294,0.6552517558878181,0.00910060357602771,-0.6730332960509819,0.5161498312260869,0.1202129076287447,-0.7077234980377848,0.4505734977755109,-0.052146961006852455,-0.7376705394945791,1.9656593709600463,0.9703741081747683,0.8207013969064327,0.87656887786812,1.092937453288201,-1.550000761074699e-08,1.000000001597114,1.0000000043126425,0.9999999949426772,1.0000000089219574,0.8000000117850957,0.004588094380221712,0.017597742486210845,4.4294556006275935e-09
0,0.0,0.0,0.0,-0.3758368411765198,0.02782194230933313,-0.2873000827501506,-0.7628983126714256,0.019909762379913376,-0.5085309790452455,-0.794944877672923,0.0638093705942111,-0.6809343145319618,-0.4945085389253886,0.0632574662555706,-0.8056391574242989,-0.7210487572497752,-1.15258288413787,-0.41663866881888134,-0.8199411027986576,-0.4192152377119742,-0.6313794218887852,-0.7008245317542613,-0.1485818668892298,-0.751927436542511,-0.5909164353434384,-0.2629126782088922,-0.8417710143134925,-0.3774549057650156,-1.2270585263038305,-0.38355344680351705,-0.45755551801302885,-0.2487523952961025,-0.5416602490142011,-0.377386819205684,-0.07609393617601246,-0.558693527967485,-0.3104967173391178,-0.265254802373839,-0.5849545606112049,-0.04565860947050078,-1.128987668664888,-0.3753896966707555,-0.11088019862600879,-0.16367789306399738,-0.5133832686490349,-0.09220702835134752,-0.05744214688825544,-0.4380163241830252,-0.06406124536063793,-0.2851571911166503,-0.39150724693754885,0.2556151959024253,-0.9381682269661262,-0.40423598914874126,0.14846979003856944,-0.2368497820911536,-0.5167886636684424,0.1427969612844081,-0.11955995298666777,-0.4893603265089334,0.16755944329951286,-0.3001753690960558,-0.45445737109580425,2.243076792161023,0.896011451279799,0.58644267104273,0.47452535061308443,0.5625996245312317,0.9999999966910748,1.000000001597114,1.0000000043126425,0.9999999949426772,1.0000000089219574,0.9999999942784215,-0.00604451999909444,-0.01630630189011354,-2.4468779019264422e-08
0,0.0,0.0,0.0,-0.3506609306022131,0.012389740157103285,-0.29054981530358537,-0.725395465952856,-0.022303504193228962,-0.509670019943546,-0.792039646198152,-0.008282145724853085,-0.6839910785485261,-0.5431172121815956,0.007273600749619247,-0.8100898281262452,-0.6362471634810638,-1.1393389694757847,-0.4333659405127185,-0.7066115808063809,-0.4493705400176835,-0.6833439504690882,-0.6342657069547412,-0.12931856712135525,-0.8055414482341701,-0.5655409215352725,-0.22786678000293925,-0.8884747093167621,-0.2868548053380243,-1.2063341094654334,-0.4088703701465014,-0.37352727796604834,-0.255293220870751,-0.6236413077122136,-0.3305720853035409,0.017832791937730352,-0.6376995455033895,-0.27657443106495533,-0.17584993201206378,-0.641817927505995,0.040261626694796084,-1.0928738133735723,-0.4128785705560643,-0.04505078223269596,-0.14320077671218034,-0.6085849352659964,-0.049698400333608936,0.06902594267733242,-0.5250940915726927,-0.028362685985397866,-0.11285659954269167,-0.4549494733620521,0.3308255954051254,-0.8855638426164446,-0.45256152978991954,0.21234718744960537,-0.16324627724426255,-0.6065124289617743,0.1731372464620265,0.035360627386671784,-0.585051239547332,0.1797470160906367,-0.10289117898092814,-0.5424529907348907,2.4482715208285364,0.8963694562913092,0.6274305445832618,0.5658152472511213,0.6808050447876897,0.9999999966910748,1.000000001597114,1.0000000043126425,0.9999999949426772,1.0000000089219574,0.9999999942784215,-0.0075750289922983365,-0.019572284332977537,-3.6953238048824094e-08
0,0.0,0.0,0.0,-0.33048673814943563,0.013996153177772724,-0.2887091043031601,-0.6934018342513051,-0.01961616239264824,-0.5034744727126241,-0.7869097136604528,0.04841027901981165,-0.6692253963712813,-0.5737942920372459,0.10886949575897398,-0.792371697726675,-0.5790485408935252,-1.04479658299824,-0.47122398234990026,-0.627329959901098,-0.3254145448246806,-0.708416994600381,-0.571425847503765,-0.04283724335155403,-0.8152924665059107,-0.5276983738239867,-0.17693539880463582,-0.8900955403342383,-0.22636802103590803,-1.0961401486518065,-0.4380643638128732,-0.2926579099342129,-0.09059320900039658,-0.6529650589358106,-0.27787364340057025,0.13352895766213013,-0.6652680619527206,-0.2511004182837748,-0.10532007079537054,-0.6680519008714171,0.10414024473647271,-0.9771838188082745,-0.4269398450065091,0.037344111075110424,0.009635923428700344,-0.6105454495622883,-0.0009435954192920093,0.17136484461382706,-0.5214502806376141,-0.008150993497715121,-0.04129945570770377,-0.44944182053742776,0.3840255765440456,-0.7763193258132121,-0.45102089583664673,0.28422981302988415,-0.030720105847030554,-0.6009719371318311,0.22974376827057003,0.12639480122373847,-0.5816091899509772,0.21915698283670948,-0.041937946649805435,-0.5407843602239488,2.47598600109623,0.892089132637208,0.6404001406382624,0.5945892509279083,0.7471349974807702,0.9999999966910748,1.000000001597114,1.0000000043126425,0.9999999949426772,1.0000000089219574,0.9999999942784215,-0.009375095357660896,-0.023434235083148094,-4.038558670384683e-08
0,0.0,0.0,0.0,-0.3606142440683182,0.04027595867853703,-0.29306823423698575,-0.7499672279555157,0.0030980654898660753,-0.5095123615237246,-0.8276469475011533,0.06842845550310739,-0.6788806376098535,-0.595032662412843,0.1486463697449001,-0.8048713278654795,-0.5762944548371879,-1.0243197616554998,-0.47636556255087664,-0.622279430335495,-0.27486572868482784,-0.7026364135625309,-0.5893084227600921,0.049723660913749024,-0.7969120728775113,-0.5632390165915948,-0.04990173324820324,-0.8635204478617275,-0.2195586816258323,-1.0776804686297317,-0.4422827032801274,-0.2957097723677521,-0.04300540483438864,-0.647549917809815,-0.302716861202437,0.20749404846898378,-0.6551772936191308,-0.2884560878627804,0.00011631212833074223,-0.657427905956672,0.11095554381477572,-0.9628542667895523,-0.42895790678721585,0.030704027555615437,0.041234952695094806,-0.6089329703813136,-0.019316700500261172,0.21630672427200748,-0.5255291464844581,-0.032149706546542665,0.018261768324543404,-0.4582219428063856,0.3889159148852331,-0.7641392946014001,-0.4503864062489031,0.2813755785255942,-0.022511879385532008,-0.5902286764557166,0.21323273716281602,0.14288765926699276,-0.5664655565959715,0.18917082541490962,-0.011302544948870508,-0.5245329137291946,2.389798636958952,0.8803518793230283,0.6373616568341147,0.5944547820041466,0.739346323923501,0.9999999966910748,1.000000001597114,1.0000000043126425,0.9999999949426772,1.0000000089219574,0.9999999942784215,-0.009691781547665519,-0.02249764157318898,-6.235617169511262e-08
0,0.0,0.0,0.0,-0.35910307050204104,0.07728712173672794,-0.3394665410363334,-0.7613968113400346,0.06063929433646692,-0.5801724174809361,-0.8175734067949877,0.1896276646428744,-0.763913700391896,-0.557209896903339,0.3142641579216192,-0.9040201886707486,-0.49801192503463226,-0.9196387488074473,-0.5629724347357619,-0.5654722443763613,-0.1138764246646653,-0.7942654599182839,-0.5496308356305483,0.24235678293963625,-0.8828834940115798,-0.5251112745298794,0.14021721266658105,-0.9505603983385325,-0.12831702367728604,-0.9724989491726929,-0.5127853811928695,-0.21874222612737979,0.06606117945409773,-0.7320563093566538,-0.247942178334354,0.3485559122056232,-0.7313852259555562,-0.23171102908899124,0.15869985237440032,-0.7310661032720016,0.19966983976711206,-0.8574859502290544,-0.4836963709906773,0.10583985601777268,0.15317582044238665,-0.680037077184644,0.03223961284823137,0.3427102099465339,-0.6005061265989272,0.01551071835170545,0.14271151640989843,-0.5381637811139537,0.46665881760229405,-0.6658608945516769,-0.49221193825628057,0.35964875377763,0.08713455245474977,-0.6503155832754741,0.2708189298511278,0.26344970743031204,-0.6405284340615792,0.231507157808153,0.11361876944338234,-0.6122089595759983,2.209060895036716,0.9547115856272435,0.7206896924957038,0.7058275750831144,0.8746028949080948,0.9999999966910748,1.000000001597114,1.0000000043126425,0.9999999949426772,1.0000000089219574,0.9999999942784215,-0.010240270349201379,-0.022642361441806817,-7.252633651606747e-08
0,0.0,0.0,0.0,-0.3647363356131812,0.06368926126847987,-0.3351652046467377,-0.7504846958713026,0.04739273938470773,-0.5850078449461761,-0.8156776605130116,0.14789746718680608,-0.7789763220490264,-0.5773644577559528,0.265252132302793,-0.9321841454965203,-0.5151951153916593,-0.9347726743028186,-0.5512085028199365,-0.5632043144984653,-0.12349129938545089,-0.7727971736239042,-0.5569719513369136,0.20051720248386662,-0.8671733730064138,-0.5503590151874016,0.06678773605545985,-0.9431451591822689,-0.15329229256647853,-0.9661090895510094,-0.5038377621441643,-0.2353191260782538,0.03179521011597819,-0.7047255470906594,-0.25860379532893674,0.29195081929046074,-0.7094236566649594,-0.2515382406443318,0.11151641977019788,-0.722031236805226,0.1723779472741953,-0.8409712318060445,-0.47563632796060284,0.07861598573710393,0.12676458051992723,-0.6559600223405582,0.010330599420869148,0.3198473804763814,-0.5770493753430138,-0.01025856343051957,0.1310034376252378,-0.5230928664725726,0.4396094979278977,-0.6451306951042957,-0.4844574933473924,0.3291886798370236,0.07558723791416633,-0.6203563211881561,0.24706943726652625,0.2534308053493587,-0.600801409021147,0.21437150595018484,0.10643614768605836,-0.5736653220342456,2.3274190320498,0.9219236376362583,0.7125353057126924,0.6968352190688076,0.8540514960415406,0.9999999966910748,1.000000001597114,1.0000000043126425,0.9999999949426772,1.0000000089219574,0.9999999942784215,-0.006034509750992857,-0.021788074024311575,-6.117092743528724e-08
0,0.0,0.0,0.0,-0.367136653451973,0.08591487711002208,-0.3492421261002749,-0.7575870461636354,0.07413199684483013,-0.6012594187282337,-0.7906362010451071,0.17320752796230443,-0.7932515780038525,-0.5174775468750946,0.2851892920119399,-0.9429634848703319,-0.4783373916080759,-0.9334637479961323,-0.5688090565860731,-0.5118412033312263,-0.13063028139661337,-0.7933631710724167,-0.5125536039239535,0.20861443971503113,-0.8881598825624404,-0.5162320054374865,0.08524985591430823,-0.9652819656251403,-0.10852824681264946,-0.9664450814465768,-0.5150039261324953,-0.18709343155501604,0.009343805285490836,-0.7194628685485346,-0.23007780622987795,0.2889888413012007,-0.7230222202929547,-0.23183986112267535,0.11068993191140586,-0.7352266904351538,0.2134916328846344,-0.8375075446566238,-0.4816937156997187,0.12088953617629683,0.1085578691696959,-0.6667372559413995,0.037900026173603746,0.30728960299535346,-0.5930139423388433,0.00804000863459041,0.12725144933779697,-0.5425493717255959,0.4731800867455962,-0.6371808704338056,-0.48615929748785863,0.36877456668401676,0.06098525392800458,-0.6341685648108771,0.27282002898685737,0.23947800655837537,-0.6232510213685891,0.22113457265502456,0.10830870820563743,-0.6012593512378895,2.204009074803891,0.9167561696953928,0.7174761465260469,0.7159117846346095,0.8904360995472924,0.9999999966910748,1.000000001597114,1.0000000043126425,0.9999999949426772,1.0000000089219574,0.9999999942784215,-0.004041393670064108,-0.017114404367960738,-6.74966201751376e-08
3,0.0,0.0,0.0,-0.43754904603931527,-0.8557035290888987,0.006516273630554237,-0.5341649242112327,-1.7902186996381775,-0.007712116200920438,-0.6100221677366796,-2.382347547206402,-0.08312542520508781,-0.6932604721338763,-2.8857296013985536,-0.1213223732033254,0.09564624429141672,-2.5719011339769535,0.18174186580556045,-0.4480863892490829,-2.898856144360964,-0.06700045310730551,-0.729475632101633,-2.2805366929867783,-0.24603757635123358,-0.8091967177487815,-1.7941560344126266,-0.31108150811528673,0.2551019099483455,-2.4487834070652115,0.0552358881247515,-0.3840924924907059,-2.8451529134760545,-0.2303200682660725,-0.6215783350913934,-2.133811434978191,-0.3376380795172032,-0.7081854495773816,-1.579005250550896,-0.33715474789116884,0.36893843264658444,-2.137623498769675,-0.11117176808102167,-0.17026348507823322,-2.71184489346976,-0.3602074100441597,-0.48544262898320184,-2.1926772959892564,-0.33935173676703606,-0.6126287577770906,-1.7030141332489264,-0.24452436044311276,0.4323524591495048,-1.7577352572479523,-0.2912939815438428,0.5535102502823716,-2.399496262975468,-0.44762351903800035,0.6970635486309881,-2.8217730254772895,-0.4730920478620626,0.8390570753674303,-3.1539930824651594,-0.44971713733156793,3.028431166599572,2.0075056579535993,1.9819320445934312,2.2001442950704444,3.049139777665326,0.9999999966910748,-1.183782638580766e-08,1.857738651800389e-08,-2.4739766124604046e-08,1.0000000089219574,0.40000001920353684,-0.016948835789883866,0.005601372686989553,9.794756309663391e-09
3,0.0,0.0,0.0,-0.3555902241269312,-0.4760103723707658,-0.11038834480765058,-0.5858646514449078,-1.2028080236809982,-0.20225593042396453,-0.771736599978348,-1.72636637453478,-0.3280797044487146,-0.9801728044577568,-2.0832369783549667,-0.41939845632732886,-0.16214779303315113,-1.8008014344869778,0.013337604848700169,-0.21992154978820644,-2.1932177979725482,-0.2209829698767377,-0.3370484997337342,-1.6901594331048693,-0.3654071544454519,-0.4133226619866013,-1.2394499790126956,-0.41657225170692447,0.12019979268097042,-1.7486693609207185,-0.0286237298590738,0.03348411800693093,-2.1264999174494434,-0.32412296759994536,-0.13238529547706238,-1.5143287335459719,-0.4193478455918239,-0.20978861573304777,-1.0216822609666334,-0.4156814521707621,0.427819940877712,-1.588464886596825,-0.11403204681614112,0.4712073715871815,-2.2096765859490075,-0.3628921805420753,0.22373144429703828,-1.8561101609375412,-0.36443549677313225,0.041122592862730845,-1.4965683100463059,-0.2934965832795656,0.7088318570304187,-1.364736987202992,-0.2130302864291623,1.0366432355552415,-1.8190584457953665,-0.3343192820719556,1.259566019151592,-2.0747234461205055,-0.36543745464421196,1.445282837598399,-2.360528712505556,-0.3616387760682579,3.033383115425171,2.5979726362395885,2.4510631476668245,2.7784092536078555,2.9792265909059923,0.9999999966910748,-1.183782638580766e-08,1.857738651800389e-08,-2.4739766124604046e-08,1.0000000089219574,0.40000001920353684,-0.016513394306327533,0.0062881241934344976,1.2910090822555947e-10
3,0.0,0.0,0.0,-0.31340120695265344,-0.5142530406842859,-0.1128055581221558,-0.4864304999791916,-1.1662739803505626,-0.2094713885080766,-0.6237589765047759,-1.6661477745960358,-0.3351619511908397,-0.7573025130066642,-2.0424244293178138,-0.4321445598148831,-0.0011977750227058423,-1.6795888012082199,-0.01915072824615588,0.008119289294210005,-2.08870746077437,-0.22841957436742166,-0.1570117265426578,-1.672353979236718,-0.3481554739598822,-0.28769536930610873,-1.275356173556128,-0.38857934934056837,0.2663505070354745,-1.59152448829749,-0.05303995551131058,0.26035384389116345,-1.9927697071398396,-0.3130779518776134,0.02118209216393458,-1.4710193960321467,-0.40310134672636233,-0.1116742435389089,-1.0303119474735891,-0.409227902536092,0.5554854467475983,-1.3975597331229033,-0.12436563024774955,0.6967065295503678,-1.9494681416325395,-0.35336540343498213,0.4328532256960835,-1.6629127122944602,-0.37321880673893737,0.23135579103054185,-1.346557498168834,-0.32606989630447036,0.8174149556717369,-1.136669303383235,-0.2065317954155299,1.180444147354767,-1.4972346886116883,-0.3294292020261824,1.399493958267137,-1.68960941596665,-0.3743486673685032,1.5843081227482365,-1.8984682064038512,-0.38386014455369527,3.04566598041418,2.6797339486272413,2.5735466525239072,2.8173182259223477,2.956385139595787,0.9999999966910748,-1.183782638580766e-08,1.857738651800389e-08,-2.4739766124604046e-08,1.0000000089219574,0.40000001920353684,-0.014577077651592038,0.005893422473875085,-1.7522413007394974e-08
4,0.0,0.0,0.0,0.524886468627001,-0.17193673539996895,-0.22114746268599034,0.9770606876655525,-0.730201596848009,-0.2736410477851843,1.3719919400227953,-1.135544326106795,-0.3128024673388973,1.7139249248596762,-1.2696379682189498,-0.3611809056195435,0.7507351095372002,-1.7474069614104883,-0.15348022034354603,0.9079468501123098,-2.515346777870164,-0.2546460060347376,0.9815850058083418,-3.0087874221955087,-0.3558385130732146,1.0268603006682135,-3.4259174894566504,-0.4520798596072191,0.43937872618796747,-1.890929715566817,-0.17520390211830303,0.5538787999407151,-2.778707982587415,-0.26804918143430945,0.613125767351704,-3.320905769287121,-0.4053373821124516,0.6383467914501987,-3.766614119450706,-0.524038489655115,0.1097542127244689,-1.8336323775444918,-0.22523572652076101,0.15165859224217662,-2.6605122221218385,-0.3824219122477432,0.14743261155364545,-3.184258284854706,-0.5542936921292805,0.1274510454999573,-3.6273636296834626,-0.6810721198095153,-0.23184326131419092,-1.624721529447505,-0.2930798266838229,-0.40033285899659504,-2.219536995053984,-0.4898353854351265,-0.5260557141608906,-2.6233832889943067,-0.6234464643822659,-0.621153548752248,-2.9920676590831663,-0.7146027128078688,3.050139889932958,2.9333069312194775,3.0411256999529486,3.0753621711595307,2.9565713380899052,0.9999999966910748,1.000000001597114,1.0000000043126425,0.9999999949426772,1.0000000089219574,0.9999999942784215,-0.05248965619971172,0.0006324981812320185,1.2582572031970762e-08
4,0.0,0.0,0.0,0.5237806700590492,-0.15222805821776367,-0.232228592008527,0.9775766203529597,-0.6906438509209882,-0.2901706434231708,1.3769237615378727,-1.0908099672513236,-0.3319704521492082,1.7264008942510813,-1.2317657716370283,-0.3818937705152361,0.7627003122983157,-1.7269620881973824,-0.15598990096568802,0.9322454651543188,-2.4858348507031236,-0.25675565895066377,1.0177122338054252,-2.9846387097159934,-0.35778352523171114,1.068429204662549,-3.402457557181636,-0.45350343979300545,0.4516324642413205,-1.8692849878484759,-0.17148716653637688,0.5748960590339598,-2.741486105683263,-0.2599598459940949,0.6438279335195195,-3.279641149599981,-0.3937144866430174,0.6807136524602239,-3.7210417374144305,-0.5102115836709373,0.120741463322045,-1.8086524257856722,-0.21678729193908927,0.17844198411947892,-2.6170307031312,-0.3726317957868363,0.18122449250605224,-3.1343519009037792,-0.5432409046643805,0.16931134438390996,-3.5739284160391644,-0.6695475034313922,-0.22026136215836323,-1.5921217897930426,-0.2809081966662521,-0.3717072979135577,-2.1633301139928145,-0.47994634639600436,-0.4923189970184907,-2.556205254598621,-0.613480328083586,-0.5835347186932872,-2.9168604610503683,-0.7038679702375874,3.0573835326813734,2.9411801892349745,3.044710586543987,3.070497936458989,2.949398726352262,0.9999999966910748,1.000000001597114,1.0000000043126425,0.9999999949426772,1.0000000089219574,0.9999999942784215,-0.05014164851182023,-0.024595745079910056,1.7901276487818644e-08
4,0.0,0.0,0.0,0.4372979859379991,-0.10699870702490218,-0.29187742179042764,0.8138730113175682,-0.5197360481780136,-0.4209801552031624,1.1634277035870966,-0.8050059757970349,-0.5285135505546894,1.4806197816361724,-0.9539766959703219,-0.6442809694295282,0.649025088561391,-1.7136071982316707,-0.2899810975936359,0.7789705665282656,-2.48067546734143,-0.45117175860760933,0.872236547423395,-2.9856702936109185,-0.591513218949906,0.9410707758424326,-3.4153166667797237,-0.7104255556541544,0.3283110914347154,-1.854502591166681,-0.30258080277824023,0.36769395328076226,-2.7424935820252747,-0.4585431510995787,0.4110230913102554,-3.326263006335955,-0.6201100952055626,0.42738524897278174,-3.7914274170188875,-0.7462220166351807,0.002579783653588602,-1.7682514032276173,-0.3458121717448293,0.015531816720645963,-2.5951657643282338,-0.5473078493075899,0.017658318701754425,-3.1646330854798106,-0.7400102584296707,-0.00045445185334196114,-3.624656761119497,-0.8747186473286945,-0.32144510669273785,-1.5048935093432605,-0.41092050032432276,-0.5118977828463287,-2.0723051864737636,-0.6410895588201901,-0.6601632243787813,-2.4535193912691913,-0.7851651951224916,-0.7903005983849481,-2.7874668248268737,-0.8764622683841794,2.998612884999433,2.944762894881756,3.011708924584321,3.0936853481873667,2.9902928305447545,0.9999999966910748,1.000000001597114,1.0000000043126425,0.9999999949426772,1.0000000089219574,0.9999999942784215,0.014381560818601504,-0.004900395866222544,1.1207756756345845e-08
5,0.0,0.0,0.0,-0.11953422537781028,-0.5808224302616185,0.01508287842015868,-0.5012584073343068,-0.8298066074642667,-0.02076605050976227,-0.8612857586310596,-0.7226793801034554,-0.06790466473726642,-1.0895181608016111,-0.5226120932559649,-0.13600838880464083,-0.6886564660906208,-0.9335611469081213,-0.10891309591903603,-1.183137236462367,-1.0232981431394372,-0.17593489277350266,-1.4840158006330242,-1.0777196871565495,-0.23316444044195633,-1.7063906598159002,-1.1357307448555929,-0.27174899880626424,-0.7788091610663784,-0.6162396799823828,-0.16085796418820875,-1.3158966900491942,-0.733984472734875,-0.22294673098134665,-1.6513020833278602,-0.8690652831027176,-0.2719968535042823,-1.900373263530075,-0.9675013946618147,-0.3138158603435206,-0.8281276100269939,-0.27572447476361994,-0.19593386128759047,-1.2954523294587412,-0.333119385766547,-0.2404032484851134,-1.2355789906601886,-0.33896627917897926,-0.22083289095565733,-1.1112993877138648,-0.3204441254871646,-0.19348978589993798,-0.8282469451618237,0.04949252615889432,-0.22774105388955324,-1.179556035029532,-0.11223291834657889,-0.22888595930285938,-1.1514315557404189,-0.16188898125241857,-0.15992310767745022,-1.049175214662581,-0.17518775427972222,-0.10136516431171688,2.278033736491742,2.389988198683821,2.689785708820888,2.9077396729845604,2.5889451427922787,0.9999999966910748,1.000000001597114,1.0000000043126425,-2.4739766124604046e-08,1.7957795694911738e-08,0.6000000154943164,-0.01671412140111581,0.0010639895765896853,-2.4951205833275424e-08
5,0.0,0.0,0.0,-0.1597350085608401,-0.6053549033891283,0.03055205326889951,-0.5450950306375412,-0.8134130096287888,0.0034394289340337614,-0.8972546363617668,-0.6720425489468691,-0.032643101500859695,-1.1013978124005956,-0.44734761640551546,-0.08696881305451265,-0.7278509327749733,-0.8320735354450566,-0.13738508881644496,-1.2666223434674986,-0.891487756206955,-0.1979589997167175,-1.572175002141352,-0.9100429511597803,-0.2434289870930515,-1.8084360871839325,-0.9414198498416182,-0.2740468170347469,-0.8273147004122647,-0.482409814116565,-0.1814396635985175,-1.4046433030609662,-0.5849995376702122,-0.24297195631914614,-1.7492265925162445,-0.7031471194757509,-0.2851712467128385,-2.002368844846368,-0.7746893729434947,-0.32172320690753764,-0.8752248822912024,-0.13559625716516788,-0.20208760350101737,-1.3070246353958612,-0.2315999704080619,-0.23870161373709897,-1.1823227973643522,-0.28452531154620087,-0.21086760098882346,-1.0250871219763615,-0.2903658294046785,-0.17794525811914358,-0.8597564055554228,0.1560045895031078,-0.21677366967692716,-1.1934237670131087,-0.04773321792823093,-0.215866126956961,-1.1040893634082796,-0.10798323585926628,-0.14320186947194763,-0.9687352319715969,-0.11931560221912874,-0.08113719752746895,2.267078628909308,2.404577025844147,2.783752658839056,2.985961877478714,2.380656725676622,0.9999999966910748,1.000000001597114,1.0000000043126425,-2.4739766124604046e-08,1.7957795694911738e-08,0.6000000154943164,-0.0206500818100876,0.001384231689951096,-2.8210312270681636e-08
5,0.0,0.0,0.0,-0.14855005456599435,-0.6149956026165265,0.054569163205770294,-0.5282482020111348,-0.8300623759896812,0.03997157325402523,-0.8764268459519353,-0.6960365126982102,0.015135337138088456,-1.0887032877646294,-0.48195460987740835,-0.02639016985196352,-0.7345567150949492,-0.8438516386950514,-0.1140234867126666,-1.2656654348865524,-0.9046107405427621,-0.1586698082762213,-1.5674562500744063,-0.9224486303609682,-0.19390923686269207,-1.795885430578103,-0.9485715186156229,-0.21883945832335938,-0.8331333085287194,-0.492925190728143,-0.16047195823390056,-1.3979471914158437,-0.6016047069318585,-0.21136437705847166,-1.73699852909008,-0.7187323035662609,-0.2455942188551533,-1.980906446393697,-0.7885834697963703,-0.27690429965406826,-0.8774562256386711,-0.14706892798752425,-0.18060992072255508,-1.3076457423468837,-0.24548282804895238,-0.1982205589304803,-1.1848560093533549,-0.30198097817570124,-0.15976612383142658,-1.0273929558995738,-0.3170982765150072,-0.12261638196690688,-0.8509881125523945,0.1461942412017353,-0.1930991389513261,-1.176244230542676,-0.054276947231001405,-0.17049667419285358,-1.088624202718153,-0.11507173040147511,-0.08811122959570955,-0.9523013611256961,-0.13593426409254383,-0.021211517498256338,2.259383663722908,2.404065860584237,2.7919158764863807,2.9709153274298012,2.371598003533012,0.9999999966910748,1.000000001597114,1.0000000043126425,-2.4739766124604046e-08,1.7957795694911738e-08,0.6000000154943164,-0.020495206082129132,0.0018744929864382837,-2.762471485569984e-08
5,0.0,0.0,0.0,-0.12336269741369248,-0.6517637479938677,0.07262394672299707,-0.489552099034318,-0.9297174902662264,0.09177830768464751,-0.8643391566729298,-0.8870560622579223,0.10376713747092448,-1.1108780009309003,-0.7079824803594877,0.08862631529121079,-0.7353900100045669,-0.9363322183199353,-0.06363964448507778,-1.3009283349648484,-0.9517024820265773,-0.07398638825626275,-1.6168940050692173,-0.9502853702859477,-0.08588020414350095,-1.8559692196361373,-0.9624119937833353,-0.10281446458893917,-0.8505625412859424,-0.6281505798463354,-0.11521192496987756,-1.4717782885425306,-0.7355376605230968,-0.16814042726788186,-1.8273018869335542,-0.8207789121776354,-0.20962046998399886,-2.0737909801734746,-0.896871401999656,-0.23994438978576166,-0.9132082304405038,-0.2851232834820038,-0.1385527198793206,-1.458682912724103,-0.3819346090775405,-0.17489869512096573,-1.607182337210775,-0.4611858705953975,-0.1634184563541205,-1.642754615925392,-0.5498566878176825,-0.14535565625930347,-0.9110690265338869,0.04444860844021703,-0.14852573339784192,-1.30046470842274,-0.14736961000024096,-0.14291450433151281,-1.2734182705885837,-0.20284569656489215,-0.06636307691104737,-1.144126994659545,-0.2366553550810293,-0.004322890281437286,2.3794674721909512,2.263685456741855,2.6781947828592987,2.993026241310936,2.6079292607301676,0.9999999966910748,1.000000001597114,1.0000000043126425,0.9999999949426772,1.0000000089219574,0.9999999942784215,-0.020327456486707873,0.0031466811126191424,-3.4952898494132336e-08
5,0.0,0.0,0.0,-0.09456690862427634,-0.64201416641592,0.030108932253973958,-0.4576312947290367,-0.9138183729163734,0.003436082390629258,-0.822573686145406,-0.8487375612117816,-0.026800412776250504,-1.0590806660044907,-0.677263736917987,-0.07534044821366448,-0.6655436635608786,-0.9510801932559669,-0.15492692244323863,-1.1849172073037992,-1.0065373283625347,-0.19810318077220124,-1.4887769820019152,-1.027927042209752,-0.23003487782961796,-1.7064953343878233,-1.0557088888454698,-0.2553758083613286,-0.7601187371850975,-0.6030652628492539,-0.1873646057455332,-1.3047699336983563,-0.6952224474260329,-0.26509730449216906,-1.635711963592103,-0.837763780054857,-0.31159015320222355,-1.8753016467019785,-0.9286519915783514,-0.3493246198760325,-0.8228802662084473,-0.26137422451319736,-0.18972291995807697,-1.2702395843554943,-0.34762113797618144,-0.21217884208058174,-1.191883406037199,-0.39175680023633563,-0.16100288704880938,-1.0621867097448612,-0.3966782618577208,-0.11515494183727593,-0.8364598832198712,0.033691629798406564,-0.1867402474993268,-1.1777660979706728,-0.2061080782102005,-0.1597230766178338,-1.1329986810211496,-0.30101957649249333,-0.06733268630069911,-1.0184163548408414,-0.3395701030683257,0.005993843336422056,2.3243203061819933,2.2916119007590576,2.6429650771713447,2.938255801013046,2.433621643464596,0.9999999966910748,1.000000001597114,1.0000000043126425,-2.4739766124604046e-08,1.0000000089219574,0.8000000117850957,-0.01599057618711629,0.005301322843065062,-3.494252672919555e-08
5,0.0,0.0,0.0,-0.03675020797182217,-0.43781181227331095,-0.21083538161197232,0.08443083577563035,-0.8228569099717906,-0.34695467331530355,0.24733580013127693,-0.7703290551242452,-0.4800546457954541,0.3809608748696226,-0.5444934870632928,-0.6039552691252391,0.7574132957270525,-0.9038841218986344,-0.24066372323011004,1.1598262257885104,-1.0892416197969053,-0.42923668066439474,1.411630317030452,-1.1771161559141223,-0.543459953873511,1.643168391249824,-1.254870296597879,-0.6103321279307484,0.8545404889026088,-0.5863009063347275,-0.27067998154374756,1.3192015054501336,-0.816071395126027,-0.45423004228555064,1.5976555416933251,-0.9674435270167152,-0.5518803595160447,1.855667131633938,-1.1103471500403224,-0.5909525764321734,0.8243875757387424,-0.24414274688025994,-0.32288765937507447,0.9126038669669515,-0.33351846408504304,-0.5770978932514708,0.5784506084888366,-0.3931513300772599,-0.605923653036068,0.34046577001952877,-0.446119196795319,-0.5491672759228285,0.6978057831820603,0.08264898792568365,-0.39297747595192967,0.635728123596209,-0.04718057166971834,-0.5866075161138962,0.37902961888149206,-0.15468995698200028,-0.5817180275245473,0.18883947742820156,-0.23846138773081893,-0.5271587971917743,1.7628767649096968,2.675496556068614,2.981485152621516,2.316216715718755,1.6845333578890715,-1.550000761074699e-08,1.000000001597114,1.0000000043126425,-2.4739766124604046e-08,1.0000000089219574,0.6000000154943164,0.015296051502465604,0.002522368868541568,1.44997295546933e-08
5,0.0,0.0,0.0,-0.017463335625185962,-0.4421880136379943,-0.2070522312071271,0.14500792516407884,-0.8447797132288272,-0.33473998179764664,0.3229924084404914,-0.7639812775009442,-0.4601252374628531,0.445151543630093,-0.47153488110474373,-0.5804756868598396,0.8158292013933672,-0.8328501180010759,-0.24308329697176162,1.2437648310331044,-0.9595329180120852,-0.43203768027957734,1.5197318194966387,-1.0176982928904912,-0.5482473412396864,1.7687820879314495,-1.0733494743999887,-0.6209285833732006,0.9044280130942987,-0.500261643254342,-0.27554258504304757,1.380159660082339,-0.6621301697771063,-0.46730223336448873,1.6768368102521716,-0.7812185368066344,-0.5749381784674857,1.9495957717090766,-0.8998771987620111,-0.6237787008927119,0.8619108660180882,-0.1626996832084595,-0.32940122553874795,0.971596419721432,-0.22857488010702987,-0.5969349136673285,0.6294396928368123,-0.29442878331060396,-0.6449751882680178,0.3785206955087107,-0.34881282037135675,-0.602039398603114,0.7276248016934925,0.15077519096514092,-0.4002497196256542,0.6403138736682638,0.028687624872542505,-0.626393017511949,0.36662452003131757,-0.0886646296860728,-0.6536708448182476,0.16426565066243623,-0.17597960651449873,-0.6196638317316866,1.6890560791644722,2.6204654813240245,2.9435212669380517,2.3405852359321315,1.6082428727061848,-1.550000761074699e-08,1.000000001597114,1.0000000043126425,-2.4739766124604046e-08,1.0000000089219574,0.6000000154943164,0.01771952004681133,0.0034798780643027468,2.5426155552717498e-08
5,0.0,0.0,0.0,-0.021221412262354918,-0.4396335516098455,-0.20662647502206763,0.14402928903574766,-0.84148579732817,-0.3342159976265995,0.32595553143253997,-0.762582243475407,-0.459780784717014,0.4518055444923167,-0.47087966309482043,-0.5795453779499639,0.8299884897495281,-0.8281030690658504,-0.23658086020813754,1.2587624428448678,-0.9494500833941666,-0.42784508862943127,1.5433530901019559,-1.0104614446256914,-0.5478978771204739,1.7964006199269094,-1.064865467565338,-0.6231033753548947,0.9194375524113537,-0.49259730253321077,-0.27130749603858906,1.397679248104666,-0.6498348847009999,-0.4653196356750379,1.707287439545754,-0.7741094842607374,-0.5785050986716138,1.9878313131601897,-0.8932082240034982,-0.6303369998887304,0.8769378500037873,-0.15442159905574404,-0.32761710861377613,0.9741340434325365,-0.22799894208367655,-0.592655778907653,0.6349954114922368,-0.2931081822619983,-0.6391049031270846,0.385902991300934,-0.3418372792008797,-0.5949017996396145,0.7425298936319265,0.15427185048114234,-0.40177965162682727,0.6535140801102051,0.026148352118451346,-0.6249884351163003,0.3800007955050774,-0.09087360292395008,-0.6489807332671886,0.1804665636273418,-0.17369531240077796,-0.6120507708849016,1.7064721317003155,2.615620365423056,2.9408216328394152,2.2952129844055706,1.5871328310987747,-1.550000761074699e-08,1.000000001597114,1.0000000043126425,-2.4739766124604046e-08,1.0000000089219574,0.6000000154943164,0.015832372076147593,0.001803510614638606,2.7583711022451738e-08
5,0.0,0.0,0.0,-0.16424952202683826,-0.6080267459025038,-0.001289914441048201,-0.5529684493836592,-0.8111898729105953,-0.0653458382072653,-0.9067634296906447,-0.6611926536537995,-0.132097772893553,-1.1006674456712808,-0.43799519827534716,-0.21334842709627316,-0.6961406602603046,-0.7959538877791419,-0.21108929571662233,-1.2165555334264957,-0.8157505384526443,-0.28947123700344085,-1.510571888066399,-0.8228759772457387,-0.34408139887321254,-1.7412132584110813,-0.848764840982621,-0.3837235839827794,-0.7535477850335547,-0.43629073709337707,-0.24642565809158032,-1.3120244423631144,-0.49002961604726436,-0.33008002645829315,-1.6641312082352209,-0.6020166417879522,-0.3824662525184071,-1.9316449580060746,-0.6700046069748911,-0.4313354491117667,-0.7674918500365709,-0.08304761925269499,-0.25521573295638944,-1.1654228246727265,-0.17473499936615466,-0.2934675878512992,-1.0205563514290166,-0.27196576660022886,-0.2577556863616695,-0.856611761287752,-0.3151912086250168,-0.22891164119304552,-0.7323986859375348,0.20215372747644345,-0.26075502373745324,-1.000206574068924,0.02153524686729924,-0.2598151525282026,-0.8834983219684395,-0.0802134942406526,-0.1876398332644229,-0.7394726828568989,-0.13163679114985138,-0.13305981951952534,2.2704339026229357,2.338975189251796,2.703704372859461,2.887717986029941,2.232222547002067,0.9999999966910748,1.000000001597114,1.0000000043126425,-2.4739766124604046e-08,1.7957795694911738e-08,0.6000000154943164,-0.015279362430822709,-0.0013262829794258094,-2.4468937509921522e-08
5,0.0,0.0,0.0,-0.1821433533991503,-0.701486768552941,0.043536641047694585,-0.5259707866613844,-0.931655222676963,0.05891494094850841,-0.7959085258803158,-0.8268426067686725,0.06047952928599998,-0.9647529836538554,-0.6139737341310538,0.052722052143474585,-0.903866239611812,-0.8357220904688432,-0.026666863415287623,-1.4269703328636356,-0.8419757305972404,-0.02696099880712316,-1.712659161542685,-0.8215986523102703,-0.03400891615071133,-1.9466259366241014,-0.8224876525541864,-0.04083832054892911,-0.9731224822394007,-0.4841476728853663,-0.05247142199994592,-1.4956691684654924,-0.513310478728572,-0.06290367891340387,-1.8173020592956353,-0.5876763562174354,-0.08600541578738752,-2.064275663287412,-0.6411810346303862,-0.1071461407768669,-0.9255957254928704,-0.1349923018266741,-0.0585457287260428,-1.1363027019223857,-0.1843787724059185,-0.06335795317415843,-0.959396609990866,-0.2898778658147858,-0.0805305495049003,-0.7847541968673403,-0.36477000681117355,-0.08211335137411208,-0.8272240090023031,0.1608601599443007,-0.0574857429463263,-0.9191493741515214,0.05170816471860762,-0.033206171801093864,-0.7943811357268904,-0.03517813691398408,0.00470485153061162,-0.6536056287539702,-0.11863315137022834,0.03619757126815604,2.181065317314598,2.4070596774929918,2.734948415120617,3.0472408909421764,2.056583403747607,0.9999999966910748,1.000000001597114,1.0000000043126425,-2.4739766124604046e-08,1.7957795694911738e-08,0.6000000154943164,-0.018183009604390486,0.0022621480947371915,-3.044107849459259e-08
5,0.0,0.0,0.0,-0.14352321873826163,-0.6990576540112786,0.05460199689820819,-0.45751653640764206,-0.9654059543766607,0.08684826274222374,-0.6968294412625993,-0.8759030928593403,0.10532526925080621,-0.8537886541775499,-0.6754668350287424,0.11614551020016384,-0.9055857026887635,-0.8989594642337869,0.0033118530575783067,-1.414550603133631,-0.8958490420515948,0.02623079852764776,-1.6854722424429844,-0.8646740879294548,0.032553655540581206,-1.9156638999782067,-0.8604133628058749,0.03202877082851696,-0.9770011064090134,-0.5471751029497524,-0.02358456456731095,-1.4849461535795538,-0.5694275703063477,-0.02181041451142507,-1.801616491276879,-0.635122557422584,-0.044533705520350075,-2.0534829782284456,-0.6877454002191086,-0.06570140939169578,-0.9295156191150808,-0.19953855120664266,-0.030264284421279597,-1.1075646298987278,-0.2477343001390543,-0.030946324547686088,-0.9147571052883096,-0.3400785631524449,-0.054784593126938674,-0.7417014202973594,-0.4107630885101061,-0.06019134242894919,-0.8352946930834287,0.09808479539121084,-0.027700531884425672,-0.9123568264478447,-0.007826890862119185,-0.0038709085340052907,-0.7825318661530984,-0.07977584795212278,0.03019911773224826,-0.6463037910383852,-0.1539054318726366,0.05989489322892616,2.0835139685049717,2.3529095507945827,2.674227725341589,3.081696926445855,2.0668554288324277,0.9999999966910748,1.000000001597114,1.0000000043126425,-2.4739766124604046e-08,1.7957795694911738e-08,0.6000000154943164,-0.01872374650872832,0.0055577690433147075,-3.469665829821292e-08
5,0.0,0.0,0.0,-0.13089161721275014,-0.6608126197398086,0.07414308494118496,-0.41355076201695196,-0.9273029735562646,0.13750996182179775,-0.6255340584108942,-0.8499487735544359,0.1914442908578572,-0.7602224317167602,-0.6687983282241114,0.24634713939754438,-0.9147222634621569,-0.8210122281505463,0.045168485716754525,-1.4049721588050386,-0.8220668257698004,0.09851496449680608,-1.6626761741465694,-0.7861230342651054,0.13680928522591373,-1.866092829631297,-0.772910699265914,0.16312276552619454,-0.9831930576502312,-0.44445934067032444,0.02931803712583242,-1.472146015510561,-0.5147678873881008,0.05434723828492294,-1.7641230046392342,-0.585176062026192,0.05722430150709057,-1.974504041927793,-0.6311788826535436,0.06015985148110503,-0.9238876343725544,-0.1065241030651094,0.034290576098988945,-1.0359657859319313,-0.22902629562796595,0.05816633105403468,-0.8793763903225555,-0.3404555207620824,0.043541049894685546,-0.7353959685071259,-0.39072688228945307,0.047180467606395604,-0.8346968828112353,0.1757720347827052,0.049316371861215735,-0.8531455042251859,0.0054563969664919165,0.09949208205307425,-0.7539885517610578,-0.07966336145077868,0.13431680995101591,-0.6473243433636667,-0.13894632761261994,0.16484154712219146,2.057621469695221,2.410928024913037,2.859089373237283,2.4220912387256863,1.4916218409557702,0.9999999966910748,1.000000001597114,1.0000000043126425,-2.4739766124604046e-08,1.0000000089219574,0.8000000117850957,-0.02068915153418165,0.005641182152330123,-3.10082688387426e-08
5,0.0,0.0,0.0,-0.1333001996779665,-0.6343911947560457,0.07640626764215105,-0.40836557613985774,-0.9080123980734923,0.15015444482007756,-0.6338118608032342,-0.827074106995922,0.21156640650898773,-0.7733819345707886,-0.6462160953089755,0.26959092602889,-0.9078282554367154,-0.8301153366626888,0.07240882769145429,-1.393964005710334,-0.8197564480774291,0.12661769893651587,-1.649906647200825,-0.7831166933987112,0.16051848202642804,-1.8531910746289164,-0.7683886509826563,0.18355881076411884,-0.9770549260941706,-0.46682584777012914,0.04992400216585213,-1.4650940668509198,-0.5284562966685835,0.09152166536517015,-1.7564018515152557,-0.588472008473174,0.09735773738437192,-1.9643463902339662,-0.6244454224133169,0.0992003391289531,-0.9166485990862241,-0.1255714594634214,0.04347994846622277,-1.035920642616345,-0.2005075538214609,0.06665384373136762,-0.8664395829617885,-0.2838856111305573,0.042550080412763314,-0.7102491820354148,-0.33557976568787773,0.03880184310665602,-0.8308448185367986,0.16658853194901113,0.046817286694524896,-0.8508664394100851,0.0472471319776786,0.0821905174589811,-0.7380096700730624,-0.02004791977394116,0.10293760610834513,-0.6252386522669394,-0.08302282968329144,0.1233478712525592,2.0427126964422087,2.3807544724480723,2.8199076613789713,2.703731280980951,1.5559354151847526,0.9999999966910748,1.000000001597114,1.0000000043126425,-2.4739766124604046e-08,1.7957795694911738e-08,0.6000000154943164,-0.022100657854430713,0.007752629978993653,-3.021544915010179e-08
5,0.0,0.0,0.0,-0.15891621920867255,-0.6733845960125125,0.07195665545739191,-0.461316034744251,-0.9181263815710733,0.10749160548529402,-0.7148424240688626,-0.8291680162033621,0.13009776555606345,-0.8619724127344363,-0.6324492123546852,0.1455059989063998,-0.9021917651839697,-0.7962740837987421,-0.018581340228330745,-1.4231333400207211,-0.8007702720411954,-0.010919772224875945,-1.7067715404019548,-0.7787218612513732,-0.009288152136377126,-1.9304521363717835,-0.780556668437746,-0.009746228019493097,-0.9669591028152702,-0.4279913742564062,-0.04891796763905065,-1.5037548538079892,-0.48102702550415544,-0.05750433329119087,-1.8250044730319426,-0.5665015027016198,-0.07225178063258086,-2.0622366393627947,-0.632772837219133,-0.08577292621889676,-0.9143199939451232,-0.08548919516507636,-0.054993436219967384,-1.1427235455062976,-0.18282982001020787,-0.0573523303865251,-0.9859587041883142,-0.291211692376939,-0.06193865230510909,-0.8156245296017396,-0.35108368732586503,-0.0519351043106161,-0.8089853967570615,0.19885079858624344,-0.05081697141866248,-0.9161002476339329,0.05515341662558404,-0.026999542635650298,-0.8099394186329488,-0.04259218259800557,0.015447785295967353,-0.6774914154443464,-0.12889032735608874,0.05365242324628705,2.1279702298953325,2.4264969891453974,2.822103491891525,2.8281099702154426,1.9572085053933286,0.9999999966910748,1.000000001597114,1.0000000043126425,-2.4739766124604046e-08,1.7957795694911738e-08,0.6000000154943164,-0.01959874367919301,0.0048247175825150675,-4.7895786677494736e-09
5,0.0,0.0,0.0,0.025862003445066402,-0.422797974256929,-0.18786785128735708,0.1877219127145397,-0.7900426903053394,-0.29852649654814656,0.3698541481092921,-0.7460226449082552,-0.4035102740382713,0.5115047352546175,-0.5722554271149237,-0.4886335492450915,0.8369795093808667,-0.6834605566229608,-0.19363531296496558,1.2288758170370677,-0.8060399801557525,-0.3688309822908117,1.4746584631218556,-0.857595253796101,-0.4680015054582685,1.6924939734107374,-0.8886706341103208,-0.52435100661832,0.9300681071481692,-0.33928980717321844,-0.21198938904614018,1.3203282939430812,-0.4780253182072548,-0.3863915407772949,1.590432120716654,-0.583188887674125,-0.47770571588070443,1.8438520524642583,-0.6581134266276303,-0.5100616781254046,0.8896149182658535,0.0007591729835559891,-0.2532238352973553,0.8090475411910777,-0.07978679146987122,-0.45140230019836436,0.5719870781311092,-0.1662237632814656,-0.47236061044257627,0.4332312972249091,-0.21392738163808178,-0.42687818633841657,0.750054548215667,0.3051536803958491,-0.31646028453381414,0.5647059409930434,0.17426067487932606,-0.44863796615616586,0.4063461303591763,0.039743296038197595,-0.449237374784369,0.33598913578895645,-0.05175194467229893,-0.41176343341366917,1.853364214155841,2.7127511083433156,2.9538307733937312,1.4686890808315913,0.9264523702958973,0.9999999966910748,1.000000001597114,1.0000000043126425,0.9999999949426772,1.0000000089219574,0.9999999942784215,0.02246462604021509,-0.0005078912597816501,1.3943412010460599e-08
5,0.0,0.0,0.0,0.03799007169409982,-0.4115484960509115,-0.15957535740732504,0.24393722637225512,-0.7635923550692474,-0.25042286764660837,0.403374735533992,-0.6000954507898725,-0.34131276518306275,0.4367804520064401,-0.3022448745025407,-0.42487091565626356,0.8302475223322859,-0.6058719150663585,-0.19475611562463174,1.2212290295474577,-0.7135804190594679,-0.35804498220266257,1.4793674807853627,-0.7489020175529784,-0.4573412758846621,1.708669411030661,-0.7770545949391241,-0.5193868348117097,0.919394199629486,-0.2586700130646966,-0.22610029383847613,1.3275237836356977,-0.39486060099270015,-0.3794828901376308,1.6079774416109411,-0.4872340145088633,-0.46963980023265717,1.868109558439678,-0.5595234653801604,-0.5083076970951624,0.8738832840148401,0.08240630322720555,-0.2744293479698092,0.7869737612982687,-0.02401375178816023,-0.4444378597641089,0.5552881965072755,-0.12144741585736363,-0.4749409279813853,0.4111700151396546,-0.175232814238499,-0.4437566983513755,0.7340172733171494,0.37842223952321097,-0.3427591359469746,0.5503950522626105,0.2246635917666333,-0.4558582300771707,0.3892562435227375,0.07147639777946957,-0.4544748931115102,0.29823559324403504,-0.036545265758381795,-0.42193788283320866,1.4097842943424228,2.7440347468147817,3.0224330373425152,1.3803038622382342,0.8617113429249605,-1.550000761074699e-08,1.000000001597114,1.0000000043126425,0.9999999949426772,1.0000000089219574,0.8000000117850957,0.024988313658328126,-0.0004793143528803983,2.478558573852999e-08
5,0.0,0.0,0.0,0.021431343554584925,-0.36193427334388967,-0.1762810207852936,0.26137113592629785,-0.6937639764127439,-0.27971261765812633,0.40563744557767256,-0.4724040015160345,-0.3761811616734008,0.3973458738226151,-0.0819263662602111,-0.4635045566204503,0.8010767121896732,-0.5043391866976303,-0.23491544825611282,1.1842772092200893,-0.5779898476158717,-0.4194638704299807,1.4467395592070524,-0.6031143189020994,-0.5353766724151798,1.676843546018035,-0.62041979487879,-0.6150437588998164,0.8898211666646088,-0.14574080119192745,-0.2662961766918281,1.2903927512047244,-0.24990863246061368,-0.4711061118246925,1.5693149324246412,-0.3344517314886334,-0.5962395667441321,1.862479954032652,-0.388227082154866,-0.6521856191517832,0.8358590844374324,0.19218426940502242,-0.31028071046277644,0.7373446642501642,0.04674094079003954,-0.5081596383000617,0.48141631115349115,-0.05703349680375758,-0.5154687756766831,0.37233003403874443,-0.07516826425429302,-0.46263853212264416,0.691444232779379,0.4794813905038754,-0.3766118883976221,0.5120803915223802,0.25875919132621794,-0.5114866487064936,0.3319164568642118,0.1309019206466321,-0.4919982494956152,0.2683202651214942,0.08266033797469163,-0.4401349389590497,1.3254045139576804,2.7397675532895365,2.9491822952831814,1.3667701675591903,0.9057922768769391,-1.550000761074699e-08,1.000000001597114,1.0000000043126425,0.9999999949426772,1.0000000089219574,0.8000000117850957,0.026808192680641222,-0.0006729827815692264,4.127229685463989e-08
5,0.0,0.0,0.0,0.04455795060252161,-0.3902179245160434,-0.15268139727025448,0.2571807300634668,-0.7533082323337539,-0.24291198223081933,0.40889925308174196,-0.6048414706167691,-0.3339318937199631,0.3942248171985461,-0.27690090908733644,-0.42165054708835537,0.814832107604948,-0.5883665914050671,-0.20805671252029853,1.1955357027014963,-0.7028946747266434,-0.3660372733449183,1.4473346275216141,-0.7452122026173391,-0.46520998967157096,1.6714588287376846,-0.7775141598491506,-0.5312592363562271,0.9053860176345604,-0.24136270860761133,-0.24459551312091293,1.2959718103333255,-0.3839212351982081,-0.39198536126303185,1.5664078754530868,-0.4797791285433688,-0.4813601666927398,1.8305985890974732,-0.5614217926976441,-0.5225610687698988,0.8536736253485895,0.10236827476484556,-0.2950697519438479,0.7460730633143051,-0.05049809219665047,-0.4558422231107303,0.5155262990599474,-0.12683032176533404,-0.4827165869685073,0.38580135436058405,-0.1460153760156413,-0.45275041992318366,0.7052632372815909,0.3931896029204275,-0.3647159632155043,0.5152504520636304,0.18938133474856977,-0.46801981251096103,0.3544888899634715,0.0716605580853481,-0.45767733079342576,0.2668975881323105,0.023794545496425457,-0.4220153660474341,1.4352068905767532,2.7786040156205933,3.0208318183603997,1.2994864928248706,0.836303187905985,-1.550000761074699e-08,1.000000001597114,1.0000000043126425,0.9999999949426772,1.0000000089219574,0.8000000117850957,0.024724258450189045,-0.0006290808184989979,2.8752172314630478e-08
5,0.0,0.0,0.0,0.004710740668630193,-0.44099545011912555,-0.18810789468775213,0.12035257717251875,-0.7821322018250838,-0.3103748256578523,0.2995894128507853,-0.806915512665123,-0.42884549867504473,0.4872685197417018,-0.7672361701273751,-0.5305287241971219,0.7373230037966577,-0.7197107842281187,-0.21912304811406041,1.096251855653324,-0.8618406561184957,-0.39969680121092943,1.3184893229448655,-0.9266175082068278,-0.5014699649657063,1.5227647982889054,-0.9742345131883374,-0.5583422827119188,0.8376413906525318,-0.3881115600290701,-0.24466575753646527,1.200189015774178,-0.5674887935243095,-0.4189265625509106,1.4337771446250869,-0.693626298714212,-0.5113846017728003,1.6537974223703393,-0.7969561330868775,-0.5483072995889297,0.8040715853769514,-0.0489342839411645,-0.29126754128147664,0.7761446526125224,-0.0889661647865636,-0.5028725266736478,0.5156522858980102,-0.15004091520001217,-0.524605214844995,0.34030186343119345,-0.2011551633320341,-0.47897454851095156,0.6677310919823769,0.26824460537034456,-0.35733017488256186,0.5181337140442686,0.20600191734836226,-0.5117741244546877,0.34734577711728165,0.0813882364160522,-0.5176023258416461,0.23736058634485324,-0.02896330619803944,-0.48064428184113084,2.1303162447383737,2.703277105667149,2.9919212347990216,1.7937838994793935,1.2223858599773303,0.9999999966910748,1.000000001597114,1.0000000043126425,-2.4739766124604046e-08,1.0000000089219574,0.8000000117850957,0.01672860940438087,0.00023063679618340327,1.668156306637455e-08
5,0.0,0.0,0.0,-0.1898204310582864,-0.5562458730604714,0.05818388061610766,-0.5516343838974467,-0.7884206642561804,0.02673126752795596,-0.8775323506998652,-0.7063266633060108,-0.02956446094840859,-1.0775706461219658,-0.5021391423349556,-0.111902971720656,-0.7306412339208427,-0.8980940773129565,-0.1077824479026735,-1.2920462229502025,-0.9477393664698587,-0.1858624089393669,-1.6040954865306225,-0.9845548365913842,-0.2422646979632503,-1.8431231351323436,-1.0324926332205886,-0.28228829472002653,-0.7724679857309666,-0.6060718824582308,-0.18837454587939192,-1.3732667496524342,-0.6560971737375962,-0.2541378057049349,-1.725683441625884,-0.7325470635733886,-0.3080537221364823,-1.9893574819455664,-0.796514864495706,-0.35484242994743304,-0.7786121396882022,-0.2555539131906146,-0.2466380856925771,-1.1924770103553597,-0.0916363916953139,-0.288058768131799,-1.0350280918921424,-0.0661116233863156,-0.2784717728817554,-0.8572686256062618,-0.12883922647653068,-0.26547760117743047,-0.7455981207898298,0.0835768115038189,-0.29777896213007804,-0.9971704064572738,0.17537539507218725,-0.31078319968062823,-0.857240857895538,0.1766044257966306,-0.25480644104253064,-0.7013075831429548,0.11745953140304122,-0.20844785983566932,2.32548165348998,2.346352084137667,2.5605452320333617,2.433282364253292,2.7389810065842597,0.9999999966910748,1.000000001597114,1.0000000043126425,-2.4739766124604046e-08,1.7957795694911738e-08,0.6000000154943164,-0.025895127383313295,-0.003306905498226473,-1.3440374508598925e-08
5,0.0,0.0,0.0,-0.19382933805148442,-0.564587057812696,0.06441614816746558,-0.5532346675799045,-0.7601919155887129,0.04664451180168744,-0.862357153518424,-0.6460658286195493,0.0035794283355341516,-1.054254001155454,-0.4356979563815285,-0.0595464978433341,-0.7484305342394943,-0.8599012140243745,-0.07819630836139313,-1.2815162316922482,-0.9144573641756558,-0.1369245374566989,-1.5764505214256346,-0.9445335222281342,-0.18205139065463555,-1.8154857734094205,-0.9879274345650144,-0.21264521811697773,-0.8223917904725718,-0.5552616794754738,-0.15058730728998823,-1.3703969629019292,-0.6364277493460828,-0.19504546771878423,-1.7049862257790658,-0.7257550568050051,-0.23794200807682847,-1.954030220377888,-0.7878285295062388,-0.27568409568986163,-0.8374042024639273,-0.20500924257488107,-0.20166776656379456,-1.1667847700352092,-0.10377999544047423,-0.2155845766327616,-1.0107910632046129,-0.11106343741642344,-0.20427737640117466,-0.8447408513868727,-0.15141627175135175,-0.1930946640027354,-0.7970408890237756,0.12445481251132617,-0.24754901083394057,-0.9735722387442786,0.16476700531254607,-0.22563728398404898,-0.8467134010645194,0.14676855537897382,-0.16560592158853743,-0.7099764368586512,0.1023861356744119,-0.12022622990868681,2.2887852230045707,2.391047239470274,2.6923077259127677,2.576507310363583,2.717800171742284,0.9999999966910748,1.000000001597114,1.0000000043126425,-2.4739766124604046e-08,1.7957795694911738e-08,0.6000000154943164,-0.02717185856595807,-0.0026785533625776816,-2.1308291262989014e-08
5,0.0,0.0,0.0,-0.18142420418532493,-0.6126463029420297,0.12971094201159813,-0.5198329435986996,-0.8040302997134574,0.17851277762616335,-0.8108144158903804,-0.7184984110993003,0.19569038217472767,-1.0005322447249887,-0.5378368436053881,0.1994181501639366,-0.8114483458292111,-0.8863942183916352,0.06360577746847151,-1.3301557700814952,-0.9212199424483435,0.08234446710002741,-1.6164251665731606,-0.9430078915923068,0.0920858226042568,-1.8361686501376326,-0.9761116061433768,0.09585948152323986,-0.8995724014923488,-0.586961852958934,-0.002913434362857348,-1.4294359239509866,-0.6597255367351343,0.007985455394025731,-1.7438326261527946,-0.7440224538989989,-0.004764901132259469,-1.9544500533288198,-0.7934512608768494,-0.018244399000170386,-0.8990187007309846,-0.2312730554223058,-0.044216589913449345,-1.164055998951802,-0.18083431401947103,-0.0035808280370256407,-1.0038782713703458,-0.18561443834239388,0.01691625912276329,-0.8408133449909279,-0.2151589438391771,0.03327056160395436,-0.8330797356750845,0.1036911681386048,-0.07518572931496453,-0.9375707900092484,0.08825096348077721,-0.009998954660004666,-0.8039665287268825,0.06336316910051265,0.05001545133730334,-0.6692620612140966,0.019906076799370398,0.09513372298005751,2.341724622560084,2.3797349941659816,2.6993649194598546,2.660790213733223,2.449510353213271,0.9999999966910748,1.000000001597114,1.0000000043126425,-2.4739766124604046e-08,1.7957795694911738e-08,0.6000000154943164,-0.029138326106224837,-0.0014354717990920684,-3.544661222880985e-08
5,0.0,0.0,0.0,-0.17947642744114875,-0.632291962351392,0.09505172304079554,-0.5333308154420995,-0.8342485901084695,0.1368746360816563,-0.8236607370420702,-0.7530564673940204,0.15353403420183587,-1.013845536157244,-0.5810880060848458,0.16030338269468825,-0.8527682556336795,-0.8997268804640219,0.055325437819214895,-1.382988314978858,-0.9396074477389421,0.06791788317934355,-1.6691433097181056,-0.9584484182423278,0.07090232101362992,-1.8911297007321966,-0.9896878675038826,0.07398904003660822,-0.9463383839449222,-0.5793985701516066,0.00571108264421083,-1.4756252916171686,-0.6619252483591711,0.023186590281151553,-1.7885719509785303,-0.751156572369716,0.010522021527328063,-2.003605286511927,-0.8086484246144225,-0.0026309180316002045,-0.938250377086806,-0.22777619924706216,-0.024892115451091046,-1.182085425803918,-0.20740880025424047,0.0023901866596457433,-1.0176052111386726,-0.22969891466146664,-0.0030746694469743208,-0.8486604967039963,-0.2513235752534585,0.00010278959747000993,-0.8706527002580731,0.09485380761033957,-0.04709293264648906,-0.9581273984489985,0.056818016259049586,0.003520905500990934,-0.82297585125891,0.02082426293911277,0.046295516589843655,-0.6848601884263932,-0.018107777414063775,0.0813796665373181,2.3515407905309753,2.4046459221382577,2.7460164872668185,2.7926991093799947,2.4051923942493003,0.9999999966910748,1.000000001597114,1.0000000043126425,-2.4739766124604046e-08,1.7957795694911738e-08,0.6000000154943164,-0.02751690822392136,-0.0008293789301367094,-2.8222693288142327e-08
5,0.0,0.0,0.0,-0.1825681720926926,-0.6392335381217072,0.12797278611267163,-0.5246079836189365,-0.8300648278709293,0.17903180235788685,-0.8091160662883966,-0.768891624977577,0.20053347014738399,-0.9994947523996424,-0.6136975268593607,0.2097467043438167,-0.8399849087794848,-0.8904827927892319,0.06216206204253294,-1.3692434774309232,-0.9165417936507105,0.08222937563228405,-1.65075184736027,-0.9286980690532478,0.0909777205493848,-1.8735200460446824,-0.953778992515298,0.09489048648911647,-0.9236157977383435,-0.5763196772668286,0.003269513184142203,-1.457857565434596,-0.6415190252124506,0.01564130710082745,-1.7676374279326967,-0.7195820956748469,0.006081285162287231,-1.9808065319156718,-0.7668247964514252,-0.005609312708410585,-0.9119823189021143,-0.2227894455159618,-0.030939451969384357,-1.1614892557686616,-0.1960075839959312,0.00717833118828759,-0.9956137048691178,-0.22045367122108706,0.019735284451506185,-0.8267988365021939,-0.252172984890777,0.031372251975808285,-0.8435222737302449,0.10272782844429951,-0.05411373678329656,-0.9395678803820059,0.059660204336738576,0.009791390838850833,-0.806442979506697,0.02468961668162384,0.06453086393619956,-0.6652730455897818,-0.01856659226990265,0.10556819534496542,2.422712551962004,2.376904738338035,2.7047536350519734,2.750359313366708,2.3427109612180907,0.9999999966910748,1.000000001597114,1.0000000043126425,-2.4739766124604046e-08,1.7957795694911738e-08,0.6000000154943164,-0.02421897579421769,0.00023294166476504116,-1.431295760277727e-08
5,0.0,0.0,0.0,-0.186465330636262,-0.6368268277532843,0.1082657897786943,-0.5279593871721734,-0.8273554457899988,0.15063168950991612,-0.8099739322580491,-0.7536509075475752,0.1676544586316081,-0.997702896133949,-0.5836020103632902,0.17387030739030573,-0.836558427939167,-0.8671979488422372,0.038854081399331664,-1.3709102686816383,-0.8987538236323745,0.05381547518367946,-1.6556456070716477,-0.910520382013754,0.06336630766106144,-1.8784898075918672,-0.9366413992341249,0.06974417522786369,-0.9219791418199368,-0.5473076222895517,-0.012895284871174972,-1.453717621476335,-0.6242387808688821,-0.0055040212650296905,-1.7661564909032694,-0.7093444467206453,-0.015589213805478397,-1.979509565133617,-0.7629530472267516,-0.025658555520077675,-0.9104812132668063,-0.19468115394028618,-0.04115832769347966,-1.1537251748629602,-0.18494778933474154,-0.011746456276959139,-0.9904405911024934,-0.21744788376884705,-0.0027294658007274153,-0.8238630021046326,-0.24997946915261715,0.009928190541461657,-0.8412240417109138,0.12794769669214423,-0.059448439580935486,-0.9356745331673654,0.07275135203282401,-0.0005117519010142679,-0.8038195853549652,0.0298345882386305,0.05398237438051745,-0.6640418997610572,-0.013854997553127357,0.09660985845738812,2.3782958842615134,2.3975405799547986,2.748721342128005,2.842226008108334,2.278295745767985,0.9999999966910748,1.000000001597114,1.0000000043126425,-2.4739766124604046e-08,1.7957795694911738e-08,0.6000000154943164,-0.01682778818145317,-0.0008391868745958831,-9.066260735472623e-09
5,0.0,0.0,0.0,-0.19409359490559558,-0.6445103969075886,-0.06068663285131615,-0.2768209237121736,-1.2061981226188776,-0.11216277292044757,-0.32462898256155015,-1.5573998677598246,-0.17615450404599314,-0.37473536224999027,-1.7951147568185535,-0.23447015715714953,0.08443358683927352,-1.548249003933205,-0.14825639994741355,-0.11090993641481739,-1.9908569905079299,-0.3287725369239261,-0.39453864319052245,-2.043856642203438,-0.4339370607280774,-0.5920808376206081,-1.9669563783383806,-0.484634992839079,0.1765698307636392,-1.298318738687412,-0.2018357176652485,-0.29437699904612147,-1.4765021897085449,-0.36893432671108783,-0.6104713949379205,-1.382180700751817,-0.40097149621258854,-0.715832413760184,-1.2416474877244497,-0.4063576807098409,0.17066717389630276,-0.9504502412768923,-0.2714112099004324,-0.31569845133049357,-1.0584439007381132,-0.417435464402741,-0.5765515873991175,-1.0111169778961477,-0.38138211123353444,-0.6518760294185015,-0.9305645798265268,-0.3396043241677764,0.09844568384464887,-0.5691894258863124,-0.35134774534888175,-0.2993556923651014,-0.6614436472429411,-0.45331299369784567,-0.514211042617511,-0.7045919314878162,-0.4226372887545483,-0.5956215860078458,-0.7042977911191378,-0.3776975569025276,3.0527317557350564,2.615445100332256,1.8324092697802639,1.6848545139150926,1.7444684556254613,0.9999999966910748,1.000000001597114,1.0000000043126425,0.9999999949426772,1.0000000089219574,0.9999999942784215,0.017488942166095582,0.005922847940984234,-7.074667389888225e-08
0,0.0,0.0,0.0,0.5033406016175117,0.19899277123512474,-0.2701794813534489,0.8795025852800267,0.3618588221631444,-0.4871531131504485,0.8665494069053443,0.6615393306138215,-0.6650660001756841,0.472136439689974,0.8520179481313448,-0.8243167517998218,0.6749584165699952,-0.6640836229020126,-0.5557770043276631,0.7403148133273882,0.30854679128401385,-0.7974174653651018,0.6758854298865062,0.4841756659112153,-0.9253525782902816,0.6282951435302695,0.2948493597874018,-1.0209243215464896,0.31198454340291865,-0.7068591106597938,-0.5520105275082636,0.3819292862817997,0.4677204628989058,-0.7322123045101031,0.37617485751196716,0.5011426301169786,-0.7460778263185794,0.39538242550025376,0.21095367167556578,-0.7977498786823007,-0.01368083603492988,-0.5770065155767135,-0.5613986185548878,0.10474482177962098,0.5324304082297494,-0.6914039862734976,0.11544068332988716,0.46207114013054473,-0.6314549458611307,0.1411062191239128,0.12690885068496427,-0.6148282896793631,-0.28087936874996156,-0.374854763933788,-0.6079370823904302,-0.1538877875796572,0.44901337878579906,-0.7237333008083385,-0.11780699991007841,0.4084875212250706,-0.723197995663529,-0.13529044589147543,0.16232387977769658,-0.7338065543495556,2.1063115690059235,1.1329810662860187,0.8928361176606456,0.8906736122670236,1.1325234421717607,-1.550000761074699e-08,1.000000001597114,1.0000000043126425,0.9999999949426772,1.0000000089219574,0.8000000117850957,-0.008722481118258327,0.012707760227306047,-3.387743542945945e-08
0,0.0,0.0,0.0,0.47959417574659374,0.10971641408559421,-0.27820149184326165,0.8476395919184244,0.20108331873718294,-0.4998560226565171,0.8404157770852633,0.44661345526661744,-0.6774467818275303,0.4603512932365861,0.5824171935947606,-0.8338521698597487,0.6609265960529771,-0.8290202019505626,-0.5842277598413423,0.7186398006324668,0.13581102453487337,-0.8294735576134027,0.6319781386540819,0.31321525606159417,-0.9487632016214859,0.5665377308697543,0.1011623589543118,-1.034274215399032,0.30006298808436627,-0.8489884677017328,-0.5700256976025724,0.3735723721447012,0.290525424966793,-0.7624983201527074,0.3524794490967771,0.35612124092616204,-0.7691163335743613,0.3586408216567444,0.07272594197329552,-0.8110685854173239,-0.017474027551826782,-0.7027824400702517,-0.5691230826728946,0.10125228016038133,0.35038434400666907,-0.7183889235233751,0.10719767065168172,0.3110523530202206,-0.6631082926385289,0.12346576481704594,-0.008651851446786485,-0.6446821111217927,-0.2826003637433304,-0.4982368426315452,-0.6026479588619467,-0.14157337438337914,0.26005447200628473,-0.7315626727194504,-0.11870233323201874,0.2309026439728027,-0.7415198697504545,-0.14498153583852785,-0.010531219689302596,-0.7583119320900276,2.0310594775840354,1.0329113874450322,0.8269136600208133,0.8244721404453081,1.0205564276042833,-1.550000761074699e-08,1.000000001597114,1.0000000043126425,0.9999999949426772,1.0000000089219574,0.8000000117850957,-0.008492338179198079,0.015539487654389426,-3.492936689205427e-08
0,0.0,0.0,0.0,0.5027742705556668,0.0864393955020488,-0.2844902592199899,0.8857693875266199,0.14382597509770062,-0.5153791884911619,0.862725233166086,0.3696797702096226,-0.7007469040588233,0.4572121419412952,0.5070308489284052,-0.8657788597728362,0.71308169733505,-0.8804933559647987,-0.607081958074384,0.7913120648874257,0.09859387830354827,-0.848314644834093,0.6901304596143562,0.2825214073847211,-0.9608289075287022,0.5971899541737222,0.05278943051460705,-1.0426235173287892,0.3487849554085735,-0.9167692132111056,-0.5887522883366745,0.43776573573996047,0.20417845061655382,-0.7788033938729881,0.41146898365615436,0.27524189925310383,-0.7803441167522017,0.40518706205032806,-0.019467462122999768,-0.8204307591283123,0.028401190647517102,-0.7749184410780481,-0.5829688344599855,0.15722160098840027,0.2604859611567413,-0.7271679615255114,0.16108508597058097,0.2436882911865813,-0.6753721821411289,0.16446573980701365,-0.06731387516055742,-0.662218332284792,-0.23809041137948,-0.5718591122131065,-0.6111646252379639,-0.08743267341407378,0.18986829470044297,-0.7332607490541458,-0.06743143851453896,0.17949094570935364,-0.7457215778031585,-0.10231694700488507,-0.056473319554547485,-0.7678838969865691,1.9338902256253043,1.0384604651234417,0.8255790331689148,0.7963028736968731,0.9518247033710805,-1.550000761074699e-08,1.000000001597114,1.0000000043126425,0.9999999949426772,1.0000000089219574,0.8000000117850957,-0.009265069312719572,0.015806175391472478,-3.512064977737056e-08
0,0.0,0.0,0.0,0.4790139342062012,0.09154539832455114,-0.29696905868840817,0.8657128761167925,0.14766636735697242,-0.5216294016810985,0.8666267344950035,0.36255527926533493,-0.6997564457397784,0.4733966480666326,0.4949295517827581,-0.8527503031883559,0.6794405846626924,-0.8888957676628437,-0.5918990527119967,0.7253996247231627,0.09858339243219416,-0.8507653573302351,0.6346967353361922,0.3488599862206814,-0.9774727982593248,0.572237758368993,0.16724942574413193,-1.0642172176839866,0.3141712598419972,-0.9295015386396718,-0.574060747196835,0.3761330631834421,0.24938725899353753,-0.7757592665316069,0.35467495663202186,0.3671301442118169,-0.7900871611945498,0.3579550144438778,0.08866721320699611,-0.8347374800898556,-0.00575821219655781,-0.7957154476287222,-0.5717732949294575,0.1065296228761593,0.3172973938145133,-0.7334185817030981,0.11513213086832706,0.32048318027973444,-0.685189840861628,0.1395467389263425,-0.00031354781318515546,-0.6682927014574038,-0.274644816219144,-0.5896386512561879,-0.604796165946926,-0.135078881516275,0.2123405947017013,-0.7319767987787972,-0.12176428268445606,0.2153668716236391,-0.7358291120441047,-0.14643398376088818,-0.013898041653495397,-0.7463000980456468,2.0006721063992186,1.0050759076819562,0.787615091945423,0.7715977013087825,0.9354380071676409,-1.550000761074699e-08,1.000000001597114,1.0000000043126425,0.9999999949426772,1.0000000089219574,0.8000000117850957,-0.008978862495650372,0.014411737088000979,-3.661516213942052e-08
5,0.0,0.0,0.0,-0.02190982695668159,0.8737878795384243,-0.8604946253719652,-0.54311842409847,1.4269589679403647,-1.2581965324180655,-1.239363620138904,1.7221905482047668,-1.4701692967849649,-1.909845273585143,1.7762619993498368,-1.6536714023049985,-1.3426021935323147,0.13503187032879627,-1.2371357411928183,-2.4411348212644257,0.10872657658631035,-1.6036567073364745,-3.2042777775847675,0.09666508028283682,-1.7803005067697029,-3.828198499738836,0.005763918858824102,-1.9033377035146066,-1.617700271171984,-0.21081014380641416,-0.9128408010551454,-2.494375291184898,0.3780928620681472,-1.2546773500246595,-2.6749379824536454,0.7287744366517963,-1.3012142238280213,-2.789928001417442,0.7383739716724593,-1.3151337843936546,-1.7564746177455075,-0.24611227748700548,-0.6282106576500233,-2.375010066426641,0.6016191602711186,-0.9888954929659823,-2.0281273888103897,1.0509125691653902,-0.9292248446425486,-1.693871188112963,1.1124359129460786,-0.8284947289439688,-1.8170849327572474,-0.1634534371085128,-0.409021883800386,-2.2787023432912825,0.5144398094913449,-0.745230487214574,-2.041669969581866,0.8374651929525277,-0.7710616006846496,-1.7679774650634803,0.9110518395737784,-0.725097063830108,2.7049446083091713,2.7084943894152484,2.455881606030401,2.1281499825238166,2.120285033553867,0.9999999966910748,1.000000001597114,1.0000000043126425,0.9999999949426772,1.0000000089219574,0.9999999942784215,0.012344952092897774,-0.009624408799335717,-3.257397077304107e-08
5,0.0,0.0,0.0,-0.27170981321338583,0.23457871019523482,-0.536155693768671,-0.12628859067031006,0.6090216175091527,-0.7481376044805821,0.2752292576659058,0.9417945109592032,-0.8486219645523001,0.7221416742785298,1.0371383948408215,-0.9133015148513557,0.3062333809728261,-0.27848842396630225,-0.7008460419100084,0.6266080747750085,-0.23354269450742937,-0.9668526927356615,0.8529340718741696,-0.172110211474364,-1.1076235992592445,1.1371632067804494,-0.24390734014082538,-1.2020503182266256,0.7265818182437055,-0.15832911175965747,-0.5274649308460888,1.0446498134783468,-0.09380460606767493,-0.7719936300727293,1.2149630942243415,-0.22706956403624834,-0.8281688691747182,1.448333385831406,-0.5278957332354477,-0.8482502762728362,0.9498007963738275,0.06368281222483141,-0.3861701187629945,1.0353724558026112,0.633292720001753,-0.6798049889045339,0.6088499373215913,0.7930584493006861,-0.629250050573763,0.3884673742496282,0.6945593228823908,-0.529008567515879,1.02363675857465,0.2810749421640034,-0.285850679474344,0.948926860615713,0.8598003742478428,-0.511433125935461,0.629717310387492,0.8985245654793729,-0.4952674166122945,0.4556163491811111,0.7867046550116662,-0.43647596251910004,2.5809981876169155,2.494653004624126,2.806463475792157,1.925933960768825,1.7916643627860864,0.9999999966910748,1.000000001597114,1.0000000043126425,-2.4739766124604046e-08,1.0000000089219574,0.8000000117850957,0.04201238628710432,-0.02269722737783662,-4.4498053745343525e-09
5,0.0,0.0,0.0,-0.28063273754787654,0.1580471891033163,-0.5385243814731908,-0.10865025586231146,0.5168936720607804,-0.7607375474011795,0.309418023327811,0.8567424509682378,-0.8687872223753097,0.7570307162307313,0.963796549080626,-0.9437950758553662,0.32699871521509155,-0.3060790288409294,-0.7457545644779899,0.6786071753047265,-0.2583267765397279,-1.0049742807486384,0.9064601176001663,-0.24333774691552845,-1.1419190505649501,1.1965603540376335,-0.3418545006554726,-1.2420031986086855,0.723822799114465,-0.16874937072667562,-0.5683926455625314,1.0363722518570768,-0.2047138347982146,-0.8168033203714327,1.2322322280685565,-0.3426544599573228,-0.8866828868880448,1.497746571296722,-0.5844326283820095,-0.9284603028635378,0.9308149845528492,0.06470088335231905,-0.41700979723497955,1.0715512849852031,0.5747511281096583,-0.7225121353727636,0.683924552165532,0.7404875814729389,-0.6909534308540303,0.4647506950972555,0.6831461115379689,-0.6133126614076652,0.9955054006715403,0.29163867957531375,-0.30322507068381344,0.9592445145061733,0.8006433479731891,-0.5619500873248712,0.6610980451468831,0.8535581424748501,-0.5750707983932644,0.4951767755660444,0.796916626162926,-0.5397655378577829,2.625793694940933,2.4468648433569102,3.049904023400722,2.056316851403252,1.884483697743557,0.9999999966910748,1.000000001597114,1.0000000043126425,-2.4739766124604046e-08,1.0000000089219574,0.8000000117850957,0.043471738217158405,-0.03218983941393925,2.9699789657642515e-08
5,0.0,0.0,0.0,-0.2608861092778284,0.22615343736607804,-0.5656979200671189,-0.09732004853045934,0.60078436255082,-0.8143151552999376,0.31566500915261936,0.9257852995010849,-0.9382973925605398,0.7615556097001766,0.9776377061053914,-1.0284453538145855,0.34996557518552407,-0.42777538682072636,-0.8293387201566318,0.6693016390417779,-0.3663512192634091,-1.154960048959257,0.9822909616751191,-0.2671948653456703,-1.3292473579740005,1.28132044245887,-0.2838818999300884,-1.4441213103644759,0.7464335026115579,-0.2993137752514624,-0.6540147722498116,1.1020135834684972,0.29132380022391335,-0.9600472332131893,0.9500545285137411,0.44487968071369877,-0.9971234411755081,0.8385412999894497,0.281618639243441,-0.9811893098488135,0.9607277422628329,-0.05441117683196539,-0.5079647274636766,1.0235137541642667,0.7396350514644302,-0.8134246549666205,0.6223020086093679,0.8550728213778912,-0.7201368827437453,0.42517245346799376,0.6556096842439327,-0.5913450118453231,1.007524266579077,0.1956381980859878,-0.4062879386605241,0.9756660022745137,0.8385732447800884,-0.6131120925703254,0.6786358043456526,0.883819694911013,-0.5535569196568999,0.5144517906251262,0.7029162715588585,-0.4636764258454695,2.5907585644793536,2.4578001506923535,1.9491003733005474,1.757472504740257,1.811221371902897,0.9999999966910748,1.000000001597114,1.0000000043126425,0.9999999949426772,1.0000000089219574,0.9999999942784215,0.04541386119091733,-0.03257171960767736,5.496350033897114e-08
3,0.0,0.0,0.0,-0.13562721999518002,-0.02730149798243145,-0.5980330177175667,-0.10893682782856164,-0.18710041267669247,-1.0012069772770444,0.08004717376482196,-0.23014620804461555,-1.3119238945950602,0.24159094348084253,-0.1874416083416658,-1.5630204026269234,0.6673511993160204,-0.9688472664424326,-0.9654525364882256,0.8257816355003855,-0.035313487684066835,-1.3048260479794807,0.5529450461783381,0.4365166391822415,-1.37435935834101,0.3505825104642238,0.49396674991330625,-1.3705065133550591,1.0282656941945831,-0.8377677757882622,-0.8227250531945464,1.1502504355930379,0.17745895827008518,-1.184669892019273,0.7368152270271344,0.5845626641088455,-1.2217394261335714,0.47245325946756667,0.5828710351821502,-1.1918818871396644,1.232519372402101,-0.6028766047005115,-0.7044720014870245,1.4314791841731211,0.21639572904220528,-1.0633804729328118,1.0147063970131516,0.5773821377098,-1.051702490120655,0.7308570336972523,0.5927215098922303,-0.9590536120162806,1.3522291298838285,-0.325094867425574,-0.6240947183674058,1.7939450506311097,-0.11091714271904285,-0.8233360065047486,2.0610724164990915,0.10954117012224673,-0.8314223813036028,2.3071615354320127,0.2386411265917171,-0.7974677592044993,2.6103901843380766,1.257990121711803,1.3156357960571992,1.5737275984895454,2.510444424774006,0.9999999966910748,1.000000001597114,1.0000000043126425,0.9999999949426772,1.0000000089219574,0.9999999942784215,0.04683182776344808,0.030818335357982427,-9.213660881028641e-09
3,0.0,0.0,0.0,-0.12482948557144574,-0.03806875533038295,-0.5605682801776363,-0.0777977965968236,-0.1910253681881411,-0.9363624892474433,0.11407306186609872,-0.24408545859466424,-1.2288859150090121,0.24663316392306125,-0.26390658997331756,-1.4662721637444482,0.6907436735510498,-1.0224345897220217,-0.8860435373839023,0.8340152313847597,-0.09074425780202011,-1.2221289790299257,0.5695422040414483,0.38576037382564055,-1.3143379714902013,0.37233359412278244,0.47582682171273083,-1.3266757380311085,1.047335401875467,-0.8737727377204655,-0.7607937528724492,1.150934107919964,0.14390682895318951,-1.1121524624865367,0.7665220164675669,0.551378433363926,-1.1677601302232672,0.4989258886351227,0.5909997848542627,-1.1540510526065595,1.246941327565395,-0.6289442670372405,-0.662120032110243,1.4278380300790254,0.19627707962775587,-1.007948625525827,1.0414513225773627,0.5436231915943769,-1.0178506254068633,0.7668048186727976,0.5771396918844511,-0.9432722661320452,1.3647817549629662,-0.3415091159261402,-0.599664205535692,1.806488893216822,-0.12945349053353838,-0.7841291960795674,2.076532446755284,0.07041062731469638,-0.7969918895272301,2.3213225540538467,0.1955424392535604,-0.7704880808473002,2.645031212467734,1.196486139323662,1.2619827968903852,1.5250857846678045,2.499116184005449,0.9999999966910748,1.000000001597114,1.0000000043126425,0.9999999949426772,1.0000000089219574,0.9999999942784215,0.046651674726969974,0.027090557105035423,-1.1661664539556924e-08
3,0.0,0.0,0.0,0.08778580808730865,-0.4058411053454401,-0.3068242074622178,0.2609085764130344,-0.6819749982357798,-0.505430639459004,0.489151688873752,-0.7037455983840892,-0.6530429741415236,0.7500026943212926,-0.7775536751752405,-0.7492247837134632,0.9234931454184292,-0.11879780642325,-0.508659068516741,0.4935998291995278,0.24713450086947586,-0.6615245304365944,0.20016924714809978,0.05478769829571983,-0.6790071155706648,0.15307973586307855,-0.12469117623883874,-0.7038701771256088,0.9731061746940338,0.293734031427342,-0.4575706410070287,0.41662029347035967,0.5974784001496165,-0.6367598811043165,0.12682597097806234,0.2562733560742343,-0.6575314376686741,0.1273614899386748,0.08303160391312958,-0.6866120706812888,0.8727449007168155,0.6249446806260057,-0.41618606134053976,0.3985957312347572,0.9264061068839681,-0.6723806289971609,0.14792022182759634,0.5501707350063997,-0.6817182885241865,0.09421999829896108,0.2852094172532784,-0.6671658723431595,0.683512816895901,0.8448197372410485,-0.390969961544982,0.6179015404391446,1.33131881784914,-0.672406196837694,0.5501184343022337,1.6780417073965932,-0.7601643303256225,0.534901751147696,2.015117320260951,-0.7829664852862878,2.3733382067714386,0.9465132708636577,1.0423017730271629,1.4029205008385914,2.387185582113027,0.9999999966910748,1.000000001597114,1.0000000043126425,-2.4739766124604046e-08,1.0000000089219574,0.8000000117850957,0.0004457434112812417,-0.016679286741880215,-9.113686934359557e-09
3,0.0,0.0,0.0,0.24798245521829368,-0.4415888710008349,-0.2750853636439571,0.6335176915876733,-0.6588416052633708,-0.39606767965216405,0.9113767880577415,-0.653891024136307,-0.4647572937533259,1.1991246261768869,-0.6516160356523442,-0.5083751058249116,0.8949399629500138,0.15754951246253346,-0.4392466798010537,0.4141499255479267,-0.10286637129466802,-0.5729641310482175,0.2751735001745293,-0.358365755077533,-0.6305723786826883,0.3342590665082458,-0.47306942254342255,-0.6814047102660165,0.7323118112937974,0.5826434996409275,-0.4047746093685497,0.1301290849740771,0.18288640298365744,-0.5182114837619088,0.0672905806043816,-0.18310310485372872,-0.5603531000685696,0.16305472430897483,-0.339641649538421,-0.6130771637842857,0.5026464104022927,0.831033970257733,-0.37865784708457506,-0.0020418507411960746,0.5063665958128863,-0.5955363510860877,-0.03953391666391297,0.15113505033390295,-0.6351478675655453,-0.009692271738664437,-0.047841357600311385,-0.6566272997529146,0.2441479833915915,0.9139464041041147,-0.3734177070941045,-0.09577099630834472,1.0331529933778256,-0.6842954067601486,-0.25269469908831815,1.2120034233912902,-0.7872235863763202,-0.3940532929034128,1.4156391207791588,-0.8159251774612504,2.627558706605033,0.7580325824287777,0.5701502262446834,0.8452415641908997,1.86871516636304,0.9999999966910748,1.000000001597114,1.0000000043126425,0.9999999949426772,1.0000000089219574,0.9999999942784215,-4.867704083126579e-06,-0.020626148406223295,-1.955213298067204e-08
3,0.0,0.0,0.0,0.21663093982266726,-0.38565417269897767,-0.27929955803088186,0.6019391952352142,-0.5675665147260947,-0.42169079110757274,0.8638559184917108,-0.561281501745807,-0.5222891573566061,1.1598169364718256,-0.5689751507197032,-0.5953798900531798,0.823317647067692,0.21019516998157828,-0.4242906016435944,0.40041627435488836,-0.0839938107900744,-0.5982739300716913,0.2575757091231528,-0.34243228526750014,-0.6861269504597728,0.2923818111073456,-0.42859679316248056,-0.7547476890051726,0.6311800612938439,0.6106026602288859,-0.3951682722637474,0.10861866744217269,0.1765601532689265,-0.5380230553243339,0.044760133807457574,-0.16820383007399675,-0.5835121273100347,0.11781083070780127,-0.2472283301372924,-0.6319922208770984,0.36442971435598753,0.8324200470299852,-0.3807545290570705,-0.0632407017056521,0.5098314902117994,-0.6110650898859057,-0.10245780090357702,0.17082704769427315,-0.6324623827852094,-0.07851362212953947,0.016620371879271012,-0.6349711418998356,0.10010828039531924,0.8998718147130577,-0.3880362205968723,-0.22196669049548667,1.0039380606086061,-0.6819952132254634,-0.3844844873762634,1.1353527061582556,-0.7687860842088421,-0.5238623496192092,1.3147855995267932,-0.7875804344823891,2.702130078697701,0.8618930819177426,0.634434253084224,0.9446027953567018,1.9794180396568073,0.9999999966910748,1.000000001597114,1.0000000043126425,0.9999999949426772,1.0000000089219574,0.9999999942784215,0.0017733705972346565,-0.020031097602599357,-2.6035307490860675e-08
3,0.0,0.0,0.0,0.2488021878923871,-0.42024797857797125,-0.24173225423670391,0.5991738651159892,-0.616979957116826,-0.36632269623629277,0.8749171569404673,-0.6316660044745575,-0.4470919357277164,1.1553960309168525,-0.6426876162192873,-0.511573258709382,0.7988225644290644,0.07581876373630747,-0.419163549477093,0.45729623254870794,-0.21052180058814285,-0.5252457854099638,0.35100069384819244,-0.3863391991423971,-0.5398228775720311,0.37318830001285436,-0.4543262173547217,-0.5605015751201927,0.6116233597207228,0.4657758159227896,-0.40148225249811675,0.18567173195778064,0.06541068199124722,-0.4929194745420157,0.12567151742764937,-0.16674752528959558,-0.5060346074226553,0.1831832284531577,-0.24567646049708292,-0.5385774980473954,0.37734151241682534,0.7151845675730986,-0.3895767324805283,0.01883319619306041,0.3667570225054949,-0.5857796061336985,-0.007164064721187746,0.17637262132417109,-0.6192871299699647,0.01991364979612316,0.10597180868550504,-0.6447404048087936,0.12363641663347304,0.8129858313199064,-0.3925492468351796,-0.2091313434690864,0.8631132800315355,-0.6801413868567863,-0.35505046189285483,0.9989392301852414,-0.7746516520477293,-0.46788557553596305,1.1683153394954524,-0.8093426781095001,2.7026987056800484,0.9236260301484098,0.6442907195386163,0.8775818202208647,1.8534568377598075,0.9999999966910748,1.000000001597114,1.0000000043126425,0.9999999949426772,1.0000000089219574,0.9999999942784215,0.00020241736862323213,-0.02134836495886202,-1.7675071889995634e-08
3,0.0,0.0,0.0,0.1900250376854296,-0.38460418228901594,-0.26742363155105753,0.5253584534321112,-0.5987400927015194,-0.39564922588109064,0.7812511821845523,-0.6048200723677944,-0.4726498149438092,1.065248443398656,-0.5897499823175891,-0.5227904885217386,0.7543080740374185,0.09047473592094857,-0.43289857940366994,0.3681826830506103,-0.14478018392623038,-0.5290180443942915,0.3025806866042152,-0.3119374541923421,-0.540717779782227,0.37880450013843286,-0.3590820220336338,-0.5676360106524895,0.5968666526959633,0.5148318793988178,-0.39494004857731996,0.0963815089790647,0.14772763323634375,-0.48501128044500996,0.09649234792543356,-0.0787876960458791,-0.4955408265078173,0.2165967674981075,-0.12110073547253353,-0.5268123150839958,0.3696418846525003,0.7729346048564214,-0.3651894937467894,-0.04250221838475107,0.4768750684305375,-0.554890633163923,-0.023045945249125982,0.28439447157967035,-0.5740905409874902,0.04218659539399611,0.2326168896871641,-0.5869462484045751,0.13070680202799037,0.8683083346528325,-0.3548195659354115,-0.20704836487303196,0.9352668698197031,-0.6471757869042396,-0.32695426965818286,1.0696434815852904,-0.7482849985612777,-0.42505958167397545,1.2464929784836376,-0.7829882427978629,2.621914863118574,0.8361732740784573,0.6133919140860911,0.904399146433654,1.8495913759253115,0.9999999966910748,1.000000001597114,1.0000000043126425,0.9999999949426772,1.0000000089219574,0.9999999942784215,-0.0011107590764675643,-0.023183564450951898,-1.9746386287658537e-08
3,0.0,0.0,0.0,0.18671514631868527,-0.4177197110842673,-0.2748768072415835,0.5183714851477024,-0.6342763802692719,-0.4086901254896231,0.7661427165104304,-0.6402840587038426,-0.4922579518117073,1.0567393033029369,-0.6495765438840388,-0.5483869341397603,0.7731501242052431,0.10498018738744697,-0.41667830624627433,0.3476855277241977,-0.12014530245708221,-0.5286216134903428,0.27164369438846003,-0.2926484145659516,-0.563035965485407,0.3559577836421356,-0.3425410147572219,-0.6039403651973165,0.6128005327291871,0.5213218802260884,-0.3788668526317607,0.0773226243121526,0.1754956921717985,-0.4821429848095862,0.061898299910149744,-0.06773788567987094,-0.5115822557274731,0.17301772290492834,-0.11069019674826719,-0.5547078818278087,0.3864255906553316,0.7777364802560718,-0.3515670300993805,-0.06478628072191975,0.5019758763225047,-0.5495359899457674,-0.06808454727638431,0.27338633422518155,-0.5773143177390817,-0.01215870843066795,0.1982404827122266,-0.5936313843695115,0.14989404338485943,0.8837628789670476,-0.3456198891139848,-0.20114993438379608,0.970949598111319,-0.6289427852349748,-0.3413872935215194,1.1054968207468208,-0.724970519107021,-0.44975958957344114,1.2842289509024893,-0.7566501545747704,2.6171920291868997,0.795585734487805,0.614226236373616,0.9229993657009288,1.8516669220327182,0.9999999966910748,1.000000001597114,1.0000000043126425,0.9999999949426772,1.0000000089219574,0.9999999942784215,-0.0007859732387105179,-0.023285697510460533,-1.9491371411980575e-08
3,0.0,0.0,0.0,0.13487332706911434,-0.4753114973632915,-0.2695281524595494,0.4418494658301291,-0.7800030094699295,-0.41053840502421146,0.6877710555694502,-0.8329361579184901,-0.5089201927286184,0.9737903630253076,-0.8912565732094548,-0.5709911565997873,0.7858523059708385,-0.11590139042005787,-0.4165840766893341,0.37464895671706266,-0.17237330818729102,-0.5513575108516688,0.2299084316015871,-0.38461382036539193,-0.5784372699351265,0.2830817970177532,-0.48969584390412224,-0.606412702412331,0.6881010969679182,0.2962755866238467,-0.37948885532543053,0.1362560135593086,0.13789011006738794,-0.5170858500638478,0.03469684729101963,-0.19869824533315839,-0.5385752914264161,0.11850763812041193,-0.30849139116366164,-0.5652206532044604,0.48824794112320796,0.5731253417668771,-0.35460126340932985,0.014461391435751522,0.4819382208737987,-0.5862116234416332,-0.0635041799963154,0.14486505986517673,-0.6000394211304755,-0.02616552219215023,-0.020203955774048765,-0.5901040432365117,0.2568563802565563,0.7299157330066001,-0.3476141387376697,0.004231036298957269,0.9409076942117087,-0.632149038829533,-0.10946965756498019,1.1352782369635288,-0.719892988194643,-0.18831751644179962,1.3806882210631182,-0.7377772257566602,2.6031665855783066,0.8427737455956155,0.7148341074355424,1.1014481584713727,2.10534572604639,0.9999999966910748,1.000000001597114,1.0000000043126425,0.9999999949426772,1.0000000089219574,0.9999999942784215,-0.001974569425890791,-0.021507029053676335,-2.7289965545894785e-08
3,0.0,0.0,0.0,0.0073702802047612235,-0.43394646468637244,-0.32293015965587435,0.14734698952845793,-0.7946487624369838,-0.5220711281602677,0.364654001643954,-0.9534811547089479,-0.6617803593537172,0.5734977239466991,-1.1786730476665557,-0.7517137009041814,0.8632342511403236,-0.5417404403736928,-0.5077680370689889,0.5264893210905777,-0.01984448484846668,-0.6301241477062541,0.2483009123684782,-0.10037589925357482,-0.622258305738037,0.19131706459953365,-0.2786521120811074,-0.6287982459576984,0.9830275260106703,-0.18352516710931055,-0.4368312621130103,0.5502473238132485,0.29883071755085533,-0.5918797853552458,0.2382069914541562,0.10695475125425524,-0.5936385391986224,0.2197860688599389,-0.07331584313750117,-0.6071234339993856,0.946983153920089,0.16292577779173456,-0.37526190353854366,0.6247794408087088,0.6082632966219662,-0.5883021370149402,0.3421253022395217,0.39497244182679425,-0.5797775990776065,0.2722531773944363,0.17884792099033597,-0.5592046983311048,0.8136633444643846,0.44127122311237776,-0.3310452699151373,0.8816774222704662,0.876499145072231,-0.5429747697621775,0.9209791596602955,1.177909950079318,-0.5952126381422328,1.0261994503756835,1.4418119808143253,-0.6075223088545272,2.6371893868839695,0.7822378520339293,0.9100942924504032,1.3171192503071913,2.292701471939235,0.9999999966910748,1.000000001597114,1.0000000043126425,-2.4739766124604046e-08,1.0000000089219574,0.8000000117850957,-0.005093653897545359,-0.016200023073224153,-3.9928460279863874e-09
3,0.0,0.0,0.0,1.461376997840276,1.018600246932833,-0.9170676127743312,2.9996362822596563,0.12092588395622611,-1.66174040036082,4.371147564881823,-0.6905784587452306,-2.3550076584371644,5.494586566721438,-1.3171209402597417,-2.8505505235604263,4.624190082968295,-3.6633162833236135,-1.594183201800233,5.744723452001652,-0.3450151483015361,-2.902607955697238,4.630017512253235,1.007030904114351,-3.4636014147488776,3.897608971914685,0.9589209429042802,-3.648621653055096,4.799432391298796,-4.117720531978943,-1.6624339059456037,5.680709405539746,0.2636067214516107,-3.016847891569679,4.15899042577183,1.1378153392096217,-3.172022162354294,3.356989956309432,0.4440554586406309,-3.05259680259297,4.6907315384763395,-3.778961360092268,-1.8510347824250553,5.512136723278678,0.39610498007568584,-3.1170403215592835,4.132218063426817,1.0627598257388748,-2.9029397124846,3.3333741376514654,0.3266156384526071,-2.464496124556241,4.377181664446498,-2.850791133811807,-2.122188732796505,6.4110698636388594,-0.7888625866102047,-2.821919160665006,7.642725304433964,0.2082551753428329,-2.7079547289924375,8.794965586966635,0.5847707354125248,-2.4714102714601416,3.126240710879757,1.355168319966693,1.18252812272074,1.221242427799891,1.8425576805514907,0.9999999966910748,1.000000001597114,1.0000000043126425,0.9999999949426772,1.0000000089219574,0.9999999942784215,-0.009658168364340466,-0.013573335500457352,1.0716945275313973e-08
3,0.0,0.0,0.0,-0.6281725841254564,0.5044438333142476,-0.2384919820024303,-1.041267793567439,1.3349526571226054,-0.5176287901683775,-1.4418626114204869,2.037516682517356,-0.715304732813251,-1.9363367753746508,2.290929716830517,-0.8793581721267185,-0.23305065770512598,1.5224072024296653,-1.0264787293034594,-0.2355309016746014,2.737998245990675,-1.1430447199346605,-0.5106420633530308,2.561638527620908,-0.9629299143941162,-0.5976602846911845,2.1230127221824526,-0.8117356873574808,0.23601906559660996,1.5466752745766805,-0.9564861806457421,0.15044123428345263,2.768215277740246,-1.0196972262210873,-0.09788865506159583,2.5203799899363846,-0.7715768136553919,-0.15996561278250582,2.1900945271763774,-0.6160979272710467,0.5547582692055936,1.4745503533182323,-0.8555169309574688,0.555313842186463,2.7423763887428048,-0.8887098375689888,0.34162194361081294,2.5510716003873295,-0.7215361650742624,0.28606537142547617,2.1849346960880665,-0.6522874258395879,0.7161392859466976,1.3552770744762652,-0.7598213563184075,1.0238866588129276,2.1728712835664084,-0.946964567261313,1.0915692823825691,2.4179882002743636,-1.0511114437714668,1.2025100995596647,2.536953287952796,-1.124026184253589,3.065752503126185,2.63001964171568,2.6024663446497343,2.558655254434224,2.8656239596173383,0.9999999966910748,1.000000001597114,1.0000000043126425,0.9999999949426772,1.0000000089219574,0.9999999942784215,0.007229785268639447,-0.014489527623331083,5.695175711130964e-08
3,0.0,0.0,0.0,-0.6314105718343637,0.46731500006169335,-0.20664960164077734,-1.0668533340355626,1.3016759380302874,-0.418933778411763,-1.4459578186591435,1.977068100062516,-0.5562266108702337,-1.8764852797326543,2.213631664628764,-0.6625208861661912,-0.27064172738922365,1.5393644405605316,-0.8659568763848967,-0.2872096922644412,2.6728167310316246,-0.9283054806876558,-0.5356550891282601,2.522759901324487,-0.7408830537640811,-0.5958691799630089,2.143296198144487,-0.5864402664933992,0.1873366497295961,1.5605018746034647,-0.7883495381595332,0.06884615115273357,2.7191843699720373,-0.7925638391006176,-0.15759869280676594,2.4897590999093495,-0.5540071134897261,-0.1968047533316064,2.1824462550578065,-0.406067638923834,0.497924383504016,1.4773785394430656,-0.6817467697915542,0.44642820566183217,2.654089534135002,-0.6707871566965082,0.24308646665620354,2.4675348686324323,-0.5068506605065681,0.2110558084144842,2.115213447332411,-0.43495446546910604,0.6668924970172169,1.3415642181266727,-0.5797668586907622,0.8679470357717206,2.1739091477062593,-0.7149258741331587,0.8855262155663761,2.405196718384931,-0.78627926965769,0.9728678296251653,2.498908216815845,-0.8342530764779936,3.086401220747039,2.665818421688769,2.633470509533722,2.5884034380103156,2.83840537868182,0.9999999966910748,1.000000001597114,1.0000000043126425,0.9999999949426772,1.0000000089219574,0.9999999942784215,0.00769889366957151,-0.014447675993454756,5.583951398898546e-08
3,0.0,0.0,0.0,-0.6136989283086176,0.42759872622426054,-0.11442785926665147,-0.9934495554610348,1.1034077590076448,-0.2483782935035892,-1.355881475145753,1.70947283831743,-0.33296632430525164,-1.7205265021143727,1.9687548081544268,-0.3958974265702626,-0.38267494273374575,1.6978357402253739,-0.4912846272871697,-0.45014721314896117,2.4620554019904857,-0.48663240612233966,-0.6105410612172535,2.1384799788077347,-0.3869822916904093,-0.6106565976727827,1.789171453600965,-0.3319277874717485,0.012392253531070832,1.708523117029637,-0.4608799230042915,-0.11050667615369739,2.504070216045275,-0.41326949213325814,-0.2598907052638186,2.201749587916667,-0.3039566328109032,-0.26911451831360933,1.949775990364823,-0.28819747420296266,0.3387446738902899,1.6052623979351255,-0.40963136691334984,0.26579473189414315,2.5012605558764482,-0.3671052534186519,0.13699827990694094,2.297873105079617,-0.3183285926074557,0.12343759337217583,1.9978341576892784,-0.3616818436675322,0.5618248058119102,1.3980716173982795,-0.3568903214247847,0.7921913053554197,2.0731045436284927,-0.42857544937340863,0.920454016186876,2.4432285610312414,-0.5127276182106568,1.066386500308593,2.771634499519412,-0.6121359436835412,3.0832280982852707,2.83098649257467,2.781995761160899,2.732385158374932,2.9991703399661063,0.9999999966910748,-1.183782638580766e-08,1.0000000043126425,0.9999999949426772,1.0000000089219574,0.8000000117850957,0.007734010899390582,-0.013060662673488946,3.9995652907484595e-08
0,0.0,0.0,0.0,-0.37270684270896975,-0.2645127196731238,-0.34230414606373005,-0.6963495686924123,-0.7569313665937365,-0.5429090189266156,-0.7034078820675636,-1.2238054582134246,-0.699559209335822,-0.3937135114386623,-1.337037204856136,-0.7870374948059178,-0.33749996177111385,-1.622385889515121,-0.3226426244328143,-0.34684527129004106,-1.7099958824112806,-0.535945654188935,-0.4044509111095205,-1.2130849366697225,-0.5468457372922988,-0.3862339061276429,-1.131285066624085,-0.5400418665101603,0.00539285230742137,-1.5890905913139488,-0.2611021413503638,-0.020165306972332472,-1.5757423769837748,-0.5112877487739084,-0.14871940830862573,-0.987398683127942,-0.4788250851145791,-0.13195325587456858,-1.0225454493089479,-0.41459084247875255,0.3104641666980819,-1.44584701304636,-0.24653030754158828,0.2948761574690062,-1.3422030136689247,-0.5263884072278748,0.13143882040400767,-0.8534373620129416,-0.440591696322352,0.11139959685993414,-0.9215118828917394,-0.3344110246044984,0.5788627257781077,-1.2271006061680851,-0.2591682854506875,0.5461472742410395,-1.1389708379713466,-0.4172784368837302,0.3941329145781605,-0.7976751923988804,-0.3744286649622816,0.35728802177236996,-0.8271298994004527,-0.3159149601249646,2.6058051615417415,2.1526153086127384,1.679437275306075,1.3783277235699651,1.2250706154217115,0.9999999966910748,-1.183782638580766e-08,1.857738651800389e-08,-2.4739766124604046e-08,1.7957795694911738e-08,0.20000005050766478,0.000964495900852988,0.0194905604253784,-3.396674917523782e-08
0,0.0,0.0,0.0,-0.3630957157515927,-0.24568553082423705,-0.35642880128208865,-0.6945282121232544,-0.7223113097371673,-0.5730988942377114,-0.6981233538790984,-1.1724066917090639,-0.741784146621037,-0.3840646650904992,-1.279947655907167,-0.8412212810884458,-0.321037092250383,-1.6280281650672,-0.35060819746182154,-0.3594421548626215,-1.6255642040270653,-0.5844448216764249,-0.39541709374432205,-1.12230264924477,-0.6154236190050375,-0.36638155487861435,-1.0286115427265083,-0.6206594691186705,0.029275907794621886,-1.6295604722861798,-0.28756233945174037,-0.017043876463875535,-1.4980925242775738,-0.5508692872585599,-0.12751905303791727,-0.9106249204545058,-0.5330898184456367,-0.10082134559619044,-0.9360551837157515,-0.4799671207435522,0.3369079450148628,-1.4971941971612195,-0.27211123639160234,0.2994531202943109,-1.270353186579341,-0.5665498368940349,0.15084871261499144,-0.7931177602656627,-0.5002685773750819,0.14082993624738918,-0.8692955414878276,-0.4059836339879388,0.6119748543234325,-1.2743316573259316,-0.28437093149035725,0.5675538734016536,-1.1027427903649385,-0.45631426361288263,0.4192648534065793,-0.7581519465162041,-0.42546305684896857,0.3813220185083353,-0.7994103978847308,-0.37317484034431625,2.5810239349219635,1.7974071651518917,1.2831653189169905,1.084472656509753,0.9847185104386231,0.9999999966910748,-1.183782638580766e-08,1.0000000043126425,0.9999999949426772,1.0000000089219574,0.8000000117850957,0.0015386806675981586,0.01826518067083506,-3.46164586173182e-08
0,0.0,0.0,0.0,-0.3648561797360537,-0.24390031294574988,-0.364226758625084,-0.688036307015464,-0.7268576572397136,-0.5868457010330729,-0.6808307856148333,-1.1699886427624056,-0.7570298907880032,-0.3615370251996143,-1.287565974960331,-0.855869191963169,-0.32666712794608294,-1.6421770053641012,-0.38547697353880517,-0.34146385470825263,-1.6194834583839968,-0.6293016603215625,-0.37527372974152284,-1.0911593439351577,-0.665366172914479,-0.35583506546062643,-0.9929975352129357,-0.67521614008305,0.022894500299691305,-1.658556686545473,-0.321887045915542,0.00948464532920542,-1.4872133810083754,-0.5931289205729864,-0.10323334296517644,-0.8820142667027542,-0.579894840536431,-0.09245492511789818,-0.906748880980014,-0.532222272027548,0.332858915899022,-1.5307730706665001,-0.304414898050657,0.3208173570741674,-1.2595454398772246,-0.6053410146217804,0.17028200249842565,-0.7698503717828874,-0.5399817230966824,0.14829474241810603,-0.8508673259208918,-0.4489379520707381,0.6119114576402155,-1.3043415520013677,-0.3152098637726879,0.5827895739813951,-1.0845275983772886,-0.4996761671544079,0.43471007316481214,-0.7307797617965228,-0.47458687270150085,0.3882383206659552,-0.7802580547857035,-0.4263259427313786,2.576935772376578,1.7173578838728543,1.198856113136149,1.039695251354305,0.9530441617320524,0.9999999966910748,-1.183782638580766e-08,1.0000000043126425,0.9999999949426772,1.0000000089219574,0.8000000117850957,0.0018108156266831638,0.017530388305611978,-3.794028036884034e-08
0,0.0,0.0,0.0,-0.346591158225653,-0.13862173281067716,-0.37716153822778276,-0.6689786535702839,-0.4964754572031379,-0.6418538699861327,-0.6227698500769258,-0.80022215024111,-0.8581465469426892,-0.28817432564297973,-0.8662381175238656,-1.010597225445681,-0.2961634710985459,-1.5500713695603832,-0.44545230519367734,-0.249493763472871,-1.31806314016424,-0.6874141660729864,-0.2755477027036211,-0.8588146640499081,-0.7536184076732543,-0.25849195318464474,-0.8263055148561871,-0.7982793406751374,0.060173022811229285,-1.6062929510143917,-0.3932572318678046,0.13018541147486196,-1.1681963196157952,-0.6372908933414282,0.0016160513502873931,-0.6395228041818126,-0.6370449062514281,-0.015416341190337197,-0.71136875211432,-0.6240370274069496,0.36870855118968643,-1.478809747045289,-0.3825713679534451,0.46001097525903856,-1.0320484620748605,-0.6501085142147854,0.2930566667935532,-0.6087089167815536,-0.5945112100098482,0.22638129106773744,-0.723903739019965,-0.5346187947907299,0.6537946604624129,-1.2403019745139376,-0.40517181154772586,0.7349702156903326,-0.9225914591669814,-0.5806992066194835,0.5469537309701586,-0.6292846787812727,-0.5622856019212128,0.42693858677920393,-0.7258318674950208,-0.5318934923042997,2.3912644399705405,1.071632284971549,0.7665875265945064,0.8872541986989522,1.0504823062891815,0.9999999966910748,1.000000001597114,1.0000000043126425,0.9999999949426772,1.0000000089219574,0.9999999942784215,0.00693900700186244,0.014034594715985827,-5.687556818093498e-08
0,0.0,0.0,0.0,-0.39984601740235387,-0.2972446433933264,-0.3198616258120312,-0.7425943416371193,-0.7986437031675362,-0.5086384393139994,-0.8101407312620715,-1.2788083353651252,-0.6600584432054961,-0.5126419798348685,-1.4175509563260236,-0.743686969224502,-0.3329203955720977,-1.7272731357592797,-0.2669095695115369,-0.4558139427084681,-1.7443993012372814,-0.506520271304851,-0.4896746344852095,-1.2247587416193366,-0.5733369625332658,-0.42170075039817445,-1.1244809608208712,-0.6050187887723314,0.013891818653226709,-1.7269435961960253,-0.21518223370831957,-0.15394938916946513,-1.5573010388204296,-0.4665274338265222,-0.2368943460625546,-0.9847103388338376,-0.4627939702854682,-0.17832094717448935,-0.9918702281243692,-0.41978422281033945,0.3165295898600738,-1.5741969341987605,-0.2122086984731481,0.14770679316584898,-1.3228547507146535,-0.46044334772139084,0.035020344247391574,-0.8504381796990921,-0.37632841488382485,0.08767021473947975,-0.901363844499447,-0.27884182361921217,0.5830826544195469,-1.3268620905498674,-0.2422223774461198,0.40560167271981945,-1.1214545749297722,-0.3674158140082803,0.2769036607969366,-0.7995729446915039,-0.3260668860410011,0.305136713935952,-0.8326432118096184,-0.2728766994811299,2.702887057704241,1.8546466833112354,1.1593970343823572,0.8955009506570013,0.6648555842359207,0.9999999966910748,-1.183782638580766e-08,1.0000000043126425,0.9999999949426772,1.0000000089219574,0.8000000117850957,-0.003332177958683293,-0.014723989677293554,6.677102020903998e-08
0,0.0,0.0,0.0,-0.3565797265888061,-0.19920729088477973,-0.31574732101964437,-0.6871622343325675,-0.6545920952971448,-0.5195524747434652,-0.6981629403664913,-1.0318057727618166,-0.6843825600535057,-0.38886291388722516,-1.0695982157229798,-0.7886052821483545,-0.2532472565765646,-1.591790337910569,-0.3165848253909827,-0.27922872765426443,-1.420701372838306,-0.5471853629203776,-0.3294326781042394,-0.9523537140256084,-0.6085982915797061,-0.31410628421509657,-0.8990945779207968,-0.641469114884031,0.08561015154332197,-1.5683728389442866,-0.2802592221714617,0.036291584815410685,-1.2192737998372332,-0.519665121574604,-0.09880545114406497,-0.6928123877771959,-0.5195010268135112,-0.08788650373553006,-0.7487590513422195,-0.49218418735303593,0.3668554153778809,-1.3842085481572914,-0.28741603657963627,0.3346930905216678,-0.9908208246876059,-0.5519943837554357,0.16291804401282242,-0.5685244128087865,-0.4953661548905795,0.13219847943897606,-0.6765068266318437,-0.4231058940699938,0.6204236280430471,-1.1053207028171999,-0.32340815692709035,0.5918020674037405,-0.8031660328654545,-0.4892788201639193,0.4074839976852923,-0.500135303762357,-0.4681286448810339,0.3344522820746114,-0.5886470074438396,-0.4296553135530097,2.5830602660213673,1.1516155221942048,0.7773719558221619,0.8064900943350881,0.8515350753778825,0.9999999966910748,1.000000001597114,1.0000000043126425,0.9999999949426772,1.0000000089219574,0.9999999942784215,0.005514992814005213,0.014706624339979074,-4.627571985077172e-08
0,0.0,0.0,0.0,-0.3586493185762968,-0.18595570394190403,-0.32860851478582653,-0.7002994234584737,-0.6275108936810018,-0.5425208888925894,-0.7242530548147165,-0.9944067287272321,-0.7152082316953909,-0.4129733698224338,-1.0512385393859096,-0.8250345115547191,-0.2767961282073162,-1.5956465200408152,-0.3415298745856164,-0.3082326550132743,-1.4142050687669192,-0.5800884914611144,-0.3520986545633938,-0.9343321914538145,-0.6429975025373715,-0.3244620495457508,-0.8991872592453896,-0.6765074725521352,0.05913188307933174,-1.584188805806193,-0.3006629047508864,0.023796530675860142,-1.2136442741131994,-0.544636726386219,-0.10412733872958521,-0.6810190928162417,-0.5427025547901968,-0.0898942323320544,-0.7592199513743056,-0.5158577535296229,0.347328027178334,-1.4056645394393148,-0.30373799811342117,0.32963994705623445,-0.991410612049911,-0.5721050497302649,0.16532934116826353,-0.5645385965185561,-0.5114382492644798,0.13211374072317886,-0.688513346640427,-0.4375422649331613,0.6104002852177519,-1.1342782927238695,-0.33683201933127926,0.5952682909704775,-0.8175473791351013,-0.5054039383761068,0.41581921041630476,-0.5108926361165478,-0.4832047479606148,0.3423189913450966,-0.6052706731228457,-0.4439867713342998,2.592236281085205,1.1596596194143705,0.7695973517446557,0.8041050571036441,0.8606371571962017,0.9999999966910748,1.000000001597114,1.0000000043126425,0.9999999949426772,1.0000000089219574,0.9999999942784215,0.005360987476282754,0.015563051292415139,-4.7203268527353325e-08
0,0.0,0.0,0.0,-0.35474337446732884,-0.16884489310124462,-0.3342067597212199,-0.7054898387072368,-0.5705545584410499,-0.5593051840840157,-0.7444382940291813,-0.9152225933981044,-0.7399110222161036,-0.4510826504201071,-0.9897515211995633,-0.8585850109684778,-0.3165543830570951,-1.5836327367964829,-0.3858319503811657,-0.3523967009693407,-1.3569027239960127,-0.6173359117811967,-0.3800472378278118,-0.8920277858356511,-0.6811003682949579,-0.3576031593262032,-0.8658698757466572,-0.722164750664192,0.028699176119199844,-1.6123304279975939,-0.3436858351790702,-0.0049037169738686825,-1.198956254800522,-0.5822974449260535,-0.11183507217524316,-0.6708789719400834,-0.5859069228957394,-0.10037709844648157,-0.7280299727548634,-0.5713378190223996,0.3306539342583187,-1.4557375660244019,-0.33997872473469926,0.3082314210235189,-0.9868544297809956,-0.5970386852334213,0.16204392855660327,-0.5630068138826595,-0.5381765960040655,0.1316808939392268,-0.6707737507313286,-0.47474283291701536,0.6049472706371992,-1.1956955154015276,-0.3674052076478106,0.5787139034733575,-0.8039215214618746,-0.5288802990735014,0.4036117542733845,-0.501568779853045,-0.5094870316567761,0.3307627386212349,-0.5913689639624917,-0.47831922286273665,2.589810375453401,1.0731779027616268,0.7346062460132459,0.7445422552650973,0.7663852752965463,0.9999999966910748,1.000000001597114,1.0000000043126425,0.9999999949426772,1.0000000089219574,0.9999999942784215,0.003418087893414013,0.016565812240318098,-5.5887946432709964e-08
0,0.0,0.0,0.0,-0.35790043360266094,-0.1618598096577622,-0.33547935527465533,-0.7055222224308746,-0.5472273269329034,-0.5617591146613664,-0.738213333768787,-0.8915242630255165,-0.7434682291068095,-0.44157346525980534,-0.9483473426673465,-0.8630282925409328,-0.3277524211307799,-1.5620016016558511,-0.3832139335019416,-0.3607485212711501,-1.3159955829024013,-0.6148546966352633,-0.37660549135980687,-0.8448190201099952,-0.6780910495206071,-0.34974335623918584,-0.8141039464414521,-0.7179653050718204,0.016054087270475054,-1.5922095626819588,-0.3405015173204126,-0.009737241553649134,-1.1733357941063902,-0.5739340167451409,-0.10191821448974747,-0.6447206117697357,-0.573563694787302,-0.08783050599381967,-0.6988072486997117,-0.5573782325537449,0.32093686166652396,-1.442855106725878,-0.33725124582047694,0.3102434301304451,-0.9653950327980287,-0.5919119725403054,0.17302137402455683,-0.536266745322207,-0.5317074654276941,0.14439831668517777,-0.6366107713294561,-0.46703780031992675,0.599490697662169,-1.1879596788266427,-0.3655301046410104,0.5863517596654608,-0.7903413771285112,-0.5265223979824416,0.4228859717574882,-0.4812007562477042,-0.5071808709414165,0.3549609425104972,-0.5618749132584366,-0.4754355832069451,2.5627911104441177,1.0346165338418876,0.7200007739992014,0.7391141255059899,0.7791514977349085,0.9999999966910748,1.000000001597114,1.0000000043126425,0.9999999949426772,1.0000000089219574,0.9999999942784215,0.0030883549745194085,0.016068662477792057,-5.317199940659579e-08
0,0.0,0.0,0.0,-0.36669137734412927,-0.1470973335489281,-0.34829726522278337,-0.7320502491965724,-0.5008586046914671,-0.5865662646587978,-0.7933927897243592,-0.8372758657119302,-0.779649976108849,-0.5019023247771709,-0.9295752075450266,-0.9079799652111651,-0.3745357076490247,-1.556211950167965,-0.39445799218410726,-0.43909879892508663,-1.3381477670007285,-0.6373965690044905,-0.44258831986889413,-0.8671590723137554,-0.7033050680986866,-0.3984949533382492,-0.8295426382192896,-0.7415572997360282,-0.030229383316860994,-1.606611708795486,-0.34705212598852814,-0.07385249116990406,-1.1764855410860693,-0.5917524704899912,-0.1449008421262407,-0.6369953764450471,-0.5912967324050109,-0.11732189740031859,-0.6853506816860945,-0.571494105700373,0.28037047181893593,-1.4711266807426684,-0.34188753373124176,0.25735092889905126,-0.983101423372585,-0.6049849964545532,0.14270906180204765,-0.5416646137351355,-0.5438320635096906,0.1263447534015172,-0.6323602402180867,-0.4748937816869875,0.5702365640487433,-1.2294184172730604,-0.36973551072969046,0.5465656955579482,-0.8134083732562853,-0.5345085279279227,0.39504939883999807,-0.5012691699322183,-0.5175254956613407,0.33472996871071076,-0.5828874566243119,-0.48422545242694953,2.5864548736071176,1.1594645853655177,0.736886497367035,0.7313026647032101,0.7418770166544746,0.9999999966910748,1.000000001597114,1.0000000043126425,0.9999999949426772,1.0000000089219574,0.9999999942784215,0.0024891893870177205,0.015030893928551326,-5.359129410886126e-08
0,0.0,0.0,0.0,-0.3474890599047027,-0.14146569272929777,-0.34618947377070874,-0.6657194116957255,-0.4750808777811312,-0.5896354934665341,-0.6801643634699259,-0.7623038321761394,-0.7852507274096155,-0.3815067043134702,-0.8557535431121518,-0.9216334827772261,-0.328292130319922,-1.5096855387672496,-0.43196049717759966,-0.3391537383808453,-1.2412142736346257,-0.6642567468201287,-0.33577657295397867,-0.7850176814278388,-0.7327103639045038,-0.30193540917762185,-0.7235959748998309,-0.7772371754327252,0.020019615910346962,-1.569883354075358,-0.38257485584182294,0.02680371154723274,-1.1040712584176053,-0.6110564438238387,-0.05199828086159529,-0.5784775753326444,-0.6130573150146366,-0.030382359125688235,-0.5976331707774453,-0.6047787075328361,0.32848075257857356,-1.4353098601423218,-0.3691333532905586,0.3531555678461833,-0.9446833142212854,-0.6169026428747184,0.22911296619765437,-0.5264641714272873,-0.5599617957764371,0.20497049778037396,-0.599457928153923,-0.5015043602269842,0.6168580758756652,-1.1861468537592583,-0.38708439409870643,0.6351929775353045,-0.8031352776349082,-0.5446016786610183,0.4724279102392542,-0.5116220093255617,-0.5210307847080434,0.3955327386703994,-0.5879513647438357,-0.4877080275667786,2.525892972668607,1.0134210635120762,0.6955046228740533,0.7612778245713137,0.8471752896224531,0.9999999966910748,1.000000001597114,1.0000000043126425,0.9999999949426772,1.0000000089219574,0.9999999942784215,0.001445101360930436,0.015015668856758018,-5.0890405399372356e-08
4,0.0,0.0,0.0,-0.4718293648230923,-0.34615324931983815,-0.2235146462506479,-0.8460085247017388,-0.8838457503620689,-0.3613166813085423,-1.0964680682468446,-1.3530645414208804,-0.492080836923035,-1.3207643175151103,-1.7038650183040187,-0.6251975894473852,-0.4521605296836321,-1.7848836183902739,-0.18684655018855617,-0.6441758304985634,-2.433771383911716,-0.36673399820706726,-0.7657171335303891,-2.838281625499196,-0.5274103869870368,-0.8723128531347906,-3.1957344718411833,-0.6449621339410269,-0.11531216154885658,-1.904336096547088,-0.21129739461467173,-0.1440199640611239,-2.675652230329862,-0.3625079046518901,-0.18328969276629595,-3.1710829194922097,-0.4947812516696365,-0.23095528174150717,-3.575227856394606,-0.5959512012268215,0.20341885238172697,-1.80281365581358,-0.2722386998652999,0.2588839918293985,-2.535601452021246,-0.42912086847678665,0.2892034385020128,-3.0010828500214197,-0.5619989036239832,0.31307083880146663,-3.400110480714593,-0.6539097437030156,0.50460030096966,-1.547433217140393,-0.3548526480592245,0.7227425420323399,-2.0688276037871542,-0.48058554906680906,0.8656153886715916,-2.4051680861884357,-0.5573671460919255,0.9765110656614928,-2.7289159309322777,-0.6141927813538403,3.0220260634507614,2.978203021782446,3.0553176209249937,3.0703293437797923,3.062340778313305,0.9999999966910748,1.000000001597114,1.0000000043126425,0.9999999949426772,1.0000000089219574,0.9999999942784215,0.001892440817946597,-0.015072530636433025,8.984750569192997e-10
4,0.0,0.0,0.0,-0.4781989278959031,-0.33757632582882385,-0.2294864207040032,-0.8628587116402262,-0.8654764159565087,-0.3699927330864778,-1.1205955858486694,-1.3378460377632164,-0.5023128387583786,-1.3587842859120474,-1.6706036115089387,-0.6369212266692373,-0.47567417180092736,-1.796357999991766,-0.1930603036004676,-0.6790970471440747,-2.455931376637647,-0.3716649391420209,-0.7997244835612134,-2.8707239193480243,-0.5309644380787532,-0.9035328921333807,-3.2364819842732664,-0.6487329032836527,-0.13902871459517457,-1.9210930827275523,-0.21624843961047036,-0.17514751771857628,-2.703617852114668,-0.36869385277911604,-0.21698501638663711,-3.209739283377904,-0.5010865897688459,-0.2679754452283179,-3.620692102221705,-0.6026448603971655,0.18110778777369696,-1.8238845325444752,-0.27625184824658683,0.23119058086502786,-2.5613579907206145,-0.43393847204818026,0.25935952127116946,-3.034360923777903,-0.5673676726664152,0.2794464204308351,-3.4368007611934583,-0.6597788932902834,0.48521179559412,-1.5745185204505394,-0.3588470826829942,0.7009760258126464,-2.1055002380415426,-0.4858368919797081,0.8432824161561792,-2.4519114828304946,-0.5646535752934587,0.9542064667750795,-2.7820549816344937,-0.622962415260798,3.0113804304903633,2.986751768374606,3.057151219380615,3.0736953323432603,3.056507850563293,0.9999999966910748,1.000000001597114,1.0000000043126425,0.9999999949426772,1.0000000089219574,0.9999999942784215,0.0017762183751894177,-0.01992772682800889,1.2973998752958118e-09
4,0.0,0.0,0.0,-0.465801396922877,-0.32020804580076834,-0.23091439879324516,-0.8445653140728956,-0.8525090290055537,-0.3665616511870884,-1.1027736896958364,-1.3201290267572228,-0.4918180104092561,-1.3389612994269198,-1.6509468759298118,-0.6181213260520054,-0.49045452768504044,-1.7807683848151523,-0.19419339428929328,-0.6805712576183371,-2.4250517125698323,-0.36477297261945785,-0.7945511242728034,-2.8370366619075864,-0.5161474329894934,-0.8958765612100543,-3.2045245671540483,-0.6302067017684195,-0.15380568356447755,-1.9013639818353856,-0.21323731736267434,-0.18852942345858206,-2.671401685641386,-0.3600221503097008,-0.22557008593079508,-3.166792320249294,-0.4879013219916377,-0.26659974775901163,-3.578169774822994,-0.586727622870464,0.16794218454620258,-1.8053689019865768,-0.2684439132472243,0.21874855438393098,-2.5193064499387194,-0.42439084737738914,0.24785462039285017,-2.9780680185660713,-0.5543717145712799,0.26847308170095385,-3.375155294402137,-0.6446592794277174,0.4736116341034172,-1.5627193395572587,-0.34595316679345983,0.683099167775976,-2.080859367648546,-0.47252059200045915,0.8222417805885803,-2.4155914253224324,-0.5489367855968135,0.9295809717194108,-2.734885698448055,-0.6055905231024676,3.0274467488404273,2.9965581550992337,3.0570453600889085,3.0707535447145453,3.052639269667728,0.9999999966910748,1.000000001597114,1.0000000043126425,0.9999999949426772,1.0000000089219574,0.9999999942784215,0.0016508499914665844,-0.02097543238650746,2.6882712770055083e-09
4,0.0,0.0,0.0,-0.4722156199531304,-0.3669432960328759,-0.21598801010489838,-0.8457922494037259,-0.9029827101544703,-0.3540793370030671,-1.0947534078214838,-1.3837597567376527,-0.4888526786213389,-1.3362939965189786,-1.7227613280041076,-0.6267905831294726,-0.4456211744453265,-1.8261778267082085,-0.17164782612196447,-0.6420244921714837,-2.495961190531979,-0.3550908785324067,-0.7560016169504606,-2.9135479561316777,-0.5206514553709577,-0.8524157374249759,-3.2745077711469497,-0.6421406811257027,-0.11214341266145829,-1.9464038366092729,-0.20362591813744882,-0.14879156179969727,-2.7525128912725365,-0.3599102719595065,-0.18355587526009928,-3.2551862226022656,-0.4957957520051617,-0.23198637033324082,-3.658174975503382,-0.6004859216895702,0.2054184523615401,-1.8500483184809222,-0.2729301148687504,0.25921237894804894,-2.5851325796226647,-0.4344568555175101,0.28963426966099043,-3.049633771201394,-0.5638254878453983,0.3064878042712824,-3.445050265388401,-0.6542571224633386,0.5095007418790762,-1.601750852091996,-0.3649733061519039,0.738186767489017,-2.115280426973945,-0.49018335238586686,0.8887902847556799,-2.4455731032925274,-0.5638095737657978,1.003766769383478,-2.762773271680975,-0.6205883605172693,3.0091914976550833,2.9696164092756066,3.053532564453083,3.0623196452852817,3.0330663108068148,0.9999999966910748,1.000000001597114,1.0000000043126425,0.9999999949426772,1.0000000089219574,0.9999999942784215,0.00012122260421446068,-0.023294177231105648,-1.8349892342810834e-09
4,0.0,0.0,0.0,-0.47069608320440653,-0.35070192419058055,-0.22640879440744732,-0.8492209900865982,-0.8733384531312309,-0.36822816727046437,-1.0975864906906607,-1.344087260237219,-0.504534005933479,-1.336022286161809,-1.6887438891621107,-0.6429721110088991,-0.4660503499456438,-1.8118207517900782,-0.17915013725829174,-0.6571776406214807,-2.4713248588891332,-0.3613919293046772,-0.7707314622930547,-2.8833577133822934,-0.5255444651942393,-0.868083591087194,-3.252313171056114,-0.6481789358504978,-0.13123161422889768,-1.9295788673474614,-0.20779921244174854,-0.16607976960350396,-2.721154675027633,-0.36792999269478266,-0.20533027752089825,-3.225854255511405,-0.509042674941023,-0.25198562213043063,-3.6453670979242485,-0.6178060769387839,0.1867097979394176,-1.8299669129146383,-0.2740777436173136,0.24134457329966286,-2.557627234773132,-0.4389928831848151,0.270119310739487,-3.0119718968069136,-0.571185052360934,0.2890098406300891,-3.409939960733527,-0.6638340389761653,0.4893637875318021,-1.5811668157949457,-0.3634938590819819,0.7056136115084529,-2.09716893942049,-0.49233192477540294,0.8510954862336201,-2.43335456457694,-0.5685884952548795,0.968071381038124,-2.7613435479562,-0.6270632718697666,2.9998684003982428,2.9749481267684565,3.046240936451486,3.0627309431750103,3.046700955460385,0.9999999966910748,1.000000001597114,1.0000000043126425,0.9999999949426772,1.0000000089219574,0.9999999942784215,-0.0009912782465004316,-0.023815208229086,-1.8262997691131104e-10
4,0.0,0.0,0.0,-0.47823849109906,-0.3374431924092882,-0.22872541811816635,-0.8574851244553909,-0.8845885371258313,-0.3669653236726993,-1.1108118301359302,-1.364255552150973,-0.497200072713641,-1.3513930158969056,-1.7089552239955947,-0.6297171710260822,-0.47374228809209934,-1.8155665449131209,-0.18986951202871516,-0.665429953544113,-2.4714820354076217,-0.3694088759434097,-0.7827388489347828,-2.888432942007097,-0.5297948150492199,-0.8894650390088106,-3.2589712437463305,-0.6499078886835606,-0.13659678619372906,-1.9330072094044273,-0.21751921170901628,-0.16242931693791443,-2.7316219739303067,-0.37429266029737407,-0.1972675902998865,-3.243184606903182,-0.512749609106671,-0.24256959525690533,-3.660368120984538,-0.6186438803289881,0.18073299988600933,-1.830726635908083,-0.2823877014398215,0.24040565333994723,-2.5617575838312656,-0.447243328817312,0.27534050359540324,-3.030849397563372,-0.5886833667301431,0.29588407551707974,-3.4370289987684,-0.6874355133328587,0.481068883697518,-1.5787773082782923,-0.3694981355908736,0.7044071562837412,-2.1005759170130673,-0.5034569511583162,0.8546728990954509,-2.437006685955571,-0.5873680723085775,0.9712625935375757,-2.7592657176845354,-0.6506122911570569,3.0202992006363756,2.982917082277415,3.051352174068071,3.070827657245881,3.0350835871824327,0.9999999966910748,1.000000001597114,1.0000000043126425,0.9999999949426772,1.0000000089219574,0.9999999942784215,-0.0014121598300226473,-0.023199307088925144,4.215224375893359e-09
4,0.0,0.0,0.0,-0.4696734096013794,-0.34381073366762616,-0.21343617126270187,-0.8461822933639843,-0.8932848535461069,-0.33655032809024293,-1.1113157988611455,-1.3741656935096245,-0.45501267944006235,-1.3723890273428052,-1.6963896452558511,-0.5764649500771024,-0.4996778578031505,-1.8149887626313244,-0.1512860498034432,-0.6924673489576987,-2.4609110500126223,-0.3194799972448942,-0.8107256820561912,-2.873748041855809,-0.4747954571865227,-0.9187226929322068,-3.241951046809641,-0.5933304349587732,-0.16173156927460625,-1.9432843885529902,-0.18086482599132958,-0.2055657882615564,-2.7318482646314104,-0.3304136337077148,-0.24951256529138072,-3.235662284693248,-0.46756625206451247,-0.3006935458811492,-3.6558465958504662,-0.5745006226539728,0.15963074396780128,-1.851929422671836,-0.24748614231209962,0.21074566127181257,-2.582254433882363,-0.40895277642412453,0.23742023150913455,-3.0486232688298838,-0.544640183304301,0.2497217780363696,-3.4563388183121138,-0.6401777321201367,0.4608687780735425,-1.6066724209852845,-0.33555355829220046,0.6752269634856153,-2.1189469730762225,-0.46390584431984966,0.8182419297326476,-2.458710207225354,-0.5421744588781547,0.9278062925830739,-2.786847603884987,-0.6030203074328117,3.042089468720281,2.97591178970878,3.043102702758616,3.055410757813761,3.023648069616503,0.9999999966910748,1.000000001597114,1.0000000043126425,0.9999999949426772,1.0000000089219574,0.9999999942784215,-0.00291817737519809,-0.020466348541180776,8.74473521521914e-10
4,0.0,0.0,0.0,-0.4812379169167605,-0.3305098129932993,-0.22410228850528296,-0.8703033219094941,-0.8805693973933955,-0.35069701232199374,-1.1340659448159074,-1.3563763054210884,-0.4692910320253895,-1.3804280930385493,-1.6944505983205904,-0.5899355414117256,-0.5239555726045012,-1.799882300377143,-0.1741373253628827,-0.7262223088990378,-2.4455115439626987,-0.3450388910903568,-0.8506042528741259,-2.8598041263272136,-0.49891432746622244,-0.9650283844544301,-3.2330610669604276,-0.6162176704561567,-0.18792701034253306,-1.9307891422034147,-0.2012977881408084,-0.24606635166663302,-2.730680665837005,-0.3542829684986138,-0.29702505679077634,-3.2332465402839485,-0.4907237215884831,-0.35073506371656404,-3.651724893485077,-0.5960135471554691,0.1353490334748451,-1.8440513732039432,-0.265490590078386,0.1781747641599653,-2.571826231996411,-0.4297271668763435,0.19596797794426746,-3.0375045734957857,-0.5662388206491525,0.20258599117069118,-3.446367598397914,-0.6615047507610521,0.44109743853354366,-1.6072311006788178,-0.35178354567843967,0.6483882179731455,-2.137963517509926,-0.4834997396729628,0.7884196852814697,-2.4843373381692593,-0.5630982518850858,0.8946614430978862,-2.813700867757676,-0.6237846589235231,3.030513510788307,2.985508389430784,3.053125567134285,3.061348611169681,3.0377733520279246,0.9999999966910748,1.000000001597114,1.0000000043126425,0.9999999949426772,1.0000000089219574,0.9999999942784215,-0.00343981055720685,-0.01504753715648596,3.3094575134094095e-09
4,0.0,0.0,0.0,-0.4752303078748245,-0.3010651162421088,-0.23457284264635422,-0.8999555864040962,-0.7596515422823353,-0.39957463719971914,-1.2490901093841664,-1.1337931239620356,-0.5555191045300354,-1.5529642988585026,-1.3884988895230155,-0.722632405384802,-0.5157542655520229,-1.7109563611399399,-0.25654765958937803,-0.7625832264795231,-2.3723995868088963,-0.43128696061103844,-0.9160595983968746,-2.7874932785798068,-0.5893959418165741,-1.0407244736309242,-3.163632606315554,-0.712563573951827,-0.18335125858879991,-1.855891587456553,-0.27978196528664667,-0.27367557761291816,-2.663439949907387,-0.42449417685991747,-0.3466257640742752,-3.174584132960592,-0.5607676496513108,-0.41163183324922775,-3.598093679632977,-0.6748147022983141,0.13920949112654862,-1.7710316552309975,-0.3327983910077926,0.15662164734099895,-2.5257866535877165,-0.48002824316717435,0.16538437864275735,-3.0122361632895958,-0.62498008932409,0.1759538321913208,-3.429309383720378,-0.7357838115506307,0.45667445351190583,-1.5326653643478751,-0.4068626165882511,0.6588928773894404,-2.068723386979272,-0.5291351685245058,0.7919886280872775,-2.418042870705603,-0.6109566690521451,0.8929832728284446,-2.75455031325214,-0.6780410428986037,3.1037163626046675,3.023279885205622,3.1114403740181595,3.0866979760783453,3.0621679067164815,0.9999999966910748,1.000000001597114,1.0000000043126425,0.9999999949426772,1.0000000089219574,0.9999999942784215,-0.002938297228702514,0.01495420917987516,4.913670121082681e-09
4,0.0,0.0,0.0,-0.47041942237094264,-0.3007232232471403,-0.22346982352752248,-0.890420858647421,-0.7522197303140076,-0.3861560525676318,-1.2473719963027623,-1.1074406124399414,-0.5420392771028488,-1.5661479279408268,-1.3439869779419436,-0.7110394830106559,-0.5186599370738296,-1.713703900288483,-0.24793998583002386,-0.7653902460530826,-2.3738002314974307,-0.4238421579241445,-0.9220875219176026,-2.7834997457483914,-0.5842645772526319,-1.0599311465079475,-3.152490230171681,-0.7075024843266261,-0.19124897913517847,-1.8519248809981113,-0.2766723329762647,-0.27420517595892113,-2.6601297714154333,-0.423901020764251,-0.3550854592338611,-3.170830860623842,-0.563362776987531,-0.43481482626361845,-3.5958790602946795,-0.6776377561435044,0.13127526491111677,-1.757430694824297,-0.33391854120545417,0.15669482729909193,-2.515230668849031,-0.48434820947371926,0.1680881242178605,-3.000687425450469,-0.6330344105002463,0.17732939718851679,-3.416648982442818,-0.7450488796089744,0.44735213484918984,-1.5127152347935684,-0.4104950723183438,0.6569788848186278,-2.0416193313246644,-0.5351580397782902,0.7946390780179624,-2.3904839015075,-0.6174537530688129,0.8980701952133385,-2.7280324180769027,-0.6842670417004268,3.085395814783533,3.0176086530699884,3.1098417098772915,3.1004073014611437,3.045997654447829,0.9999999966910748,1.000000001597114,1.0000000043126425,0.9999999949426772,1.0000000089219574,0.9999999942784215,-0.0017486544948465063,0.016630198257294115,5.9010260140119096e-09
4,0.0,0.0,0.0,-0.468658367050349,-0.3134225628990736,-0.22960305196856856,-0.8845970657401915,-0.762341495869463,-0.3980833898583195,-1.2463254843503306,-1.109565289791676,-0.5602018260139361,-1.5731364060589679,-1.330422632340788,-0.7373151127810837,-0.49572391983706493,-1.701497820751576,-0.2601602654954298,-0.7386083089663482,-2.3713793338365052,-0.43498244677688386,-0.8929449400053057,-2.786109170535639,-0.5941526904882113,-1.0217368571485512,-3.1602089998036593,-0.7187816501700771,-0.16479784152101534,-1.8406918318578804,-0.28668421573455555,-0.25946691084819895,-2.650416107672888,-0.43498131440535037,-0.33421737782539024,-3.1612659836365733,-0.5762246852867661,-0.40194286692179004,-3.5920820221979772,-0.6950752729407741,0.1576390985869177,-1.7505335803076059,-0.3413945437195802,0.18785713603939064,-2.5040166653378106,-0.4947291893526586,0.2032443229193669,-2.991669697411347,-0.6461477277228709,0.21545909577388792,-3.4134148899265444,-0.7616324468186157,0.4729645789237444,-1.5082062261394915,-0.41598415401049527,0.6852655752409156,-2.03613570317975,-0.5430646541442276,0.8239356465921994,-2.380036074755417,-0.6267054102750996,0.9282103247968262,-2.713330782359114,-0.6959844213305509,3.0702457278765127,3.027673511544685,3.104285707723462,3.092039516808036,3.05658006155289,0.9999999966910748,1.000000001597114,1.0000000043126425,0.9999999949426772,1.0000000089219574,0.9999999942784215,-0.0015442570095493186,0.017438729426320663,2.7712223897915252e-09
4,0.0,0.0,0.0,-0.4699748502346853,-0.32049173140168474,-0.2414866832551898,-0.8856358396427151,-0.7647040966590845,-0.422157465722818,-1.2406707480940515,-1.101609723872357,-0.5963454865673637,-1.5737171127624914,-1.289514297763402,-0.7864265514376368,-0.46940652635921803,-1.710985807738171,-0.2849812523956635,-0.7062477196329515,-2.3930849759876995,-0.4641244122203254,-0.8532912656494267,-2.8136094115493777,-0.6234754326409742,-0.9771913358022424,-3.1964006248643693,-0.7508231400885295,-0.1350792266613995,-1.8477730728165633,-0.3115146460713561,-0.22353383431307708,-2.662514183110935,-0.46958401904680813,-0.2951775633277407,-3.1788684975318517,-0.6160402300914064,-0.35938515965157575,-3.612400636953514,-0.7392789715299504,0.1873299801345229,-1.7550877596002028,-0.366347224174111,0.23416716231572923,-2.515942569200472,-0.5318596956462407,0.2599308938224513,-2.994722657893475,-0.6934098033956665,0.2796883033502336,-3.405503865447307,-0.8150766455643019,0.4969733118688815,-1.5073750930902208,-0.44199317605046934,0.729529981846085,-2.0299520701040166,-0.5825752034070326,0.882600464614787,-2.3706014092246854,-0.6789210375218044,0.9977215465759947,-2.697971146206108,-0.7571333698793732,3.064004905588167,3.0353900931911335,3.099499379265579,3.0967733347807744,3.0399293793626114,0.9999999966910748,1.000000001597114,1.0000000043126425,0.9999999949426772,1.0000000089219574,0.9999999942784215,-0.00024004111344448826,0.01725378185706533,7.285656633073147e-09
4,0.0,0.0,0.0,-0.4532393055518088,-0.3207323589821565,-0.2393826098507431,-0.8560330862633635,-0.753572822301485,-0.42120546037535866,-1.2097412599727357,-1.071822178667533,-0.5962772395696367,-1.5411379313893905,-1.24566033813224,-0.7875257810393916,-0.4564759228442792,-1.6893538506657926,-0.28977882911365255,-0.6848549247805156,-2.3681773503115213,-0.46948006966338734,-0.8281036554646976,-2.7864363278677926,-0.6274531483540925,-0.9456231807552395,-3.1586168659056835,-0.7529312373281692,-0.1223393964253834,-1.819390319695854,-0.3167036771754101,-0.20923554056183166,-2.631319739168444,-0.47422337584145013,-0.27564124816879954,-3.1438276070154956,-0.6186945429121644,-0.33614428349006004,-3.572228163064861,-0.7409009337241036,0.19830880143810004,-1.7233530365072727,-0.37129390323632966,0.24708197352087236,-2.4735970248988592,-0.5369248990054774,0.27459496699617636,-2.951565674040605,-0.6968875559354439,0.29437696124614526,-3.361625797390694,-0.817222156858886,0.507249996020529,-1.4730319875443878,-0.44610241246049487,0.7428483791856136,-1.9912267643858295,-0.5856028806963592,0.8953595150060784,-2.3289778256279012,-0.6791542135629781,1.0068891522221344,-2.654050583799629,-0.7557444629959773,3.0416123926402303,3.040592378102899,3.0985359819550076,3.0927070627737354,3.0419509090033237,0.9999999966910748,1.000000001597114,1.0000000043126425,0.9999999949426772,1.0000000089219574,0.9999999942784215,-2.6437996762141553e-05,0.016128863527828236,7.723182873507161e-09
4,0.0,0.0,0.0,-0.4510299892838451,-0.32423304726446617,-0.2473632994062888,-0.8530850639669351,-0.756429077399354,-0.43803388163909784,-1.2005331453623864,-1.0717939137611154,-0.6207580627734117,-1.5239343824074034,-1.2541891568415449,-0.8197541333713345,-0.4435423046260496,-1.6985994749955873,-0.30787497759750276,-0.6690130478133645,-2.3811549547341126,-0.4964619276531212,-0.8154171354700154,-2.796248685236699,-0.6607661247233773,-0.935734006714739,-3.160614556632654,-0.791057108727791,-0.10926805531660212,-1.830169708273828,-0.33450370976148325,-0.20265221115690393,-2.657852147267226,-0.5032553080433843,-0.2713765050470111,-3.1627701936021655,-0.6524205771282807,-0.3337928346783878,-3.5882525176744062,-0.778739148523121,0.20942218727212042,-1.7335805145581782,-0.3891820303230867,0.2577679555279003,-2.488423610958392,-0.5648120047425402,0.29111773851368883,-2.963199859667721,-0.7252257430981316,0.3196948190296055,-3.3769281333998578,-0.8463637174939216,0.5192597409858996,-1.4784670020226227,-0.46457195584422845,0.754819665146199,-1.999376785196515,-0.6076363326247801,0.9152724715149487,-2.32626171270131,-0.6999809248611604,1.0374838312016095,-2.647512202012147,-0.7780004118610284,3.0425839335783413,3.037936944777139,3.0862996253381576,3.0860199797125434,3.0473575650739075,0.9999999966910748,1.000000001597114,1.0000000043126425,0.9999999949426772,1.0000000089219574,0.9999999942784215,-0.00026972423392609306,0.016149440704436857,5.16591396656228e-09
2,0.0,0.0,0.0,-0.5572521774824885,-0.28013253263380616,-0.19571012128948248,-0.9224302744157524,-0.8090319509034251,-0.32055762410321287,-1.0591504521028128,-1.2258574036929963,-0.425531803855324,-1.0118389306562665,-1.5650273439813618,-0.5044842944930803,-0.3995708859772163,-1.6982507972541543,-0.15390828535934487,-0.5900114513476464,-1.8336666953689986,-0.31650122589659213,-0.681399000648522,-1.5006237051405376,-0.46380125303859315,-0.648658320906289,-1.2074600473959685,-0.550546411293533,-0.03797830410296266,-1.6177361096778793,-0.13402452892443775,-0.27465453865849054,-1.7431163749405605,-0.23863647862675774,-0.37631981248243584,-1.4518719877577662,-0.31868030082958454,-0.3401135062191188,-1.1731878525309853,-0.37161078487292626,0.24701857137477018,-1.4409097255775816,-0.1363057809015701,0.004279301354129378,-1.565742869973362,-0.24498192811082026,-0.09422590855894929,-1.2983506999925556,-0.2353771189219056,-0.06939604734850885,-1.048861502788939,-0.21685520118557328,0.4705469975356215,-1.2054105015327115,-0.15573190059853886,0.2543778381151796,-1.3359054304146345,-0.2243782859105269,0.15565339916984272,-1.1384447916648066,-0.1710497065447204,0.15836257978532853,-0.945718588633279,-0.11074127851280963,2.8575589580201997,2.2970290132659854,2.0756947982306095,1.8884284478629307,1.766364949578016,0.9999999966910748,-1.183782638580766e-08,1.857738651800389e-08,-2.4739766124604046e-08,1.7957795694911738e-08,0.20000005050766478,0.014429827176161852,0.02460438613615238,-9.688382578013609e-09
2,0.0,0.0,0.0,-0.829876156281203,-0.8274139147370142,0.012402805969421171,-1.1643195146218444,-1.882307628193645,-0.042683667280099646,-1.4929157267044604,-2.6721791301409348,-0.21901679951107594,-1.641297000529451,-3.427651966602342,-0.3675664174640314,-0.03783186483092229,-3.1486020394840954,0.3960401450023181,-0.15429499532353566,-4.3998615538331824,0.10547444127701444,-0.7468322850504338,-4.299921107848467,-0.1270173374605431,-1.1236247463619684,-3.772874622117481,-0.23778925231235248,0.21413294762419238,-3.205249120693798,0.19161787489168491,-0.047840363843292155,-4.657534094289566,-0.12543303314153154,-0.7995304501369574,-4.3752231005843,-0.3105794318459928,-1.1594914610870892,-3.726837633713389,-0.3430516958107117,0.4440845240396253,-3.157908205016567,-0.08212029530874398,0.1840253022740097,-4.659227427153932,-0.41237339861805833,-0.6212164726277218,-4.379160395880851,-0.495576083408004,-1.0274333135640732,-3.7009193666143156,-0.4485222755766087,0.5884840927307212,-3.0031685557680685,-0.3698432441059763,0.19937492650777774,-4.197038730120211,-0.6231989269978511,-0.43883267444766194,-4.150060595904324,-0.657116228943142,-0.8420642394697756,-3.6450913547485895,-0.6069382437610054,2.965401890581993,2.7802226113553252,2.7769808854913824,2.7804672892891693,2.633621959183937,0.9999999966910748,-1.183782638580766e-08,1.857738651800389e-08,-2.4739766124604046e-08,1.0000000089219574,0.40000001920353684,-0.007081170991778306,-0.0269246177536203,-1.4364300734488126e-09
5,0.0,0.0,0.0,-0.39096702089485585,-0.005129067909904944,-0.46988043947290914,-0.5339611226438062,0.07771750005783079,-0.7962762168358539,-0.44875232448913727,0.2958355143241109,-1.0248793498947448,-0.366214933143705,0.5080151649641755,-1.2375791372341478,-0.17405268240342892,-0.29793861682119904,-0.9862668792140209,-0.08147387212368011,0.6102079080575129,-1.3120927926663741,-0.04752518776110652,1.170619766656962,-1.4765755146271582,-0.004847774169546709,1.602155587282075,-1.5763412106358763,0.2538206513661229,-0.3065031877797103,-0.8650154290584369,0.17181144944686422,0.8410795157282436,-1.165125614545417,0.14291298002651812,1.4465231976701463,-1.2081537377103253,0.13778683317452753,1.8632800607222546,-1.234660999021619,0.5448746938616976,-0.18515007039359976,-0.7451331052500902,0.4321228583276683,0.808413228162505,-0.989110601550105,0.3606975021751112,1.233042761798954,-0.9584762773221613,0.3371049112304251,1.4970060505262779,-0.9236135399459853,0.7319620346494261,-0.02233378501478256,-0.665051456199904,0.5942692728313272,0.6600824398447871,-0.8359989359112596,0.4546876199008971,0.8810669064650968,-0.8279355681877602,0.373654957351809,0.9828149409628587,-0.8019265599701518,2.3082163205956,1.605031869039254,1.470859674816321,1.505119335542296,1.5674994286150246,0.9999999966910748,1.000000001597114,1.0000000043126425,0.9999999949426772,1.0000000089219574,0.9999999942784215,0.007792294095077596,-0.014084136724472028,1.606000334865009e-11
5,0.0,0.0,0.0,-0.5156088227642783,0.41998357671107767,-0.1479691880388596,-0.6242758736054865,1.1011762272612646,-0.2458192831883599,-0.503704351609996,1.608511065646308,-0.3111121283955819,-0.294631929975668,1.878349857095649,-0.3797242641426415,-0.2837994385520713,1.6140009891721405,-0.43058454724580203,-0.3683134217183808,2.5797963431456292,-0.5532792813318689,-0.39344524219557203,3.1095769470801207,-0.6128630629504729,-0.39840361161682797,3.539096539245204,-0.6407211957771346,0.1203190747131363,1.646449796877143,-0.39741307855907176,-0.011858235864991629,2.66358467406856,-0.5029009582800504,-0.12092070885584821,3.3119478995495646,-0.5377163294327918,-0.16836540613753262,3.7920253524881113,-0.556965585989251,0.43729544437478407,1.5201208921252571,-0.3417520524915366,0.28308994948834876,2.2608951755740407,-0.43140002371554265,0.12426937372378194,2.037524543655132,-0.3799940926039276,0.08309644410178207,1.7289438847515266,-0.3126620143200286,0.6556134090511937,1.300003790327953,-0.2930730346235041,0.45429038696850654,1.784262280659962,-0.3331681717145747,0.3210697515216101,1.6153549705153116,-0.24735404180400733,0.28694117475924313,1.3679624062166504,-0.16158674649835175,2.753221036575673,2.9853222071541934,2.9017286184044275,2.653880099939242,2.2809905909023396,0.9999999966910748,1.000000001597114,1.0000000043126425,0.9999999949426772,1.7957795694911738e-08,0.8000000117850957,0.008360968650368714,-0.01990124991974305,5.4597615283948344e-08
5,0.0,0.0,0.0,-0.5201398091653987,0.5114996510541416,-0.07870838192662685,-0.5976319370971093,1.2402422410987752,-0.1344771793371258,-0.42676152474968926,1.7265951430776538,-0.1772982771731118,-0.1609310171500559,1.9708480297767703,-0.22527064264555047,-0.31159840409718986,1.691869802245893,-0.2738589620024542,-0.39555512042847385,2.5744541263461764,-0.37163382741375917,-0.4322095941503326,3.0864205247984726,-0.42880203925746885,-0.444683806986337,3.502331858671469,-0.4553784741648726,0.081313021417713,1.712544605971106,-0.2749805740438696,-0.039691050017690674,2.6524599312142927,-0.3440499852661928,-0.14422541417317597,3.290569337680263,-0.37120937564585754,-0.20108801014724603,3.760366240391445,-0.3852794103527798,0.4035562757104271,1.5727521197264442,-0.25922590095559844,0.257838141182741,2.224415173088179,-0.32769760082598953,0.12714590148184882,2.017785982735544,-0.2929469719286634,0.09995099943314953,1.7125437308526987,-0.23707931541295074,0.6256280049221314,1.3441898938331338,-0.24692450975081578,0.4293168489484734,1.7733796685031802,-0.2666285942004311,0.3094527792842861,1.6173897909441992,-0.18498085377933982,0.2792767841725069,1.37643748821356,-0.10252441776495053,2.6991634353007576,3.0426532673916866,2.9471574169741297,2.6711976392307304,2.2736814020966754,0.9999999966910748,1.000000001597114,1.0000000043126425,-2.4739766124604046e-08,1.7957795694911738e-08,0.6000000154943164,0.007541206535527494,-0.018891891310031127,5.3732085876111335e-08
3,0.0,0.0,0.0,0.3633144299693278,0.07774428275446785,-0.333295167493369,0.6250949969127731,-0.060313580035028125,-0.5528064382956246,0.8729040798815718,-0.18685848415540568,-0.712480079158429,1.2461434196935872,-0.28378785037381665,-0.8557758377977662,0.4324126663590801,-0.9182307618571972,-0.6749831112039073,0.36135493658279805,-0.06724419302739748,-0.9308058696238336,0.36256402768957635,0.18579300863551995,-1.0532241177428756,0.37777754902400357,0.08566373645466507,-1.1330055148072973,0.06018988345421812,-1.0714869495738908,-0.631779746621726,-0.0030423953700642603,-0.04006091776679943,-0.8029001916802738,0.03993030975920381,0.1653142044304221,-0.8047153321835319,0.05908262265935047,0.011863662369945738,-0.8495426132331219,-0.28312343531904405,-0.9792961478170725,-0.6054391122971616,-0.33913702346154295,-0.26787588640397175,-0.851272770324393,-0.2181997863564109,0.009228824899013888,-0.8173180127013135,-0.13745173562575147,0.005803194966227165,-0.7969728123951034,-0.5525352606641247,-0.7619835734324104,-0.6010625347713006,-0.7832293689733515,-0.7330315108330745,-0.8530821612865027,-0.9556481951842811,-0.8635988831292328,-0.8836072710372299,-1.132534459021984,-1.097990519586324,-0.8909301697542182,3.023874267490119,0.9415982751383272,0.6961937635306643,0.9341792677120986,2.3061413643099975,0.9999999966910748,1.000000001597114,1.0000000043126425,0.9999999949426772,1.0000000089219574,0.9999999942784215,-0.012193098565245671,-0.008769665243969767,-2.784761066240579e-08
3,0.0,0.0,0.0,0.36579849226804034,0.07879761689071588,-0.34835702165080035,0.6390446097069472,-0.09432290525375225,-0.5747677671329051,0.8965565596346818,-0.27435987371121967,-0.7347708262394529,1.2704976214940773,-0.4233296362938297,-0.8708922339707252,0.4748601138443592,-1.0275841886642547,-0.6832047840472808,0.32906356129712677,-0.18581831474790123,-0.9080723080784411,0.3457379526325553,0.0054404104118039864,-0.9827775426705874,0.3647325828335561,-0.13427202413112949,-1.0353100216160787,0.10999831688691983,-1.1743144998367985,-0.6316732964819278,-0.0036851959817937596,-0.19861175651683527,-0.7846590238636808,0.03707332893027367,-0.049433525889632346,-0.7485039132421727,0.07218224234832818,-0.2870622073142317,-0.7668923119318033,-0.23563066371431518,-1.092825058462368,-0.5987549293511152,-0.3116431581529602,-0.406629703552123,-0.8278624888429365,-0.21213106054755576,-0.21053910709048285,-0.7596406895207326,-0.13927162179655686,-0.3084338499770828,-0.7239633850722735,-0.5119473543327654,-0.8942623721847005,-0.5913552558398032,-0.7253473278101521,-0.8555173819923297,-0.8487328762433989,-0.8882800799960859,-1.046010127341323,-0.880004581111433,-1.0552202269818052,-1.3524377298816699,-0.8897781963809033,2.9966056218026274,0.8388762119153599,0.6465619734080106,0.8700700086454995,2.173880102102091,0.9999999966910748,1.000000001597114,1.0000000043126425,0.9999999949426772,1.0000000089219574,0.9999999942784215,-0.016039915197990202,-0.02435284970328072,-2.9336294658355872e-08
3,0.0,0.0,0.0,0.3968222948107556,0.08261607988236233,-0.30725040975722884,0.6842433643902134,-0.0846800560681727,-0.5003057704897228,0.9867723190179583,-0.27049966408962245,-0.6413890685696426,1.3606538531689358,-0.39650853775015177,-0.7639243701996613,0.47736765128156616,-1.0589035762483832,-0.5746159610325314,0.4595942364177633,-0.20112032450459583,-0.7597360218178855,0.40443706667294615,-0.15880954371438571,-0.8270512171013809,0.32329446357671004,-0.3655668974989632,-0.8834885431238293,0.10632660412350721,-1.1868437560612117,-0.541838526283538,0.08585962708842398,-0.17681791337503938,-0.6673360954681342,0.0795349643734304,-0.1773574095892837,-0.6543380578974234,0.048505645392800424,-0.42716097464053493,-0.6969870326883076,-0.23449851136516248,-1.0924572990545285,-0.527097044650845,-0.24361059544783195,-0.3745641581949082,-0.7307927617256353,-0.19578642696189913,-0.30859221127278,-0.702838716810895,-0.18993646049407087,-0.4380984753287618,-0.7034240446963095,-0.506513195152834,-0.8840976405105889,-0.5369180346301152,-0.686141529457941,-0.7723603239040215,-0.7834407001402798,-0.8547943185135644,-1.0132520119242836,-0.8413214073006229,-1.0348688538976913,-1.325126646228118,-0.8756127823314859,2.992346283720948,0.7777303328917544,0.5544690549852136,0.7497500735281768,1.910205235697589,0.9999999966910748,1.000000001597114,1.0000000043126425,0.9999999949426772,1.7957795694911738e-08,0.8000000117850957,-0.006903957613412372,-0.016435490852377194,1.721451942859058e-08
3,0.0,0.0,0.0,0.4058937571499814,0.07280314857318573,-0.2614448074277659,0.6897902884543123,-0.09374799240283616,-0.4327323746913314,0.999267421710072,-0.27764508762150825,-0.5628057710162587,1.3808138327466213,-0.3678226480340545,-0.6793077598672171,0.5042687763466096,-1.0078366888020962,-0.4897375089491892,0.4713786591773087,-0.12221213463207192,-0.6578783430821331,0.37962153289791756,-0.10029097015518595,-0.7416267392922952,0.31127092238502324,-0.3195807612781454,-0.8228685211929672,0.12874354393561385,-1.1418770546030133,-0.4751813982150671,0.11304193477637028,-0.15800223011067438,-0.5850498066089604,0.09158923968157057,-0.16494564156199099,-0.586236715391296,0.07139912659995243,-0.4133904163765122,-0.6476489903441033,-0.21565870284319227,-1.0554530601613088,-0.47589385180976335,-0.20288866092662503,-0.3625558875874233,-0.6642714132428933,-0.17733596197212204,-0.29194756726437054,-0.6480512636519384,-0.17874674092726625,-0.4321466111796556,-0.6655148858266325,-0.4842481164026799,-0.8569009298557241,-0.4970035587191728,-0.6459140585288268,-0.7203727376783795,-0.7422124632524325,-0.8188152629398228,-0.9428058868546055,-0.810187932561111,-1.0019791161827916,-1.2792690993050755,-0.8572494425620476,3.008384947323478,0.728844650216999,0.5120573573092146,0.7044982415354446,1.8058260815018143,0.9999999966910748,1.000000001597114,1.0000000043126425,0.9999999949426772,1.7957795694911738e-08,0.8000000117850957,-0.004852639444797635,-0.01878929165676936,3.1604217613141072e-09
3,0.0,0.0,0.0,-0.7314540014189801,-0.06347228726228962,-0.08378966349735587,-1.4959126288220923,-0.01294645907835329,-0.08519439414199242,-2.0884092441719493,0.06132146751342149,-0.10947577061096841,-2.5138075969093867,0.13005577311970407,-0.12932962993877378,-2.088016492420337,-0.7250409758695762,0.16791062231733522,-2.432897569708517,0.1917274912898035,0.04524676435872377,-2.208358368375075,0.5923880206671575,-0.10801166588135391,-1.8943864248995397,0.7512579184653687,-0.1711185747041717,-1.9326185562198837,-0.5620104120298125,0.150899925537622,-2.3213954225871514,0.33924079731410783,0.014927598711243384,-2.0653497295981125,0.6992521212181404,-0.14192210991064502,-1.7707841855316897,0.9018893411086977,-0.2133119853048545,-1.6978183085422442,-0.3024972502156995,0.10869477187659143,-2.1200866580428843,0.4792301853412092,-0.08024524199081906,-1.936719685903595,0.8449842533708901,-0.20585213922018558,-1.6683328332583935,1.018417417511466,-0.22497721201732784,-1.4165086952366122,0.008670246302149853,0.06425079830606373,-1.9527958855507563,0.13081691987999422,-0.04913611058152079,-2.3384828031701557,0.16426009452238244,-0.08952236476431491,-2.60923210227304,0.1787676359011351,-0.08073715713593715,3.0712394737264845,1.5867124378705921,1.6831979738529887,1.868179804610688,2.811867745487863,0.9999999966910748,1.000000001597114,1.0000000043126425,0.9999999949426772,1.0000000089219574,0.9999999942784215,-0.01533660643024658,-0.001301321520618663,-1.925170627123289e-08
3,0.0,0.0,0.0,-0.7199333656128648,-0.08068249474262375,-0.0007417345325205216,-1.4426969115391912,-0.044251252676876796,0.022606325027668572,-2.0001605462765086,0.04984729524525611,0.005220600370077433,-2.392099161279789,0.15233796985207249,-0.01640441332652176,-2.055237855439451,-0.6962932340401882,0.19828573439751507,-2.3788794174189913,0.22413073015500684,0.08834681360890506,-2.175660718841698,0.6061934134789078,-0.058568488965648924,-1.8628881503628432,0.7571203724064393,-0.12181963267996776,-1.9089927752706737,-0.5362609582639306,0.13549069392355617,-2.2812764793023064,0.38333816749212124,-0.0008785388993858279,-2.0307580458980956,0.7210032365284214,-0.16015055448615434,-1.7241771558246732,0.9199149825114861,-0.23366905003773542,-1.6802038216463442,-0.2797047578623789,0.0579471940131171,-2.076290646743688,0.5013279245965591,-0.13365830571499576,-1.877677648461002,0.8589566122778981,-0.26731914416758806,-1.6022834300199504,1.0239163197217669,-0.29171765426458995,-1.4059136779330434,0.034144180625116594,-0.013467075541770512,-1.9693539620794938,0.0960801871261977,-0.1436959822510835,-2.39292561286741,0.10323493757149282,-0.19809259309167765,-2.7031637509212407,0.10009700833938162,-0.20030846575639955,3.008852948793431,1.5719533862120048,1.670979251194752,1.860155816793589,2.9094381665894176,0.9999999966910748,1.000000001597114,1.0000000043126425,0.9999999949426772,1.0000000089219574,0.9999999942784215,-0.015613170519843844,-0.001978744909583755,-2.1947831740005667e-08
5,0.0,0.0,0.0,-0.5225133197661795,0.06815920768131942,0.06483593763192239,-0.8926259263597703,0.46861783594196554,0.03678842396874632,-1.0538691979847337,0.9189403827775979,-0.008912842547107558,-1.1012177043005915,1.2953215325097533,-0.07415355117851719,-1.00456977483895,0.6327797275797449,-0.10794746162758462,-1.2248616090918332,1.2915280686020394,-0.21413741513360968,-1.2655855218703664,1.6511540766153627,-0.2873502411882634,-1.2623503658736235,1.8747973443286317,-0.3246879858910926,-0.7798528103355828,0.8709521939576474,-0.18886655657542376,-1.0020553359704658,1.576774956596053,-0.25338664605945366,-1.055687196401656,1.9201941062314385,-0.27959553615236604,-1.0394928279765123,2.105704825021773,-0.3051115871599319,-0.5163560366244871,1.0782041881976263,-0.2577031544564306,-0.7143753798047069,1.7369875385361775,-0.3058297633611129,-0.7699069762051153,2.0390969779847437,-0.2963508830110972,-0.7598986417015647,2.1905001070184538,-0.29528238912792965,-0.23838964372426424,1.2405709257708746,-0.3166524150936088,-0.39922865616107256,1.7605416334083421,-0.35142367359211724,-0.45552323444286125,1.997670647363114,-0.32330647159684217,-0.47055593483774366,2.1395219348645056,-0.29641455460040844,2.738130809142806,2.4582474356624346,2.7134032167168627,2.932560652867659,2.9297911742685834,0.9999999966910748,1.000000001597114,1.0000000043126425,0.9999999949426772,1.0000000089219574,0.9999999942784215,-0.021768502340930473,-0.04811937105755878,-6.925764565440815e-08
5,0.0,0.0,0.0,0.3310998735676113,-0.472606917717467,-0.10371749541012464,0.5837095576215346,-0.9280813392490077,-0.301927654160982,0.7476432663733782,-1.1650494587738556,-0.5330160855347141,0.6433616688400368,-1.0749962337647956,-0.7272815080200636,0.010673230338709452,-1.6833839459722297,-0.3421772707885551,0.2533479992317432,-2.2982542135675983,-0.6361672293832239,0.3964458621108436,-2.7854003918228774,-0.83200472359071,0.4799308379830482,-3.1905231882428464,-0.9780464206652753,-0.21141688067419917,-1.5320353319394107,-0.49992004068113405,0.08724558479676608,-2.2470757739521376,-0.9600173886372463,0.31250397872404295,-2.7925058950262525,-1.2030856729989767,0.48936215165586344,-3.267342083728419,-1.3372009038087591,-0.3143085970320762,-1.2266653790569146,-0.6439743626730822,0.39798668283605143,-1.3442190827463032,-0.9717151543818987,0.42302206584866353,-1.0124268522609545,-0.8533717759380105,0.2766373381919836,-0.8840776042510853,-0.7098710532269445,-0.27336649367897364,-0.8496039497783076,-0.8156034054712114,0.37486553624651314,-0.9381061856386932,-0.9740078351484385,0.38763492959899465,-0.6927078961511323,-0.8404568860831325,0.2066867374688438,-0.6146651475356751,-0.7121384719379383,2.8179042299908494,2.7285141968590465,2.6096000723542043,1.6877017147592113,1.6042015619892993,0.9999999966910748,1.000000001597114,1.0000000043126425,0.9999999949426772,1.0000000089219574,0.9999999942784215,-0.02034974496538972,-0.045617487511364456,8.69583944374422e-08
5,0.0,0.0,0.0,0.3757380642087785,-0.4756299601318279,-0.13173186761720526,0.6122174532866109,-0.8868959439364872,-0.36745059456819984,0.7728003898187329,-1.1315745062030578,-0.6349726921800602,0.6496361009127101,-1.0539620074056233,-0.8739768333211019,-0.013210628454586308,-1.6640966028116764,-0.39437961333144744,0.23244218857002832,-2.299708068475664,-0.721746433290987,0.3743493218006742,-2.809502598471063,-0.9429478768410249,0.45012232681522957,-3.244822471115465,-1.1026538568244708,-0.22506100184879912,-1.4959158914851118,-0.5441184676346599,0.09856408818775195,-2.207549782052875,-1.0128775659749696,0.31634824588905197,-2.727714296512525,-1.2587196461207149,0.4819108373139244,-3.205509390295197,-1.3968204503251676,-0.3125385651182415,-1.176709780125525,-0.6822734429982966,0.42104285854836154,-1.2713520549577124,-1.0275814679354947,0.4529059345132279,-0.9326560502536878,-0.9256384114132539,0.30780422548254394,-0.780437286829996,-0.7937483517489834,-0.26373522866356114,-0.8095109432040966,-0.8492651020551525,0.38009514057399196,-0.886645088994856,-1.03455055191787,0.41408848756890615,-0.6426396414487479,-0.91988143841153,0.2430623449352019,-0.5627049763722718,-0.8041114774101112,2.858057972857346,2.7273757114165362,2.588301915991117,1.6742838542343594,1.6324850187288706,0.9999999966910748,1.000000001597114,1.0000000043126425,0.9999999949426772,1.0000000089219574,0.9999999942784215,0.02274472238325702,0.04691337839241809,8.992141987697497e-08
0,0.0,0.0,0.0,0.38883565268620623,0.1360555375321014,-0.3248012674731268,0.7086626590243981,0.38478918870785644,-0.5624211954985201,0.7642755439336403,0.6827390353748728,-0.751147325046125,0.5431678295474323,0.8542848725835299,-0.9246177493399026,0.4940478499895317,-0.41736651465231456,-0.6718602877934434,0.5056091001296062,0.4892067533258233,-0.954144684626709,0.49701513184662915,0.544560379212832,-1.0965390311050816,0.45367769513833334,0.3526209108691103,-1.190049767037094,0.10869329560533747,-0.4516995021654463,-0.6377304362035849,0.18208191374714688,0.6188903041476137,-0.8502193489816363,0.21185443200194673,0.5941570603578319,-0.8521329862813043,0.19277597905968963,0.3425882881324984,-0.881348912722617,-0.20965715612451646,-0.3370776696148159,-0.6177362898496512,-0.10890802544486353,0.6500672795763637,-0.7870690854740285,-0.0642254726329997,0.6029639377347057,-0.6978633349216431,-0.06502980609677833,0.35672082877163125,-0.6431598109554497,-0.4691950852363777,-0.15067141062247902,-0.6396617275874035,-0.34431926505231686,0.5937660160453819,-0.7933049136763302,-0.2753302462050285,0.5397638527336169,-0.7852186563982406,-0.2777909448246436,0.34988106985390155,-0.7710233321776854,2.524145831395901,1.3626358225769746,1.1657887473243902,1.2268198489890272,1.4540105012798856,0.9999999966910748,1.000000001597114,1.0000000043126425,0.9999999949426772,1.0000000089219574,0.9999999942784215,0.01998461102525431,0.006498859889701047,-6.6474052981959985e-09
0,0.0,0.0,0.0,0.37321452318349935,0.13700645948851983,-0.3189125380427483,0.6884529126319058,0.36537258119875465,-0.5495688990549108,0.7504935529942189,0.6205433899875101,-0.7310333196177353,0.5353800894812069,0.7499672914974884,-0.8971188624633095,0.4802555437839655,-0.4728186045163647,-0.6609916326687775,0.49153227886402545,0.43453944388390786,-0.9409296795990985,0.4846032384185267,0.5308652823165587,-1.081891667761281,0.4366056817995686,0.35372694002352323,-1.1724256394011292,0.09673906878523782,-0.5130950082625475,-0.6271233838442741,0.15598677214366125,0.5600661423590523,-0.8370559699160274,0.1906091000116463,0.5638594825895156,-0.8421977207227515,0.16963771939032815,0.32408101879096485,-0.873677965578648,-0.22329500720700046,-0.40000481089236195,-0.6066746185868119,-0.13335355786623757,0.5841391066474423,-0.7751334295482339,-0.08324645979560853,0.5594298134309971,-0.6879875050170849,-0.08164447472758185,0.31672655499053626,-0.6352251217254521,-0.4843900431709141,-0.21151170615321735,-0.6266739817795957,-0.3673604362863663,0.5264277141651521,-0.7781271928559844,-0.29771878228795107,0.49382552846698335,-0.7672138812071356,-0.300174634674494,0.3096707155702979,-0.7505493152378221,2.5475406705164865,1.3014262599695907,1.0900603646548528,1.1496641718073244,1.3810827892558764,0.9999999966910748,1.000000001597114,1.0000000043126425,0.9999999949426772,1.0000000089219574,0.9999999942784215,0.020324944252957958,0.009339517947359037,-2.5149344717661836e-08
0,0.0,0.0,0.0,0.3903036023970771,0.15751873549551584,-0.32721588219716397,0.7084355891518392,0.41732874437275275,-0.5666422907459034,0.7632474858324744,0.7143309223253642,-0.7564890969225363,0.5408040397521414,0.8606468485722898,-0.9303167482711979,0.5080598430349064,-0.396462145856617,-0.6838742683026345,0.5047190172243159,0.49786785996067606,-0.9727339057183707,0.5001451128827608,0.5429545602134269,-1.1165709599825988,0.46598409158387055,0.3424134795968794,-1.209323525398743,0.12294295675020275,-0.44708787314242526,-0.6481324684030787,0.18037610390397024,0.633514429009274,-0.8613043385833197,0.21444406870301008,0.5921106884345848,-0.8561816868884828,0.2037693817371307,0.33063821445382136,-0.8790620605073539,-0.19721391435798313,-0.3399580944473519,-0.6270766323609669,-0.11094036937863042,0.6616101780755953,-0.7954067000329172,-0.06642115796777119,0.5936631715162536,-0.6949074917946869,-0.06376799462402089,0.3351755166746213,-0.6309117076809907,-0.46301832594000253,-0.16026104164284993,-0.6490014614826638,-0.3527946260121177,0.5974247740676211,-0.8064635780460113,-0.2844876351741035,0.5239063868811064,-0.7963590131105349,-0.28241174095928784,0.31659006891982233,-0.7779470025474432,2.542413946728242,1.3900890041313305,1.176195504367572,1.2302443811204138,1.4600226805243626,0.9999999966910748,1.000000001597114,1.0000000043126425,0.9999999949426772,1.0000000089219574,0.9999999942784215,0.02143643004971314,0.009936356706877321,-8.644480882661792e-09
0,0.0,0.0,0.0,0.3949794661506832,0.16911627508687113,-0.33169401196057924,0.7167314835577402,0.440926928746978,-0.5785912274729847,0.7948578615369479,0.7664284666974512,-0.7772262623746187,0.6106645334336773,0.9445255919617044,-0.9605923299552158,0.5252432266421444,-0.3570066345923065,-0.685408863944232,0.5539966896366757,0.5613467594465582,-0.9685982141789178,0.5308519181998089,0.6130571270555811,-1.1076623231214677,0.4786697725397394,0.40491225844692824,-1.19919648191191,0.1398004570159651,-0.40155490268463623,-0.651241621053996,0.21433240027856407,0.6946085620347151,-0.8606487281523656,0.23423319046104996,0.6588777871957994,-0.8524559867562445,0.221877788064553,0.3940349204821836,-0.8749293602695511,-0.17952408459806218,-0.28860408865767406,-0.6324357495450805,-0.0803881664480332,0.7196223348356846,-0.7959482177298747,-0.041038064431036414,0.6507097481590923,-0.6939799120004566,-0.040134721155709936,0.38763648054307764,-0.6317560097617005,-0.44318363061787264,-0.10931177472462628,-0.6571863240440128,-0.3300097005896441,0.6451720581365796,-0.8109214960920494,-0.2580006325829816,0.5722334279749915,-0.7982488901948029,-0.2501118439690493,0.36230358584784195,-0.7805940561515136,2.598089936908076,1.438334211906373,1.2267999669853276,1.2883267451567546,1.520033226457671,0.9999999966910748,1.000000001597114,1.0000000043126425,0.9999999949426772,1.0000000089219574,0.9999999942784215,0.019573859831060195,0.012744618519832704,-1.6373409425726553e-08
0,0.0,0.0,0.0,0.39209898337222465,0.13707577239947946,-0.32673239938436727,0.6869196512634064,0.39143170812135714,-0.5750825492156122,0.7350973262974546,0.7161897045672141,-0.7733206108232441,0.5485025321262623,0.9159242835139323,-0.9542587351970229,0.4887686020767488,-0.4352877715136201,-0.69247529137954,0.48890492336082914,0.48755411306932106,-0.9783953144627265,0.48682093655847225,0.5448544602050569,-1.1238248637530863,0.4625749167969723,0.34642819767260025,-1.2206290539804838,0.10621821111847543,-0.46668012783201007,-0.6563644526609782,0.1851016926919981,0.6111701649373737,-0.8649563211531872,0.21311536730660424,0.5642933648414754,-0.8577028638760894,0.19474186846854102,0.29208714459993135,-0.881420725995985,-0.20884158390842789,-0.3415472163642078,-0.6328415389929609,-0.09279755553205074,0.6538423076491889,-0.791930678945485,-0.05087741734775404,0.5874057361433375,-0.6823399030955244,-0.05379339203126698,0.3297984865452077,-0.6145975590156325,-0.4658353064323924,-0.14002860091316005,-0.6530634083262475,-0.3336667133043872,0.5959006672990583,-0.8034557645129327,-0.26311221459215967,0.5161356494085284,-0.7868138046872414,-0.25897750420720383,0.3057523946239783,-0.7645675558534288,2.5401325187749495,1.3477329787956325,1.1591911475017918,1.2166114076404009,1.4636703751860418,0.9999999966910748,1.000000001597114,1.0000000043126425,0.9999999949426772,1.0000000089219574,0.9999999942784215,0.018138118440104673,0.014238369408529211,-7.221846589908411e-09
0,0.0,0.0,0.0,0.425687438880866,0.16878081604898051,-0.3070091311899053,0.7657627919636691,0.39193231831010217,-0.5318153482922906,0.8216616042721896,0.6788145891214659,-0.7088540723002639,0.57295627074563,0.8598087983257849,-0.8675137356169556,0.5235532921974261,-0.44305402590776843,-0.6404853653407122,0.5333761675815356,0.48501708996074,-0.8989477278783725,0.5190322891548427,0.5672043669198674,-1.021078240520753,0.4702161605473624,0.3669160527628552,-1.1048362174626347,0.13400790123396486,-0.4881962230533905,-0.6146232526229081,0.20065367649618138,0.6297856951362462,-0.8037347725429064,0.23545619820830024,0.6303535281798485,-0.7939424491955812,0.225022668314099,0.36202085063979084,-0.8223097339761875,-0.18297496105696875,-0.3632935483407874,-0.6007387739235865,-0.06747853045632105,0.6898465277854376,-0.7456945289000514,-0.027613499615432927,0.6520978785579775,-0.6442254804688965,-0.03828411023687398,0.3856429149734115,-0.5909048907133048,-0.4358804554145321,-0.1613440035315783,-0.6292546207989387,-0.299530117347215,0.6492290329881492,-0.7684726583062504,-0.22603226953688205,0.6147450511281131,-0.7537686890408244,-0.2299520415119432,0.4086146026525691,-0.7418229647151082,2.4550261485545652,1.3015450212474475,1.087070811614605,1.1503541648058964,1.4128046327559975,0.9999999966910748,1.000000001597114,1.0000000043126425,0.9999999949426772,1.0000000089219574,0.9999999942784215,0.012885128338178517,0.007688548489593207,-7.774932969776976e-09
0,0.0,0.0,0.0,-0.41851016264339247,0.1333902134743021,-0.32276326992298027,-0.7912504306318329,0.3134093288898436,-0.5822108419191938,-0.7360571500697525,0.6324929409258162,-0.7870820789010549,-0.43207115026879106,0.8446100448164098,-0.9610004465484576,-0.5170096962224405,-0.6790699401765179,-0.5665937766625443,-0.5746094735218483,0.2922217397593556,-0.7799535532919836,-0.615573959412566,0.2767964649398855,-0.9205291839780227,-0.6186523899871785,0.03623087941578507,-1.0430498202872163,-0.14772664050637863,-0.7097459348390187,-0.5246024088135612,-0.2391205509977635,0.38342588162964586,-0.6794109819180463,-0.2731007695226613,0.23053777662315378,-0.6888042652274371,-0.25672291339140296,-0.08111417661490639,-0.7307987795608495,0.17385982084615859,-0.6014882661965011,-0.4983470681368952,0.08493474213564221,0.4007113402799459,-0.6521640385864756,0.037941758087204666,0.2388778610793102,-0.5598224997425879,0.04556118326517864,-0.08001316405040804,-0.5014659152367942,0.44620123964228564,-0.4152971332092962,-0.5151295104403342,0.3777775537556559,0.27072116989147643,-0.6849682218653134,0.3347007578802186,0.16036354422532373,-0.676107340576154,0.3501157395803924,-0.11822619413596902,-0.6494195410633792,2.0724716382036887,1.0486907533864236,0.8133232375425699,0.8433366055437335,1.156816013015062,-1.550000761074699e-08,1.000000001597114,1.0000000043126425,0.9999999949426772,1.7957795694911738e-08,0.6000000154943164,-0.006696621230390521,-0.014585243385002552,-8.209247644153912e-09
0,0.0,0.0,0.0,-0.397577342250223,0.1131339920593081,-0.3278113274550638,-0.7748090942012572,0.28158497632466845,-0.5929129669751932,-0.7576968504067294,0.5658488644369242,-0.799113562738931,-0.4717664078337467,0.7708089947792349,-0.969851778517133,-0.5751078598919107,-0.710303203608053,-0.5969274166443108,-0.6363627830675513,0.19090089228199525,-0.8280006840565808,-0.6139996841781767,0.14753935107775562,-0.9581599839948625,-0.5810101858979089,-0.09252541022136573,-1.063471323354419,-0.21943459931622877,-0.7502689482194869,-0.5534686408892093,-0.2878718374696252,0.34481082165256915,-0.7278095503906704,-0.2761249257753536,0.18965588943275735,-0.7247732214636746,-0.24219537230447577,-0.13218246005305034,-0.7469067561079327,0.10380826178536258,-0.6439918237804939,-0.5266799257144336,0.04020185579775474,0.38043653724510207,-0.6945496249667993,0.013662676549976487,0.22287303938067848,-0.5790386198428843,0.031368999936038894,-0.11280753573279168,-0.49588522072597074,0.3912759688959722,-0.45874753574900967,-0.5438048153271426,0.3232167997823803,0.25361987829878885,-0.7220578662864116,0.2925843360125259,0.1554987825812082,-0.7041772696861431,0.3221347985609425,-0.14074758390252717,-0.6642563935745698,2.161298991459466,1.0941432270126104,0.8401910589061603,0.8462733812458694,1.1281366245537334,0.9999999966910748,1.000000001597114,1.0000000043126425,0.9999999949426772,1.7957795694911738e-08,0.8000000117850957,-0.008041726457899913,-0.014530088605220811,2.2686289178147832e-09
0,0.0,0.0,0.0,-0.39420926059214506,0.10460266154368467,-0.31608033094576593,-0.7581625169266489,0.24455847797572622,-0.5764759705382135,-0.7400661599644318,0.5172833689981859,-0.783242699455506,-0.48730789191723545,0.6958327411108198,-0.955121331548942,-0.5604450387860976,-0.6981232829423901,-0.5822705071967793,-0.6500696503738115,0.13305692157889748,-0.8262890030131331,-0.6100973522952916,0.13094323534486163,-0.9550783140559964,-0.5479082267464523,-0.07489374064228671,-1.044268619798466,-0.2013292081426239,-0.7128099037140294,-0.5391206215796517,-0.2948590806576191,0.346991077221269,-0.7163551322865156,-0.2827129370240338,0.24115554969105935,-0.699737190211436,-0.2467664836920215,-0.04508296164011094,-0.6972554310230163,0.11748395136486937,-0.5784679590878716,-0.5141912636592321,0.023822122275330843,0.4160482569626148,-0.6830425320268331,-0.00710876559178622,0.280010914729942,-0.5542798639250379,0.006145546668294581,-0.026405257909782542,-0.44951275211360264,0.3834523478245061,-0.3719953670140267,-0.5303263585140624,0.2943655219891647,0.3335980291318277,-0.698081960347118,0.2577021163935094,0.2322226272216773,-0.6655561305426422,0.27736848445805456,-0.05545544314676831,-0.6046201587682606,2.13126370500723,1.1405153997768829,0.8648333913827106,0.8895006081739409,1.1836505241125854,0.9999999966910748,1.000000001597114,1.0000000043126425,0.9999999949426772,1.7957795694911738e-08,0.8000000117850957,-0.008987188231955654,-0.012023787448702736,1.0234188698484162e-08
0,0.0,0.0,0.0,-0.40607765836195286,0.08317246627942795,-0.3449749951912182,-0.7674550144305142,0.17544820736520522,-0.6137268626803265,-0.7687717208940015,0.4782506764463701,-0.81852692918456,-0.5135370371011857,0.6924481234078199,-0.9872099786237876,-0.4510963780720131,-0.671686777448677,-0.6496474777490834,-0.5677185326787713,0.15527436349363066,-0.8902592234998828,-0.5552282763209431,0.11571207819617624,-1.0162245166802755,-0.5068807066553931,-0.11544929548464355,-1.1171199010935084,-0.08701874287227297,-0.6610290900714807,-0.5888503958279239,-0.25489022649608917,0.39677503146411897,-0.7729966639677157,-0.261897921358221,0.2717834378189323,-0.7618199514864001,-0.22338147609237405,-0.035910045664492074,-0.7747176851451913,0.222078396603274,-0.5088414953838323,-0.5428858979091347,0.05892063582162375,0.48102257722717623,-0.717802532073985,0.01175373228719262,0.32846748985013974,-0.5934803488689682,0.032352507167270735,0.010433486023483152,-0.5030121173328723,0.4696879520274882,-0.2973970509387233,-0.539813933331668,0.3328528341386157,0.40305858282251505,-0.7356611985682129,0.29949915664873866,0.29521551523683576,-0.7280688946255568,0.33992584508083185,0.0064104719518681685,-0.6910222195841574,2.0904915325321562,1.1763870101650884,0.9322378791064407,0.9731522220680313,1.2755611253534567,0.9999999966910748,1.000000001597114,1.0000000043126425,0.9999999949426772,1.0000000089219574,0.9999999942784215,-0.012050230876839051,-0.008962263578441858,1.706341818535111e-08
0,0.0,0.0,0.0,-0.42673097387644926,0.06257211869486987,-0.334506277942725,-0.7924407603609808,0.1479843656944994,-0.598219515300846,-0.8084282138645997,0.43890088081613876,-0.7996125204943629,-0.5814177931268916,0.6751027388056552,-0.9670521436018105,-0.48671934895775054,-0.6632366758412396,-0.639844254486022,-0.6071614738168063,0.1866075972734227,-0.8707674942941046,-0.581662472093867,0.11348203654097033,-0.9913240739452253,-0.5348709795747164,-0.11836810091668415,-1.0899215912156126,-0.1289784188094673,-0.6396995266380247,-0.5797752901457496,-0.31192525650345615,0.4089916681591965,-0.7534387643272069,-0.28273099776565624,0.2647695594444328,-0.7361270180404814,-0.22041942012329102,-0.017931442234490058,-0.7474510662610587,0.17723858974141993,-0.4827501213431881,-0.5326762122570899,0.004811423102896811,0.49520956263350213,-0.7021362244908462,-0.01558565687390584,0.3219440814766644,-0.5797826644214792,0.02375534005970989,0.005093041747377791,-0.49197411282021536,0.42478359049185616,-0.26771613477635414,-0.5270354640442427,0.2797485264012251,0.42584158622740964,-0.716892954282886,0.2610288276971424,0.29972995858203355,-0.71116305256733,0.31609789003970196,-0.0007385447019980784,-0.678245720690954,2.1125213906011124,1.1748627349814655,0.9514471750492237,0.9849515768770845,1.2914659738802388,0.9999999966910748,1.000000001597114,1.0000000043126425,0.9999999949426772,1.7957795694911738e-08,0.8000000117850957,-0.01228119300670966,-0.009298023201558096,2.1408107230676135e-08
0,0.0,0.0,0.0,-0.40543259511788254,0.09430002522374356,-0.3327086890454964,-0.7739096422742061,0.1892598676428881,-0.5949065063312939,-0.7502596507038255,0.4567225153390537,-0.7942820818642753,-0.46422805813808576,0.6306815842680562,-0.9582451464100827,-0.4896133868168581,-0.6963820026688363,-0.627547755973082,-0.5720503084783475,0.10703511629543327,-0.8602349195758681,-0.5828554126544154,0.12724067482710688,-0.9855727559615488,-0.5513455876471309,-0.09830488316300823,-1.0896646967833659,-0.12364544318059885,-0.7074562177237926,-0.5732694975175405,-0.22719893402284777,0.32174612428199323,-0.7487947309767767,-0.25984530165397,0.2558243324768248,-0.740457230375805,-0.23976180628117674,-0.0315194088025208,-0.7587932294342293,0.19105223469503296,-0.5678985582665086,-0.533479098932434,0.08165934675915015,0.40385672034789744,-0.6958695652308035,-0.0008075757508616971,0.30933169542356953,-0.5771084433420536,-0.009326685149784054,0.022106614415165593,-0.49765547779597263,0.4483466038528919,-0.3621484888490737,-0.535249042404914,0.3482745233957329,0.32566761168327707,-0.7178952606791951,0.2862513719248461,0.2581705571440679,-0.7091643252787019,0.2920201380568318,-0.004503794686374629,-0.6776908627816969,2.033327572450982,1.137637786967331,0.8794648561294514,0.9131209650494017,1.2163254298032862,-1.550000761074699e-08,1.000000001597114,1.0000000043126425,0.9999999949426772,1.0000000089219574,0.8000000117850957,-0.015585933439249421,-0.008196837111450783,2.8328000190207744e-08
0,0.0,0.0,0.0,-0.3935495828979406,0.09649051600646316,-0.3399749167844294,-0.7721798716730843,0.1789841399355811,-0.6030383653010774,-0.76647320442601,0.40892163095314316,-0.8046332118122883,-0.4931064438130712,0.562447421887206,-0.9636186855790141,-0.5437331470435363,-0.7673840048325162,-0.5964369834805123,-0.6335797934415472,0.05493483740246341,-0.8399205446249961,-0.6046031809283342,0.17863310016519773,-0.9568091707648296,-0.5430020301488094,-0.019892064587781366,-1.0461736959144747,-0.1825134466305679,-0.7928871532316075,-0.5421847033715715,-0.280181256143915,0.2467940994244362,-0.7344815013311461,-0.29252044512843334,0.2620942491131393,-0.7181737365079026,-0.26657150270464686,-0.0405160602007697,-0.7179504648644035,0.13720155863522643,-0.6707098434363015,-0.5093377753587462,0.05157126591636508,0.32460618403678454,-0.6848306707847774,-0.014961168376358691,0.27969130831038835,-0.5559708477838028,-0.023978556136979724,-0.028057436278712156,-0.4606945211547283,0.40834626207169633,-0.47148803354802565,-0.5190393298714256,0.32207774032760134,0.22191470693729876,-0.6985349605655828,0.2631090371561258,0.19390632566938348,-0.6789272402112561,0.2585945103892361,-0.06408422158131977,-0.6343033899406717,2.0800633353410944,1.0984083059478147,0.8278675044467187,0.8208188725157703,1.0933670330627023,0.9999999966910748,1.000000001597114,1.0000000043126425,0.9999999949426772,1.0000000089219574,0.9999999942784215,-0.015013562386811561,-0.006621387224963594,2.715977748611497e-08
0,0.0,0.0,0.0,0.3599219345766327,0.3489801646538586,-0.2510133096901722,0.5317692313152033,0.7909460891495401,-0.4401133659223997,0.5295094579567291,1.2002786175705655,-0.5899356036223524,0.3739190158586615,1.4379578211619022,-0.7253361325385005,-0.025921835005033207,1.3783704536841244,-0.40929833140025124,-0.08685280284882488,1.951639550366463,-0.5593674226340697,-0.027754134931134256,2.0264700623170997,-0.6314777136947167,0.021246012238446528,1.9472028763850828,-0.6712656604318263,-0.3763259653784662,1.2633564064248435,-0.3446365587823935,-0.3604179149466663,1.7245003990618302,-0.432367323470106,-0.23907827283135297,1.6431336955717948,-0.4652150511729608,-0.17744984183711252,1.4628836332846216,-0.4974364943564997,-0.625858621489194,1.0285793128165377,-0.2893369500145078,-0.5641552627699468,1.3442429939205587,-0.3608647042928399,-0.4283502149648261,1.2219411316436268,-0.34734729626367283,-0.3603317039899871,1.045908051916262,-0.34789962209252956,-0.7992340870543961,0.764188505456238,-0.25191776720150766,-0.743641235600694,1.000066974930584,-0.3060693948671135,-0.6313354129050115,0.9169389188331128,-0.2863679635365488,-0.5643468720845936,0.7857880488056778,-0.2657390443986713,2.7891745594035107,3.051100513661902,2.8184757283995436,2.4216504024601586,2.1302616605169353,0.9999999966910748,1.000000001597114,1.857738651800389e-08,-2.4739766124604046e-08,1.7957795694911738e-08,0.40000001920353684,-0.004053660241369224,0.03320895785931277,-2.2141914626930764e-08
0,0.0,0.0,0.0,0.30346009059969065,0.40892986945419685,-0.011250791273387295,0.3660401762879063,0.791726000593505,-0.06601500888637385,0.3132024915225715,1.090362427935757,-0.12523715642014782,0.18211057406120879,1.2396809717535062,-0.1788178176094538,-0.059441422282234695,1.3233785026535978,-0.09296797008123198,-0.09007732448280073,1.3114092806894406,-0.1398358594552026,-0.039266531787132825,1.0388767047201763,-0.18738688930744463,-4.157212324931367e-05,0.8252480290510202,-0.22912341234979178,-0.4065832721458905,1.2510868903065369,-0.13527493262642426,-0.37582466684586224,1.1382256971245188,-0.10653986418600359,-0.28262501952299635,0.9021549296787854,-0.12083711265718478,-0.23739635503183895,0.7219575913495029,-0.16190103519572807,-0.6777200256434639,1.041689623349915,-0.16999817278215856,-0.6280218295002208,0.9417030985750486,-0.1402665374266967,-0.5211098560728992,0.7475136812553537,-0.11108384752642325,-0.4517160953549124,0.5990192436148292,-0.1254469958902274,-0.8819543247224527,0.7666038810102592,-0.20904760894777985,-0.860082491705266,0.6399209451707046,-0.17626331584723653,-0.7387927872527793,0.47818800391481486,-0.11524089161263784,-0.6500813185841547,0.37563486117082145,-0.0786005198623475,2.8050448864539117,1.4433910818704683,0.14629428761219954,0.16809306707500182,0.6719334899374692,0.9999999966910748,-1.183782638580766e-08,1.0000000043126425,0.9999999949426772,1.0000000089219574,0.8000000117850957,-0.0013955549945126723,0.027842653955668702,-4.2824536370563096e-08
0,0.0,0.0,0.0,0.4815473308336902,0.05268910191703571,-0.3366510630625361,0.829627333048156,0.12323369053012884,-0.5704671138536581,0.8312517136037422,0.45808080768985926,-0.7412574245186634,0.5526115384464503,0.8170113112178876,-0.895456308327773,0.3149285775894301,-0.4175747135373805,-0.7530633818218229,0.4280032390558705,0.4853248614401655,-1.0331953713166921,0.5101301772100836,0.6167298442591143,-1.1521049752841637,0.4891878126955817,0.4564735525097168,-1.2262158351123866,-0.07642738598105321,-0.3246886253716914,-0.6997233727669105,0.1402161165857617,0.724022585591102,-0.8926548819188057,0.24691222513257577,0.7425287585153224,-0.8602024497240304,0.23632273158178593,0.45759945492975285,-0.8771815225706694,-0.338777127686972,-0.10627772022165771,-0.6549277982996474,-0.06913610353141383,0.8257104733719757,-0.8140681967967742,0.01497837963489499,0.8061716983507093,-0.6933662838802227,-0.00202190145168573,0.548360435884824,-0.628220080177289,-0.5071996380782733,0.14284579854849067,-0.6528934717140045,-0.26530316376305585,0.8388393716729787,-0.8152044207991128,-0.18241716805657804,0.7956763458875659,-0.799832161654879,-0.20604846856365494,0.6002173695491014,-0.7904073556973596,1.983589634502739,1.4207864585729608,1.3043761108174046,1.4528730934159841,1.7018160752723293,-1.550000761074699e-08,1.000000001597114,1.0000000043126425,0.9999999949426772,1.0000000089219574,0.8000000117850957,0.015682764312855743,-0.03836398309138463,1.9665771719539294e-08
0,0.0,0.0,0.0,0.46110408044058215,0.05889447848609611,-0.3316839075701755,0.7893700947125679,0.17250914797344602,-0.5596180513918884,0.7921041302282144,0.5004948030074632,-0.7216530359955937,0.5374407854699542,0.8256537837180504,-0.8703657464207311,0.3236452056544285,-0.3636821498223656,-0.7428890643448212,0.4066427603398021,0.5360712358584026,-1.0136674872129183,0.47326853079703773,0.6008325594675752,-1.1453123101874607,0.4561202675025479,0.4332696063733694,-1.2337931340822244,-0.05885568311115054,-0.2768698246415149,-0.6889404909523554,0.13982474971921838,0.7594400237412904,-0.8677890720539012,0.2276957711807207,0.7212836695147322,-0.84802855239832,0.2026489465448555,0.45463797995289656,-0.8798265352717578,-0.32439635577746395,-0.059536990586642524,-0.641734595449948,-0.0697804633569285,0.8649487322251178,-0.7847738262829178,-0.0010006075706674444,0.8048393954652321,-0.6760281340234989,-0.02910384025733124,0.5592730752230561,-0.6232213433847001,-0.4995874960716932,0.1939863491160081,-0.6366165263809049,-0.25860539579477915,0.8723972862857035,-0.7852906510176338,-0.18908845038197242,0.8088278740337854,-0.76968634473222,-0.22298267000194388,0.6214474931660444,-0.7625402190524365,2.087542791211699,1.4521094382544828,1.3489419284455835,1.5052136024166856,1.7447148614499113,-1.550000761074699e-08,1.000000001597114,1.0000000043126425,0.9999999949426772,1.0000000089219574,0.8000000117850957,0.013344236122584119,-0.03231785078244501,4.192201652192394e-08
2,0.0,0.0,0.0,0.8669567375667155,-0.8004252875484149,0.14677589676821198,1.3099195976649962,-1.7469519503057238,0.18919780771044192,1.6743228139966368,-2.4183850269414604,0.11465383703702847,1.758319636251746,-3.1363358196769706,0.05850001334090216,0.32317551101671377,-2.8421685879959258,0.47211819220228823,0.65810261115067,-3.9975528048336217,0.2414481400106805,1.2029296803135823,-3.8202719008510213,0.003113626928663571,1.5219731310516451,-3.357922628022574,-0.11676496044257756,0.09819769894482466,-2.856568663348005,0.22629499294589417,0.5424296793792667,-4.079858203520007,-0.02795280857447424,1.1881642812114004,-3.853813947346067,-0.2848839731527338,1.4913067949731722,-3.253265842551575,-0.4231460360671452,-0.08575717119680344,-2.831626549970177,-0.06838857845668805,0.3751845704502891,-4.031089250472064,-0.2778704802326094,0.9995076483889513,-3.863181063597253,-0.43486186790790765,1.2966048874537792,-3.3331057921396745,-0.4997432798584906,-0.21037377003732433,-2.761334986122114,-0.36977922924452705,0.18189460981042654,-3.7522854582171137,-0.5180491225040786,0.6915693862913358,-3.8086392412598995,-0.5934081082770752,1.0306967425241755,-3.518891511166408,-0.6242052324495528,2.9914750958034477,2.7506151051382988,2.727354538291387,2.723250389000052,2.6928191390557554,0.9999999966910748,1.000000001597114,1.857738651800389e-08,0.9999999949426772,1.0000000089219574,0.8000000117850957,-0.009580601741409605,-0.012955586283078215,2.2859265540468574e-09
2,0.0,0.0,0.0,0.74581268892159,-0.6844409589364799,0.13657128776381552,1.113595360062541,-1.546201401424666,0.21497595555166427,1.4244637397692461,-2.1603205181877128,0.17903880989130005,1.5230655582440997,-2.812113971076876,0.14883984856595578,0.2748261054639065,-2.580627476123622,0.5769283395835688,0.5120267533646459,-3.54252399501297,0.3778973584876605,0.9872198498858628,-3.441730101576219,0.13194222039032188,1.3072770463347454,-3.060317804486055,-0.00037335910178426523,0.07758618889400383,-2.617388782471387,0.35301417127139123,0.39327857000533684,-3.678723909792276,0.12833520205309856,0.9562373880712609,-3.528703049473908,-0.13191857375674476,1.2769974449806245,-3.022591368366971,-0.2684710447551812,-0.13329370692171488,-2.638112488913321,0.07337069144945918,0.19208484821370633,-3.6972385299809165,-0.11696037213266997,0.7512335764172492,-3.581135346306808,-0.27250074183405626,1.0777406924020163,-3.1194584616643155,-0.33150887946942065,-0.33298849747614695,-2.6070524181705106,-0.21671083390732354,-0.07464879547302743,-3.5128479057193926,-0.3571032210318811,0.35554803416889463,-3.5951718409724918,-0.4227215613849162,0.694412227292506,-3.3619043890113187,-0.4404880724720145,2.9911055462486384,2.703378163400481,2.719321228767516,2.742064948106153,2.7341840324356608,0.9999999966910748,-1.183782638580766e-08,1.857738651800389e-08,-2.4739766124604046e-08,1.0000000089219574,0.40000001920353684,-0.009450116203209563,-0.014673311975666844,-3.068354008288863e-09
2,0.0,0.0,0.0,0.8041095333945635,-0.6897866719271878,0.19139989603343024,1.1938059574662783,-1.5565611327156041,0.29046804068004006,1.511339352073402,-2.2098031053738723,0.2655493972653852,1.5779107970061095,-2.894180991021819,0.24530512725438292,0.29940550316957176,-2.563171218213995,0.6487162859364575,0.5348717271775614,-3.5915786860366836,0.5046620831084165,1.0150006734040615,-3.516625131640928,0.300740035484368,1.3415939322494845,-3.154614185197164,0.18899478803309533,0.10717117006325368,-2.6074779199261986,0.40453788904875887,0.4339442788335559,-3.720804325755612,0.22287428053009384,1.0117527364803298,-3.5791690266193292,-0.021425416077503034,1.3389410588496335,-3.047281446897745,-0.1567856494432554,-0.08384179963531967,-2.6469328050152616,0.11056766281197744,0.26650403098917363,-3.751852028932722,-0.04862084202014333,0.8526741096915819,-3.612446292527534,-0.19879332695980445,1.1843870588070406,-3.1284576124164465,-0.2652184371606392,-0.2419749920172442,-2.6453664771931673,-0.18803410428453501,0.07051575149289409,-3.6026258181596673,-0.2992743915901414,0.5327298932904275,-3.604106578921206,-0.34874758743448186,0.8765799754022091,-3.2848103013792946,-0.362695926400632,3.0002319678078475,2.744647240278842,2.7481434481457327,2.7595977869670905,2.7346401242292484,0.9999999966910748,1.000000001597114,1.857738651800389e-08,-2.4739766124604046e-08,1.0000000089219574,0.6000000154943164,-0.009557302454264976,-0.014647602921266448,2.425060900574835e-09
2,0.0,0.0,0.0,0.7921660640947795,-0.6735233666890001,0.1333874679557299,1.1516129880472328,-1.500528077345424,0.20095238616670652,1.458564909166191,-2.1418515897130845,0.15113644170448548,1.5138023767511928,-2.8030775182965497,0.10378001932385617,0.3304656433245613,-2.528057293380626,0.5940706522622988,0.5413870112137233,-3.510570198442295,0.4186724821273813,0.9802055773558277,-3.4172849455087704,0.18966755702579574,1.2783635904729915,-3.0658090209003634,0.05933798416497538,0.12359239981038461,-2.5550995591997068,0.37193968363782937,0.4043987782658349,-3.6193832353576463,0.15572150084467729,0.930736058736479,-3.4584250671413352,-0.10751589943425288,1.224247788450569,-2.9536179783313035,-0.2540424561536236,-0.08916763866184312,-2.5801540804718996,0.09441875517886733,0.20200817254007386,-3.6632997703693766,-0.0974762115308459,0.7487197268914172,-3.5200985651849117,-0.2613411747982273,1.061827950021863,-3.037771700553537,-0.3299276328482275,-0.2858734322451092,-2.556024848004038,-0.19291345655006187,-0.004745512712757388,-3.4941440117093348,-0.32976382089046186,0.43056085892095564,-3.5182885472754455,-0.40115840119266816,0.7607739658696315,-3.2129408691214056,-0.42869076087351043,2.9923565243423997,2.7318014991948196,2.7441253493430917,2.7809889562003836,2.7363727153945696,0.9999999966910748,1.000000001597114,1.857738651800389e-08,-2.4739766124604046e-08,1.0000000089219574,0.6000000154943164,-0.009285763005331252,-0.015205028885483585,2.084831733695469e-09
2,0.0,0.0,0.0,0.8868564937362423,-0.7642910740470673,0.16794588838296817,1.2823102423851205,-1.670659213389455,0.25733470794245616,1.6024547069416128,-2.4032416598411634,0.22296175396678564,1.7090417504491768,-3.176936195443046,0.2003897482495931,0.22553141650423583,-2.826050292025342,0.6773107857912423,0.5228393036610959,-3.9457093182370047,0.49815157025021795,1.0412557349919653,-3.854033890924156,0.25538365007202424,1.4089143013496919,-3.4553427055223356,0.12486485018139204,-0.015146080620543095,-2.8801515322463223,0.44582670168872973,0.3984191440186501,-4.097909890759677,0.2215594115665751,1.0166798819294067,-3.951669536508496,-0.06407406943943028,1.3946811364926537,-3.408653101418592,-0.21538336217526788,-0.21662261957280593,-2.8966612604507995,0.1593268750719276,0.2118736951211467,-4.11804016223813,-0.03460138655555822,0.8490592163141025,-3.9787237819253916,-0.2088246933686757,1.2317941921631326,-3.467528759035188,-0.2756856151649557,-0.35928176057682315,-2.8606296572998264,-0.1331198667300726,0.024894478857870134,-3.903491647010602,-0.2706060407568178,0.5237432122504541,-3.9746223546886417,-0.3410501741898292,0.9022037636497369,-3.7079646268909783,-0.3585897958701313,3.0084748315899814,2.714498005599343,2.6767501867536856,2.6830730260323628,2.6593766135325763,0.9999999966910748,1.000000001597114,1.857738651800389e-08,0.9999999949426772,1.0000000089219574,0.8000000117850957,-0.008078302617887433,-0.016306539761438664,-1.778886310993058e-09
2,0.0,0.0,0.0,0.8062760763489362,-0.7371596685389225,0.20085831922728078,1.1699136779493677,-1.5686877109546387,0.3004039625484244,1.5081777906516929,-2.1940089752677965,0.27021043706939996,1.6030254265583364,-2.8932438354508117,0.2473125557278094,0.2230829363314953,-2.588526311682136,0.7139673421106306,0.48636072219947746,-3.5345328686265507,0.552507779441324,0.9694199641543987,-3.474282691340525,0.3176434260581604,1.305953936354671,-3.122922870727346,0.18913565560855372,0.013694512222046824,-2.634296255472697,0.46882048006736876,0.3668596964157914,-3.7269843459954357,0.2752239953094592,0.9458117209835959,-3.6540560854020487,0.010733715501544117,1.3171564362053316,-3.2032837783871724,-0.13308769552876726,-0.17150061340524259,-2.6531298041141964,0.16909327093816356,0.20207150535826923,-3.76736122938998,-0.000629831474803666,0.7964585339758087,-3.6967217027349464,-0.15810314099060707,1.1696014218147264,-3.27192285775872,-0.22158530882755706,-0.3042558936096244,-2.615436179167848,-0.1352614414234205,0.0643720920357025,-3.5560188729679068,-0.25336022361483407,0.5230690925916717,-3.659883111246753,-0.3090815749389742,0.8788115719274507,-3.4591547153467435,-0.3229241052512223,2.968445535087388,2.672919510103891,2.681904079111105,2.702704689126032,2.6497872020514786,0.9999999966910748,1.000000001597114,1.0000000043126425,0.9999999949426772,1.0000000089219574,0.9999999942784215,-0.006172472939962456,-0.01802159593654615,6.766262684655743e-10
2,0.0,0.0,0.0,0.7722044710611016,-0.636246347213015,0.24203886269258137,1.088651641008973,-1.3633438290640734,0.3731437399795141,1.3621382977894558,-1.9161809501359948,0.3713271774861403,1.4661990060130605,-2.522214590908675,0.36977255049171553,0.3224574318828646,-2.2060239347009265,0.7756069123814099,0.5402839732559599,-3.019071081844741,0.6838787939908071,0.9383557898415412,-2.977824237607786,0.4988325272997416,1.229061399277871,-2.686551790326381,0.38773326826231946,0.14338442548157426,-2.2689323686137444,0.5213127673497551,0.4276273963941001,-3.21856800916373,0.3847640676096823,0.9184466982478382,-3.1536986191048815,0.1374934495409459,1.2315751704111118,-2.7291920131131464,-0.007715645928561332,-0.03140479775294598,-2.314005598390949,0.21797132172864225,0.27252407513605537,-3.284807875759429,0.09062735810837474,0.7737940512836214,-3.1998902323971916,-0.06957889592073668,1.0870233266264455,-2.806976629090725,-0.14914146689446428,-0.1748918325722622,-2.308260506439373,-0.08589839284232675,0.10564554457518409,-3.1400116094359296,-0.17950322659336232,0.4962915912791245,-3.205077599559573,-0.24638346858792448,0.8095099964545585,-2.9980965624832008,-0.27888620690637106,2.9678370799454963,2.683608270993564,2.714458921552522,2.757188063331324,2.735855093032621,0.9999999966910748,1.000000001597114,1.857738651800389e-08,0.9999999949426772,1.0000000089219574,0.8000000117850957,-0.005018018658888921,-0.017218781521234426,-1.1687717334156057e-09
2,0.0,0.0,0.0,0.8994243576743192,-0.7444048111996613,0.16797220887011263,1.3025379317593024,-1.5271524161974825,0.24454635807823066,1.6378688380918474,-2.15110797206472,0.1939466632199175,1.7473925191100181,-2.864185959025333,0.15298249398754038,0.38502520238132026,-2.604328699972667,0.6731271385301086,0.6356687297874135,-3.5689097938946093,0.49312779357482484,1.1431205533071553,-3.469218529611412,0.24946094776908856,1.4865387417461513,-3.099537851854593,0.11143725145575956,0.1975328721813496,-2.6423364465626555,0.4234718297172215,0.5460664112108218,-3.714396366495321,0.19551002558654584,1.150731478665607,-3.5942968848200714,-0.10223048561732068,1.5036324947685276,-3.0988826143265022,-0.2736598246322041,0.030651637015010696,-2.6604680292828,0.11585484716273459,0.41474540669371884,-3.7387005765460395,-0.08686528002408522,1.0150339235438788,-3.622633229100736,-0.2796768855424519,1.3475841693041417,-3.1675061055459626,-0.36693761159591654,-0.10240134505972966,-2.6168523493433216,-0.1999470710284833,0.26140182525756933,-3.5884566362266908,-0.3432544359977038,0.7306790229714603,-3.65414294520997,-0.4298990369067719,1.065650422865774,-3.376475243446615,-0.4684626151141925,2.9825572888842053,2.6995527716641656,2.7114877522612537,2.7462286860896534,2.7418692098756408,0.9999999966910748,-1.183782638580766e-08,1.857738651800389e-08,0.9999999949426772,1.0000000089219574,0.6000000154943164,-0.0037991899712513464,-0.018987290781259297,1.6267102288412962e-09
2,0.0,0.0,0.0,0.9559880241015213,-0.7386370885664685,0.1398293848788428,1.4218325651610926,-1.6065263150143687,0.2196555962463581,1.7748362986146828,-2.2992340577007866,0.17622643743091437,1.8696826935812483,-3.072495977620478,0.1472987079699034,0.4270036702546651,-2.7607996321829176,0.699811703185948,0.693945349476671,-3.795741947855981,0.5142569693400936,1.2485118708855074,-3.7061490777134996,0.25983344655480745,1.6244746822526386,-3.3099806117172443,0.1189958681350971,0.22057432764607865,-2.8295196106775395,0.46738067939956185,0.5881945843209874,-3.96705499697297,0.2350157060248097,1.2444943551480114,-3.8552168757068035,-0.07496916017190491,1.630507549685946,-3.326042406071699,-0.24992737618967226,0.03660806465864576,-2.8787641040901,0.171476715451717,0.45469756634487113,-4.020551798250963,-0.03651423769377282,1.0963299071284605,-3.8998731482610056,-0.23518364308425105,1.4498082765335523,-3.417294201829306,-0.3222857099986087,-0.11334488051664808,-2.8644951810459722,-0.13521555509909694,0.2783656952642175,-3.8656768293337436,-0.2814293936781321,0.7771389258679345,-3.905186204095495,-0.3632844995810258,1.1268868249506807,-3.595227294805686,-0.39355006329055575,3.003276347407357,2.712851969370597,2.71651384701625,2.7341778285393694,2.721646068557347,0.9999999966910748,-1.183782638580766e-08,1.857738651800389e-08,0.9999999949426772,1.0000000089219574,0.6000000154943164,-0.0021832022696165365,-0.016902671441908088,6.139042340665552e-09
2,0.0,0.0,0.0,0.9314883486331317,-0.673173542906414,0.18109221332471628,1.3580241558642445,-1.5198233167327442,0.2985784748719452,1.7135995148024732,-2.197985299647906,0.28667263038544877,1.8147792680333488,-2.9247554230139663,0.2859850379167894,0.43504148762867945,-2.5997774852101436,0.7510513341109913,0.662542204889379,-3.571377320217514,0.6169875549763069,1.1730215722178123,-3.5056156843303103,0.40877331533683536,1.5320664497461032,-3.1814079559584574,0.28775330872890315,0.2531584252466872,-2.6658327782053206,0.5063877519654179,0.531439959050606,-3.7764654804239055,0.31107629603255793,1.1532905434567604,-3.6758420639783225,0.03503385055527508,1.531391714983882,-3.2150430159425625,-0.12403368122407643,0.08946680315367542,-2.7350120815015964,0.20082428884704845,0.4160890100423913,-3.863347544266683,0.008865791863433947,1.0404163465899126,-3.711442857307598,-0.18829552818663203,1.3989079768609525,-3.241182503105607,-0.2772430888919188,-0.04671033440759827,-2.753204172582066,-0.11172060251801791,0.28486755437073713,-3.739071135886737,-0.24687104132046356,0.7632391767317995,-3.7285891059216314,-0.334546149068299,1.1149253033945434,-3.394317676955594,-0.37404826793256063,3.0018038778525957,2.7255830800038185,2.755409027874606,2.7995922679329945,2.790169477317942,0.9999999966910748,1.000000001597114,1.857738651800389e-08,-2.4739766124604046e-08,1.0000000089219574,0.6000000154943164,-0.0005743023300557297,-0.01522795014023293,9.508305749459635e-09
0,0.0,0.0,0.0,-0.5047618596075055,0.057401317595455054,-0.07215444679466682,-0.8885257151642562,0.5168342938931632,-0.1805181299858355,-1.0134697886793034,1.061548780238672,-0.2700499021342234,-0.8729150119477975,1.3731400097160356,-0.3702276873075076,-0.6335540285412602,0.23326515024912564,-0.44423168363047416,-0.7771493228233202,1.1765065377859452,-0.5621097679925646,-0.7766651631370193,1.210548131531126,-0.5518769663205805,-0.7399177646053214,1.0471889076754624,-0.5342451424918719,-0.2822917305600657,0.2969875388932277,-0.4847953327831781,-0.44929380966310795,1.3873910679238373,-0.5897900440857762,-0.4619164753836675,1.275541780848643,-0.5389546164762752,-0.43754023383078317,1.0196455826438766,-0.5229142291477714,0.022443928830993137,0.4298796552558255,-0.5076949053336167,-0.15722768165338794,1.4190411500809286,-0.6047043165659405,-0.19542900635796606,1.23806943210008,-0.5222744942014724,-0.18223043681023374,0.9665973118019504,-0.4753209916781739,0.28784665249042257,0.6127424726724521,-0.5280042230996544,0.12014679605713999,1.3280599162520295,-0.6246541143667381,0.06415254556216993,1.1821383691000245,-0.5844064357785523,0.07111825824628394,0.941407653637316,-0.5566592217053963,2.6775610447568052,2.0574643598385056,2.2140390838523922,2.3458518910141524,2.3368015219548863,0.9999999966910748,1.000000001597114,1.0000000043126425,0.9999999949426772,1.0000000089219574,0.9999999942784215,-0.0031930607549366,-0.016231026071593886,-1.29340262786842e-10
0,0.0,0.0,0.0,-0.4784174406763285,0.15068502809377174,-0.0828848075297742,-0.871211409496182,0.6112969633074012,-0.22430123335038463,-0.9694069327262851,1.1125675276386167,-0.3358396287637623,-0.792810644298314,1.3912121341509784,-0.45768587069463373,-0.6070719858836837,0.2275119139112367,-0.5972817641518446,-0.7526738707636018,1.176882913636464,-0.740251309196085,-0.7156098208729632,1.1377456151819187,-0.7306029238813333,-0.6589867188069656,0.9255218589770988,-0.7096771598674514,-0.2466529856943196,0.2640036438914961,-0.6427532588121538,-0.4070114117936231,1.3224404562747454,-0.7761819223889623,-0.40695192486456416,1.1694808548344844,-0.7108977964749954,-0.35905349642392026,0.8815309741533339,-0.6853079794707804,0.0619248362286522,0.3860872753651774,-0.6613417958184958,-0.1250594700337603,1.363217317573243,-0.7753968824243704,-0.1449486609177389,1.1586405326636262,-0.6691125611994646,-0.10868996706493272,0.862261484589226,-0.6089320805876477,0.3304451335036515,0.5662757870620213,-0.6766578467817967,0.13795259737383103,1.2841787990737004,-0.7738883444098534,0.09726439415279566,1.1063184418321854,-0.7096899215953846,0.13244874858310393,0.8402724408747478,-0.6726682777360687,2.6416149132685995,2.0435674154747208,2.104624987421564,2.1813883728394052,2.1879305861209835,0.9999999966910748,1.000000001597114,1.0000000043126425,0.9999999949426772,1.7957795694911738e-08,0.8000000117850957,-0.0007263554362128769,-0.020963324474661534,-4.4674102336648245e-10
0,0.0,0.0,0.0,-0.4707046434988974,0.1488332314343027,-0.12563495540153757,-0.880986208590758,0.595776128592719,-0.28702524625253484,-0.9386675788015602,1.1219314506662732,-0.40388137465883056,-0.7377682671575031,1.4221013598044017,-0.5284476881616962,-0.601209779384548,0.16757879510860207,-0.6789456166069378,-0.7017133708880607,1.0943907867972913,-0.821882320280685,-0.6900949442769718,1.0257827019111823,-0.8052166049963906,-0.6718697025592975,0.8271419935287059,-0.7832435318284156,-0.23601030207970586,0.21715736057420187,-0.7034966482082515,-0.3926505880875867,1.279485724626499,-0.8507635370750973,-0.40068552616761227,1.1039414774366605,-0.7934795642447352,-0.34736001989901,0.8087614407650117,-0.7701251525994612,0.06536119300973287,0.3454241108004532,-0.6975533438769166,-0.09716765216390502,1.3247309984613866,-0.8113744256004125,-0.12131893327100625,1.0969861139643546,-0.7071396643098613,-0.08420365048528525,0.790527408175574,-0.6496925977356677,0.3311610456615152,0.5288894817038855,-0.690749689280916,0.16371241346450308,1.2119291904566383,-0.7881565023223995,0.12538893611872928,1.02160861467432,-0.7271834024103969,0.16008673516167204,0.7544271521554743,-0.6939412338100993,2.525251628402127,1.9386453549030336,2.029780624950076,2.1194212458498383,2.170632840534393,0.9999999966910748,1.000000001597114,1.0000000043126425,0.9999999949426772,1.7957795694911738e-08,0.8000000117850957,0.0014780362152312853,-0.022327146647412952,4.138668701961521e-09
0,0.0,0.0,0.0,-0.3655190393818288,0.05829591526721009,-0.07040549503491153,-0.6358077895567006,0.3091328748807715,-0.22715797390215942,-0.6656464805648641,0.6826228220636883,-0.35655730861575297,-0.39039802579832794,0.8525559484643568,-0.49752596815438577,-0.36914997887000817,-0.4195372721316224,-0.652605372768172,-0.33892920703517854,0.5600007751512524,-0.8695976981840923,-0.4055717430185089,0.49487486710107187,-0.9450056628795703,-0.4095196125744581,0.19664941456153429,-0.9583244425861221,0.017219312627084843,-0.5015962237444734,-0.70134181232397,-0.011308363209671754,0.608433601583702,-0.8812924425467505,-0.09239725920652059,0.47889299555063336,-0.855586297586,-0.07401730538896428,0.1389756033076024,-0.8480555473794568,0.3371902733638919,-0.4025509006996929,-0.7172946950775942,0.2810382264646027,0.6501793898679292,-0.8239686407379123,0.20728800327685737,0.49372619349177416,-0.670596837970337,0.2024093025919891,0.17105804172072836,-0.5779992338904439,0.6084625553699529,-0.22593817076609302,-0.7350268234437866,0.55519514453069,0.5738922704337701,-0.7742441890419949,0.4931155138718186,0.44095407744503745,-0.6358278370116857,0.4916069473101524,0.14956633625486748,-0.5590421557679907,2.4470338758211208,1.2395109652303133,1.1103532465269133,1.1715104666287335,1.3344166262627177,0.9999999966910748,1.000000001597114,1.0000000043126425,0.9999999949426772,1.0000000089219574,0.9999999942784215,0.005586815976613445,-0.02764110971063239,-1.5800143606387643e-08
0,0.0,0.0,0.0,-0.3894812184645533,-0.0019909868258391195,-0.17793838617198512,-0.6965699699166961,0.15656291186221621,-0.39514264502951363,-0.7497192505044982,0.5041861919013984,-0.5548655996339834,-0.470863480514349,0.6332348889338031,-0.6883225461415344,-0.4733779341443735,-0.6512820716826727,-0.8556983347080308,-0.4712006154561073,0.261432990427217,-1.124516357963749,-0.4685057457896987,0.1911420496683065,-1.1534123428390957,-0.4345399638057663,-0.042449962665310315,-1.1176874597636233,-0.10809282717192477,-0.7434206611528198,-0.8356638329964837,-0.13121560419704348,0.3477493041281936,-1.090676554019403,-0.1475628859823542,0.24948545273770595,-0.9950595671943571,-0.12379928576054791,-0.004201722645209571,-0.9209499275699885,0.22946807153074622,-0.613986595891598,-0.7911229707030587,0.16624595312238072,0.4217103986779541,-0.9362920055777079,0.12419342838681888,0.2752893454464139,-0.7273873698306261,0.11445830703777077,0.0059351220995138565,-0.585603713672618,0.49277968262570593,-0.4126686959150619,-0.7577029949957692,0.42215218200421356,0.3464880189185009,-0.7648406521783763,0.38684503637445933,0.22991475307879117,-0.6020457750123996,0.382541797971057,-0.05767537012493207,-0.5120478868993265,2.3092854009182306,1.2377867383465806,1.0782175091302084,1.0500315501490771,1.1014265923479631,0.9999999966910748,1.000000001597114,1.0000000043126425,0.9999999949426772,1.0000000089219574,0.9999999942784215,0.009669627997617232,-0.026549544339339613,-1.1642170188733407e-08
0,0.0,0.0,0.0,-0.342736181659542,0.07041215492542965,-0.11042628645903427,-0.6420701300458148,0.3062031432981083,-0.2897522478716025,-0.696548287909281,0.6547031653676356,-0.4336984769063422,-0.4122488411242975,0.8184648885241581,-0.5870558032617463,-0.3856215446502318,-0.49388371457279456,-0.7317125471562649,-0.3840258147997696,0.46136620712153475,-0.9591027782798676,-0.3983679670476168,0.3890335636600326,-1.0172506740460556,-0.37300593486857336,0.09473235595542495,-1.0146119585476818,0.00021473645758396387,-0.5974940603333697,-0.7659770558333883,-0.022963490139573883,0.5225094211500412,-0.9506997490275841,-0.0854871100027194,0.41189801317849195,-0.8991400031513698,-0.09023618723130453,0.09724601913503284,-0.8766502677615763,0.32283571568306946,-0.5071722279077429,-0.769967855416938,0.27014137230323665,0.5612765006477999,-0.8964767429765004,0.21510980061394352,0.42444546829388574,-0.7315106372455081,0.1997570086417529,0.11637357867472864,-0.6274882591053899,0.5995430510521805,-0.3285199004435121,-0.7775990890556131,0.5372827677408831,0.48616446758886056,-0.8205140227806134,0.4746839217610328,0.3682672235048957,-0.6741042682957923,0.46888894948244736,0.07133706709081145,-0.5936399079119486,2.4570310036844454,1.241370624229664,1.0719114944500348,1.1168055546049527,1.2444299658579001,0.9999999966910748,1.000000001597114,1.0000000043126425,0.9999999949426772,1.0000000089219574,0.9999999942784215,0.006792949741315488,-0.02356776977154384,-1.9179042565453268e-08
0,0.0,0.0,0.0,-0.33819725445892673,-0.015730454705871755,-0.13609749402720112,-0.654932897098821,0.13353148516866892,-0.31514197673755123,-0.7341357469816616,0.47234658295379583,-0.45020309090042876,-0.4668595910096901,0.6524238278531365,-0.5797500006939765,-0.42842186702070617,-0.6452552750177702,-0.7168216318201037,-0.4379532089506581,0.26255575952486776,-0.9445879023441324,-0.43523106833074177,0.2722996992224096,-1.0069425318210383,-0.3945008289742854,0.06618958135124964,-1.0044839317824015,-0.04264856739644869,-0.7332420831400399,-0.7182607035807537,-0.09208025300850456,0.34137949168744375,-0.9110345611678309,-0.13634354234056528,0.23493652833356693,-0.8585143752273496,-0.10412773423695734,-0.05102776891269967,-0.8253567269368829,0.28443041431268234,-0.6234832792278351,-0.6919367970317893,0.21928215040764437,0.39585078714929967,-0.7954976638483835,0.16901397375536364,0.26216220046510574,-0.6191846125768172,0.17781201790953272,-0.017245286891867884,-0.5081773991133194,0.5473908125814075,-0.43091499572700215,-0.6738358132714862,0.461902159815264,0.33045892050267556,-0.6718978888863276,0.4124449578982232,0.23767643348714562,-0.5131129622360318,0.42245584463163693,-0.028030494485307256,-0.4280450343303592,2.318817138163111,1.1333909033417777,0.9562168414989678,0.9489740484279419,1.039558881840578,0.9999999966910748,1.000000001597114,1.0000000043126425,0.9999999949426772,1.0000000089219574,0.9999999942784215,0.006917628960492106,-0.02157209339602455,-1.2434698459069224e-08
0,0.0,0.0,0.0,-0.45819644819248573,0.21474140819193407,-0.05977436030578909,-0.9165692522203113,0.6605599481374127,-0.16608090023572455,-1.1207380972032837,1.1107696115271835,-0.24522025509053474,-0.9443469681544593,1.3691361546061456,-0.3287542662391772,-0.8379005893042591,0.21887662750764192,-0.4974329512104836,-0.8952804962631113,1.091766418611367,-0.639950690843316,-0.7702726756266359,0.9754422533994014,-0.6336467266106298,-0.7056200592825328,0.7361635722237378,-0.6103727205113878,-0.5104446915124824,0.18149975771945281,-0.5495090520071789,-0.5324358173780452,1.212350383399008,-0.7031216048840837,-0.46407658386533224,1.009155128063609,-0.6480491161224938,-0.44757280028385193,0.6831577826503903,-0.608307957797162,-0.18106694496471532,0.25197125149329924,-0.5791083045153517,-0.2180460375054142,1.237208324208336,-0.7143565457496556,-0.18008963457430283,1.0012438787759161,-0.5940496935202562,-0.17505300877886495,0.6756134235484048,-0.5068425533794003,0.1399830430610698,0.399230558695603,-0.6033388329902118,0.04846412160683687,1.116441590600861,-0.7058999442760343,0.0724364221911336,0.9222004022533409,-0.6211717135266477,0.09744454201485309,0.6421140063168737,-0.5564571022820403,2.7729532756097726,1.9286316645896666,1.9299426115604363,2.105668066109468,2.243728869617188,0.9999999966910748,1.000000001597114,1.0000000043126425,0.9999999949426772,1.7957795694911738e-08,0.8000000117850957,0.005876289925348959,-0.021110390381898048,-2.4300826640353746e-08
0,0.0,0.0,0.0,-0.5985296359289399,0.14150013790814212,-0.10222161067316397,-1.056369547284812,0.5301308459016774,-0.2514227941156021,-1.1873830500074396,1.0413128417706465,-0.3860027256747026,-1.0222070159947578,1.4140044059722137,-0.5166562795224,-0.941588139688723,0.15503411542820045,-0.3601320067284998,-1.0238281401741298,1.1599319448334235,-0.49407032165443093,-0.8794598285980784,1.2095200293561932,-0.5299019802150307,-0.8257795090379882,1.0250432253960182,-0.552531184715275,-0.5904105596420429,0.18695673839154203,-0.40508734733960766,-0.6860995518255631,1.171206448307982,-0.5198345181651538,-0.6006019986922279,0.9958044057611437,-0.5049914668699362,-0.5941241862876318,0.7082804060178722,-0.5136060708125714,-0.2738690752026415,0.2995210244659028,-0.4428591421205743,-0.39381391591562165,1.2052589502807995,-0.5373651385730736,-0.3454093705097836,1.000380502624239,-0.4821881673432331,-0.36028367094144176,0.7003612092619755,-0.456630198767338,0.004885884475547123,0.45270000167599533,-0.4849597250625727,-0.1483658038488631,1.120138469225393,-0.553045332482895,-0.13157972240603,0.9605670208290987,-0.5001086545931857,-0.11046565792078548,0.6853650822798473,-0.4641879176423019,2.5447008625393166,1.845553774019231,1.9709461925148903,2.2485828459442825,2.3927362112070454,0.9999999966910748,1.000000001597114,1.0000000043126425,0.9999999949426772,1.7957795694911738e-08,0.8000000117850957,0.0074329577696586446,-0.019007716347572784,-4.542104879788453e-09
0,0.0,0.0,0.0,-0.3441051811242254,0.04732912075134452,-0.3134638403158804,-0.6276583175575288,0.10785170691656248,-0.5795886009088658,-0.6009913291555876,0.3696946713736754,-0.7955418206438323,-0.42673344803858204,0.5400301880476588,-0.9836923907737116,-0.3815472891028085,-0.723808614291907,-0.6250219473126681,-0.3911027562105367,-0.032120539856738795,-0.8671422836021596,-0.3869166582023286,0.2563366347924403,-0.9883635222541388,-0.4004243571516752,0.2640316508393401,-1.0792590491111986,-0.0059670042487526415,-0.7426121245057322,-0.5838654149249898,-0.0016117884092118617,0.1255815206992812,-0.767171848792756,-0.0920342164081007,0.3594350325302813,-0.7930084455648854,-0.14402322504377701,0.2405685492647065,-0.8505767030547735,0.31235872541555304,-0.6112530012256141,-0.5518993671842489,0.2903657098622975,0.22082740310848525,-0.7136075578991485,0.15067974895833713,0.36504060583903153,-0.675040301548711,0.07718332088239334,0.1778196404509993,-0.6775896033338832,0.5647293146282255,-0.4088113171050065,-0.5519640326408504,0.5096374485719692,0.20412324798857884,-0.686755583557799,0.38342932898218574,0.3218819722542935,-0.6880502693393614,0.31553120302356524,0.15214704898842812,-0.699203308666598,2.0837614670887676,1.0949634912422794,0.8743549514735178,0.9634272716792267,1.191765186810065,0.9999999966910748,1.000000001597114,1.0000000043126425,0.9999999949426772,1.0000000089219574,0.9999999942784215,0.0030175778516619038,-0.016606554316759975,1.462318866397373e-08
0,0.0,0.0,0.0,-0.3551469754572564,0.046953199004025725,-0.3077245075319187,-0.6571832060724893,0.07725313507014481,-0.5781525370331928,-0.6529022508806612,0.3081007491823511,-0.8056405225422236,-0.46058019177236764,0.49141458372684155,-1.0067279295203098,-0.3667227948705144,-0.7895093711060801,-0.5963479379358738,-0.3770952464772555,-0.08831822875724038,-0.8367014674570312,-0.37050231137771117,0.20997305659496757,-0.9626616204867511,-0.3725697810726578,0.24641765313976904,-1.056347859139535,0.0059299794839104,-0.802050825243567,-0.563331004798703,0.015422180094254834,0.06635752372812398,-0.7329326105302597,-0.07218485934027387,0.300960428785779,-0.7557972721466982,-0.12278188737373597,0.21284746136252264,-0.8150134663247796,0.32113426107634463,-0.6700906761277575,-0.5422071243005473,0.3091021786436645,0.1558339783350552,-0.6997355841492809,0.16828964755709308,0.3064541406003799,-0.6658665559843795,0.09172248868122332,0.1501867815700979,-0.6721029377546439,0.5783580063775285,-0.465511048730125,-0.5533672501947355,0.5453353089230007,0.14376911183223706,-0.6743080047700986,0.41350969234062146,0.2665805444458552,-0.6694720329673601,0.3386506808948783,0.10926534485635397,-0.679987612176589,2.106133473445728,1.0243974578237718,0.8053470231665869,0.9146445907295802,1.149019589063621,0.9999999966910748,1.000000001597114,1.0000000043126425,0.9999999949426772,1.0000000089219574,0.9999999942784215,0.0031583309024042824,-0.016378465776627025,1.547549858764796e-08
0,0.0,0.0,0.0,-0.3386746598299748,0.04739348446455188,-0.31049046172471384,-0.616321807393539,0.09506658535534479,-0.58703678176138,-0.6029189827416879,0.33529214105112315,-0.819132562700927,-0.42947629055436876,0.5369944406150493,-1.028144959138535,-0.34590066439125067,-0.7342565103502076,-0.6131020256933455,-0.35260987536210603,0.04121864836034406,-0.8532681094908775,-0.3367653555641455,0.33430104972483643,-0.981996544827386,-0.3317631886535124,0.32627444355072144,-1.0815664672424172,0.027612014942908804,-0.745982053915133,-0.5781189917523604,0.03028036518673892,0.14259217652419598,-0.7497137809155336,-0.04106156046143816,0.3795377769977053,-0.7769684123446396,-0.07620796034204094,0.28020609403349495,-0.8422924211768454,0.34648021256704775,-0.6156485674587904,-0.5532599015112263,0.31981731062496865,0.2251158505573777,-0.7177217041801922,0.18423162694664616,0.3815254466376642,-0.6893284316337116,0.11285802815060966,0.2183800257966937,-0.6982439219351972,0.6021371615272483,-0.4206529006054863,-0.5594626637480762,0.5643935083922184,0.18203727774711886,-0.681782478563296,0.44473624788023575,0.3091806137446659,-0.6774080398904644,0.3769245241057903,0.15844865979317213,-0.6888293602388322,2.147121205932744,1.0374765414599392,0.850554161488019,0.96827647060003,1.196837819795261,0.9999999966910748,1.000000001597114,1.0000000043126425,0.9999999949426772,1.0000000089219574,0.9999999942784215,0.003020988443105032,-0.017814360346920726,1.817255454995598e-08
0,0.0,0.0,0.0,-0.3462932092914157,0.10177741804241744,-0.34365618264679687,-0.650837051709012,0.18074725576003897,-0.6367616039397097,-0.6403715501141702,0.38108152597417666,-0.8799465939496173,-0.44949254490038915,0.5129478761844,-1.0937347119527132,-0.38475647940593377,-0.7245683651151996,-0.6619488829403337,-0.35736400307966826,-0.03480403050880887,-0.9207367792583383,-0.33650416670666056,0.3116372908221292,-1.0467455406435089,-0.3420307408044202,0.34946916957602103,-1.1370927186797324,-0.009322672226650841,-0.7682291322684722,-0.6142233194134252,0.024009825564276825,0.06519416346922324,-0.8073123571256704,-0.04696560595192302,0.3529895271820298,-0.8325643467053858,-0.09710934260328755,0.27424786560019276,-0.8891369671906806,0.314099667278146,-0.6594666289487559,-0.5792015776917131,0.31660357425623764,0.14298533813385605,-0.7640192535847549,0.1779272972468291,0.34612251433592534,-0.732747976195965,0.09007226563678764,0.21311384353409135,-0.733381276710575,0.5802827296799966,-0.47670640321330404,-0.5767218417173645,0.5701751195469041,0.08749377764651989,-0.7156379211351022,0.4527731936384419,0.23777427214388125,-0.7131749469686535,0.3775539892452673,0.10258253504385884,-0.719981136577977,2.238297210231144,1.1193822852650104,0.9022845870757517,0.9897556684586721,1.2091230452099846,0.9999999966910748,1.000000001597114,1.0000000043126425,0.9999999949426772,1.0000000089219574,0.9999999942784215,0.0033256676074078216,-0.017952452493067633,-3.522333972799339e-09
0,0.0,0.0,0.0,-0.3560278410239146,0.13078635603834302,-0.33706924653116715,-0.7082889438508188,0.06444344139467978,-0.5180197923646555,-0.7876210798624755,0.0881449819670056,-0.6439032586848397,-0.6983825865165876,0.026735591925081348,-0.7410461281507957,-0.4089238483368319,-0.7221329456134409,-0.4679478145755499,-0.2773749853612601,-0.08943352388275572,-0.6757417862686138,-0.2978948509979724,0.2085209306638034,-0.7864041904728325,-0.35079244105499663,0.14542990489299457,-0.8675208774111833,-0.006741581613040934,-0.8664273564562364,-0.41089007054191956,0.10974064987374849,-0.029040489980783013,-0.6038004182321317,-0.027930022117989114,0.17015701744855982,-0.6290532364318714,-0.1477996920893287,0.039747849329942575,-0.6448724272895093,0.33887716451023586,-0.8429887877331046,-0.3794898076225594,0.3580410913339688,-0.018556783346211247,-0.5660823580505334,0.22844326046136842,0.10855828255924627,-0.4973864243910078,0.13829203027874043,-0.05457600152143982,-0.4339370736438172,0.58755318401458,-0.7385291469824673,-0.38569977871454386,0.5971037733812281,-0.12818849113835773,-0.5471276642824825,0.47100068159923597,-0.009162614456740048,-0.527590571852287,0.3762375693604883,-0.10819504232311139,-0.48791345818557497,2.519091843902843,0.8772054676957683,0.6791488624450803,0.7348039752843258,0.9337891580661719,0.9999999966910748,1.000000001597114,1.0000000043126425,0.9999999949426772,1.0000000089219574,0.9999999942784215,-0.0036375455271447877,0.023399363984686776,-2.0725272303536198e-08
0,0.0,0.0,0.0,-0.37377223330786097,0.07356865668210508,-0.30779868446412123,-0.7259956922734949,-0.023707872479851677,-0.4746079138148726,-0.7923689581504189,0.1502810226981569,-0.5913990722504369,-0.7100743889797512,0.31407297740400786,-0.6900860065674684,-0.43888899414653476,-0.5458337319447926,-0.5019515112663657,-0.3232673109632569,0.12138402727713271,-0.724434905658786,-0.31935468725713284,0.4389767230512387,-0.8441041692243344,-0.3771775381854906,0.36926013793959833,-0.9317545252633344,-0.026236339274549575,-0.672405842391754,-0.4591853032458027,0.054584845058473115,0.1617075007013129,-0.6497534488018654,-0.044415303356932626,0.400445684776098,-0.6647531960302152,-0.15575329284447356,0.27518300095047454,-0.677833977076202,0.3203115914776654,-0.6312639647914975,-0.4369975580834796,0.3078696847888497,0.17317126293437057,-0.6169873467449591,0.20706907988626205,0.3467022428376024,-0.5426865216918245,0.11594592335729831,0.22114928414361845,-0.4800956545210294,0.5594701302939731,-0.5237879091497178,-0.4491024335695566,0.5549913018861917,0.09283040578071078,-0.5957525372108761,0.45348395233956323,0.2581145375246111,-0.5674565434761185,0.36611755696301984,0.2110474132144139,-0.5301433217959617,1.8689242807939463,1.0543958189627054,0.8242234121867615,0.8872426819314927,1.0915399248952906,0.9999999966910748,1.000000001597114,1.0000000043126425,0.9999999949426772,1.0000000089219574,0.9999999942784215,-0.00416219187139165,0.024763621383544054,-1.726821614801173e-08
0,0.0,0.0,0.0,-0.325948036219728,0.13329337819535433,-0.3384467336869728,-0.6423137036234572,0.26409373521653007,-0.5478379771049441,-0.6005535561807194,0.5779798311344129,-0.6929096693088167,-0.28016935275914534,0.7411587321431599,-0.8083097964907903,-0.4434967362263075,-0.4118294820999815,-0.5876299225813455,-0.33942533040473655,0.31666419433397364,-0.827514956158105,-0.3565891507410104,0.5489811688261854,-0.9412374563381908,-0.38823883352187266,0.37671306103637203,-1.024382227212615,-0.03758278953102896,-0.5448581045979988,-0.5191247491174835,0.023929471449103602,0.41862915599975725,-0.7166411783814274,-0.05489400882249565,0.5255769445267704,-0.688623781176335,-0.11720695972373482,0.2632441754826813,-0.6657687454500001,0.30780371744265694,-0.5081901531170525,-0.4730416194334818,0.29647419017110943,0.444988842340699,-0.6469342111349913,0.18370099079380853,0.4794309370235924,-0.5162891731636275,0.1286855056797689,0.24718896237267995,-0.4071456822047462,0.5493250249358153,-0.4000450936795032,-0.46860858905975256,0.514277682803296,0.3463689432737036,-0.6540960058152879,0.4192174210928511,0.3497709093107132,-0.6394588898620548,0.3695961911805642,0.15718713216996727,-0.5953049035534426,2.0004372311557272,1.2510869195832635,0.9618436016473595,0.9869930305459911,1.198920029351315,-1.550000761074699e-08,1.000000001597114,1.0000000043126425,0.9999999949426772,1.0000000089219574,0.8000000117850957,-0.0047350460233606196,0.03209853007612876,-3.4444111571811905e-09
0,0.0,0.0,0.0,-0.29940940560728885,0.15373914181304563,-0.3639248314098402,-0.6319195838052678,0.2982293589704152,-0.5927271303149015,-0.6405645416812796,0.6126694256808614,-0.7509815605195062,-0.3266860433401787,0.7288938868019057,-0.870885134611018,-0.4157965601890267,-0.38189930211249823,-0.635825343615808,-0.319099260506152,0.34887612182287575,-0.8898620068847075,-0.33950939924654955,0.6221740108559821,-0.9877213307196553,-0.3663519068294719,0.48374023813349076,-1.0551447920834431,-0.014411974103601982,-0.494543364072178,-0.5583038995163412,0.051796051885088644,0.46523738751582533,-0.7789832957348651,-0.04225008861104554,0.5855477422304509,-0.7357646806140152,-0.1178843846883248,0.29731513406984367,-0.6941645738826072,0.3276044378283648,-0.4553203857744781,-0.5047864291781674,0.3180367118474896,0.5029789202372456,-0.6870051584419646,0.18930553261966881,0.5470792559779026,-0.5251806379089302,0.12329173012617428,0.2973461077896089,-0.39281153782289735,0.5740692412084415,-0.35380741011339334,-0.4966262309052795,0.5267350223271086,0.4091306209092771,-0.6902474757686068,0.41514100093047135,0.4180371332005156,-0.6655697173862027,0.35002212492706275,0.21140313830279267,-0.6106762297501179,2.165023333114518,1.3305223796324008,1.071736210124417,1.0791979770133682,1.2616058790287956,-1.550000761074699e-08,1.000000001597114,1.0000000043126425,0.9999999949426772,1.0000000089219574,0.8000000117850957,-0.00547327584094583,0.03380478893316253,-6.350350988746873e-09
0,0.0,0.0,0.0,-0.31168016537703214,0.4030126086216018,-0.3301900080224994,-0.4655844493991337,0.8424239755748575,-0.6216253088727584,-0.3221385162761174,1.2790884301397365,-0.8656559601698539,0.00077810828894391,1.5316923205610997,-1.1078307562738625,-0.16210336480965365,0.16959545825347733,-0.704335756857773,-0.0883597681400391,0.9160627040617204,-0.9628088015032488,0.01969368390120127,1.1768704488206676,-1.0978699827412646,0.015613363055770907,1.0353297959547405,-1.1981969017429241,0.2567654757093308,0.01945779313453766,-0.6986131666742108,0.32003059755522656,1.0801987332221041,-0.8966212609902513,0.3687814685377725,1.2274775519108452,-0.8889204338658518,0.28948126889883596,0.9234125369934112,-0.9140546987724274,0.5981820837189479,0.018735271078521243,-0.7027159845865312,0.6469359834467595,1.0819074284190209,-0.8546724395410434,0.6600264974109419,1.179569024120088,-0.7174530661130856,0.6354884061825267,0.9292379463303011,-0.644573038168381,0.8347651145280497,0.10322218761248536,-0.747324284669252,0.908097320808533,0.9680727223350378,-0.8439642034161903,0.9299464805722167,1.0676305770155117,-0.7384451079794798,0.9499606028523374,0.9107089651679402,-0.6756489244567767,2.573356871626808,2.0987102983993196,1.7902649695648756,1.72851849825355,1.7994303758921046,0.9999999966910748,1.000000001597114,1.0000000043126425,0.9999999949426772,1.0000000089219574,0.9999999942784215,-0.009328378162920137,0.024715516482486075,1.1113574109413277e-08
0,0.0,0.0,0.0,-0.34248092156230536,0.3745535144247377,-0.38598219148207535,-0.5113325279870689,0.797165019426546,-0.7127773023593224,-0.34446389624472595,1.1920843964999877,-0.9696884204567643,0.012455347928477183,1.42196212414653,-1.2217134688422844,-0.20487098924443525,0.016451491337060364,-0.8452688699588976,-0.15648934871900802,0.748821087694844,-1.1374934813040083,-0.08417717416965305,1.049997567070555,-1.2835382106683708,-0.10669361994937035,0.8867753667565308,-1.3926936222532376,0.23422277172245942,-0.11373609723889522,-0.8134444990851755,0.2164936254969203,0.8942017876293133,-1.0309510375462447,0.23520231891060825,1.1271906952790756,-1.0051771662809372,0.18182804227333058,0.838378235662826,-1.0190172313527737,0.5747022092415534,-0.0786386285471482,-0.7919020681435777,0.547013450557665,0.9369895472042612,-0.9685915065842597,0.49760689541223296,1.0995274847657557,-0.8288573568926056,0.47720236540789907,0.8358347474153978,-0.7537685069970212,0.794595339998321,0.023067137456088682,-0.8132784819958768,0.778513085547366,0.8673115675459067,-0.9318663387302986,0.7384304310410545,1.038234477382931,-0.8383126831857639,0.7482628594684266,0.9173067102853883,-0.7867516304749191,2.4901261320606594,1.9417884348215666,1.6368482105534412,1.6144142051887358,1.6773594701719001,0.9999999966910748,1.000000001597114,1.0000000043126425,0.9999999949426772,1.0000000089219574,0.9999999942784215,-0.008686106207498353,0.026949337343058714,-2.9240601045320543e-09
0,0.0,0.0,0.0,-0.34676732007543926,0.3211081660225521,-0.23204438345085562,-0.47532005219413637,0.7447640530130806,-0.49975293531947973,-0.2819656428771137,1.1577472263097095,-0.7348464093022955,0.12273570044531582,1.3570164033655912,-0.9765151554369675,-0.0850380504483002,0.0326544820137209,-0.637429379422187,0.0839283603910605,0.8552948485281686,-0.9060282894584719,0.11553737153366078,0.8569156762070611,-1.0724408468627502,0.026130426456049474,0.6106712018974214,-1.1913238888988817,0.3501787508817374,-0.08530846208389864,-0.6848662634582348,0.44498668544172715,0.9884857729231089,-0.9107695304667721,0.3888684940194472,0.9105714819376269,-0.9421713915362372,0.23607400217447186,0.6193266144766469,-1.0013897459780439,0.6654349639331579,-0.05382925513834058,-0.7320081484405676,0.790241974668106,0.9663762857834733,-0.9309408227632116,0.7081795696279667,0.868336000212831,-0.8536335721004524,0.5638262855131227,0.5444724015269691,-0.8121704320156522,0.9000238605838472,0.08733529750615276,-0.8007176411294066,1.0023733615070727,0.9000524510777634,-0.9316672577221772,0.9511809594219396,0.8217716487809025,-0.8589494196307068,0.8643956520235884,0.5247908001302796,-0.822765639826665,2.502470491474524,1.9003000184030148,1.684026964297909,1.7391163236427116,1.8415252004499045,0.9999999966910748,1.000000001597114,1.0000000043126425,0.9999999949426772,1.0000000089219574,0.9999999942784215,-0.009840661366648164,0.025414518362174957,2.2870744224441875e-08
0,0.0,0.0,0.0,-0.4168632633552531,0.2724892269835085,-0.20551687410401132,-0.6632960536981146,0.7147815962829005,-0.41028261223784246,-0.5237275541046361,1.1092848563872735,-0.570834159503166,-0.08513756783831508,1.1303202477999377,-0.7502245256893879,-0.18662067122254053,-0.12382952963215144,-0.6505087064594468,-0.018194996011436648,0.7200960470866535,-0.8403961130945877,-0.09028237774376793,0.6631836984821073,-0.9346203227614756,-0.1839937884631723,0.4417526207655118,-0.9940743509964448,0.22908824292217322,-0.21156697811008252,-0.6605955630614831,0.3415808151987276,0.8329755535806473,-0.7972422771540041,0.16874753551718683,0.7479053357701089,-0.7896370269644291,0.08271680099528644,0.49565368619608896,-0.8290510695755144,0.5480750788020533,-0.1591049888949071,-0.6563950881634468,0.644068000138801,0.8284131321865004,-0.7973727607055487,0.4753712324069203,0.7225686561868737,-0.7418895988072416,0.3646761596376386,0.43159547359972317,-0.7171901444235009,0.8069410055825696,-0.011231363203688227,-0.6630361671560996,0.862573251791863,0.7729256735913475,-0.7629396789671798,0.7556532009564125,0.6459109681993372,-0.7060963569295076,0.6916259415819085,0.3445887493814338,-0.6853809352920762,2.355475901412191,1.5503245232769132,1.4347654330660844,1.5570627559983052,1.6947410050808434,0.9999999966910748,1.000000001597114,1.0000000043126425,0.9999999949426772,1.0000000089219574,0.9999999942784215,-0.00809578139210846,0.024943133200924686,2.5025666704227492e-08
0,0.0,0.0,0.0,-0.45240169199942026,0.23018623683403913,-0.20626623844796238,-0.7438616246888079,0.6691753258256175,-0.4106714430622078,-0.6405631725245727,1.0738798482820133,-0.5589765346155144,-0.16261896613706653,1.112164933476841,-0.7312788942636914,-0.1787789448375775,-0.19985028277759942,-0.7567127984818933,-0.10813654901937803,0.6360527921498322,-0.9247125998809131,-0.21087719345812364,0.6371118330952981,-0.9796653433384073,-0.28311579830705635,0.47059107920869825,-1.0079212144768812,0.2358349577183111,-0.2731138143995888,-0.7513124955384445,0.27666289679146006,0.7843728556354952,-0.8720277392200353,0.07761905353735764,0.8219747618985482,-0.8399453245792463,0.0017407895393735315,0.636174261430529,-0.8658775662614647,0.5489252899321364,-0.19256161944661843,-0.7191260355847338,0.5750203635474387,0.8389592786751093,-0.8410761952956431,0.3877745986446613,0.8355348982029961,-0.7723450664933353,0.29680629766949945,0.5906894201459021,-0.7435705729595398,0.8006708691069787,-0.00816802827040708,-0.6939750213312391,0.829770146173816,0.8125119720527243,-0.7815089167730646,0.7063552484884261,0.7792345316692256,-0.717783514139968,0.6519313289316628,0.5293209500329538,-0.6965619302157369,2.360332718920196,1.4942013857176795,1.3568472737469501,1.4701020708984451,1.6592961841268778,0.9999999966910748,1.000000001597114,1.0000000043126425,0.9999999949426772,1.0000000089219574,0.9999999942784215,-0.007249957755762682,0.02326927712352004,3.1301854120441836e-08
0,0.0,0.0,0.0,-0.38255715105254956,0.05380974514271439,-0.12723283202618307,-0.6594733350322604,0.2824632828291553,-0.32302731275994495,-0.6261730974216652,0.6913267575554387,-0.47008159968576296,-0.30923194283225475,0.9336833718204476,-0.624027430956263,-0.28284783586330975,-0.5765914899927561,-0.8325990158933178,-0.24632076243639212,0.4566760107270269,-1.0851223806632264,-0.32346488039605575,0.4668799731541109,-1.1445407809531511,-0.3023068284757056,0.19262137854763361,-1.1337416281038883,0.11688567848593709,-0.6738073792500298,-0.8554198072034647,0.11135282364054869,0.5497358894376927,-1.1081403657161824,-0.002087462435010432,0.47124038142691416,-1.0680043953686205,0.006467961006872235,0.1319881635784459,-1.0325159952612153,0.43324123509139006,-0.5648416089182096,-0.8391672141951007,0.4088193907861485,0.6120419854390059,-1.008518572455894,0.30346372909284475,0.5031884694378804,-0.8417135354857334,0.2876530927034573,0.1641450114784202,-0.7183635325841077,0.6958006892457075,-0.3712191161521447,-0.8242758225107045,0.6866784743503687,0.5023220693253192,-0.8995039888136667,0.588338715099954,0.4325577316473891,-0.7585409978863067,0.5624181972009058,0.13120737354147194,-0.6672641585929748,2.2578918789365967,1.2092558043427384,1.1096192850684097,1.151142850103391,1.2989149533319946,0.9999999966910748,1.000000001597114,1.0000000043126425,0.9999999949426772,1.0000000089219574,0.9999999942784215,0.0006699628405534999,0.01584773491013361,-2.7239488442596366e-09
0,0.0,0.0,0.0,-0.39036703999118,0.014259184931484009,-0.13917391286443875,-0.7058235110004223,0.17715039927082427,-0.3288921128260935,-0.7062332857534716,0.5371718501647256,-0.46493321712388447,-0.4041684576498812,0.7424209336503917,-0.5933451055010852,-0.3670226032477827,-0.6475497510930442,-0.7955123785533464,-0.39415592433410523,0.2920573123723773,-1.043997548529012,-0.403967603269222,0.33571674194322165,-1.0899793087770044,-0.33009748874069395,0.10184182991567736,-1.0605643900035464,0.02483524009132306,-0.728263000795456,-0.7921845526262736,-0.011233447886639325,0.4343686043846,-1.0185650728148368,-0.08046514018717248,0.37436083647409935,-0.9516019810788057,-0.06699208666626116,0.07269526503452206,-0.8940832551537733,0.3440264169709513,-0.5925554471793688,-0.7559311842560166,0.28894383776511523,0.5324985895907423,-0.8968998244558879,0.22427221957754973,0.411261642540231,-0.7058911354704267,0.2238921918758645,0.08492815890157157,-0.5651891828889426,0.5957920533611174,-0.38694265309817943,-0.724295122496001,0.5482728658818022,0.45259630550240115,-0.7557964926062974,0.48609270002131394,0.3689984975792405,-0.5916427377470767,0.4779421810706827,0.04843970956780197,-0.484625459727209,2.148333300082676,1.1827358946439377,1.019346080094452,1.0472407601381624,1.1734672623073528,-1.550000761074699e-08,1.000000001597114,1.0000000043126425,0.9999999949426772,1.0000000089219574,0.8000000117850957,0.00218098709392038,0.015252805656142843,3.481876520993113e-08
2,0.0,0.0,0.0,0.9059693223076029,-1.0821037835656373,-0.030725698905044035,1.3665030303026702,-2.3277995264811353,-0.05272046845688333,1.6717392748194164,-3.3381619798932474,-0.15742934793009306,1.6420868223071599,-4.22183126399197,-0.22693660157604856,0.013438867926406344,-3.7022972898169133,0.3207885957636287,0.31913665835783833,-5.13287616773891,0.019722868162163176,0.9911775197361228,-5.124144453873738,-0.2487774020276473,1.4443068208264165,-4.702751249939154,-0.37511275586177356,-0.3276816688416754,-3.694755467668271,0.16310403834641773,-0.030376822304728726,-5.343129456808144,-0.14357508126116986,0.7402909018203886,-5.317551732742889,-0.41909747265306485,1.2284999180634393,-4.777202212698952,-0.5583910918992666,-0.5720621574497863,-3.5731087497451592,-0.056358195558107005,-0.3966933680659184,-5.255640679287909,-0.33086106252396175,0.34260812095797516,-5.3090414995350175,-0.5296980739608284,0.8278660888570162,-4.789971673490522,-0.606894731407616,-0.6945903765060104,-3.3565200734706213,-0.29494911713629063,-0.47094125522001223,-4.629378827189509,-0.5093648432921248,0.09043344106192715,-4.8884825947867405,-0.6377157553519164,0.5669756889915615,-4.682032261829543,-0.6904660462968242,3.039363131391448,2.7864739788097483,2.793403849353181,2.842574337005612,2.7585504210575946,0.9999999966910748,1.000000001597114,1.0000000043126425,0.9999999949426772,1.0000000089219574,0.9999999942784215,0.0011587473455125,-0.016794867373170232,3.4891156202874783e-09
2,0.0,0.0,0.0,0.7452576777228549,-0.8583810209304401,0.004108618221762089,1.081311618173083,-1.964472514095611,-0.0006477700767225647,1.3277803222171531,-2.8279592105190607,-0.10121994303996257,1.2792163501345362,-3.585517277385142,-0.1795642162780004,0.0200660215668019,-3.113846619836958,0.40303263092882946,0.09579352779563052,-4.300461294090969,0.12714784083704433,0.6538067977044022,-4.349722884538549,-0.14778711830380387,1.0703639883981073,-4.029210612776437,-0.29338055538168495,-0.24594809633563153,-3.0886083405934457,0.22194677711319433,-0.15004323788406018,-4.469111411280103,-0.08675267747830273,0.5416800129429022,-4.500203583071461,-0.3813751678330868,1.0027072241825776,-4.06197833263298,-0.5293896797881459,-0.4723260872031292,-2.9892444474174313,-0.021587941434932534,-0.431827434515089,-4.399156489542017,-0.29357635845396135,0.2597358300887529,-4.487391904046966,-0.5006226310720441,0.734229560308071,-4.089440291770958,-0.5800514790809885,-0.630234317417051,-2.7877609341338356,-0.28309977222317634,-0.4611272014406001,-3.8763938423149726,-0.4850165548067552,0.04221236584477939,-4.134229742166446,-0.6095672238646357,0.4704337228175491,-3.999197257127167,-0.6636762042963228,3.032854075795675,2.7803761896040817,2.8151790945493023,2.8816480630768138,2.759957542926217,0.9999999966910748,1.000000001597114,1.0000000043126425,0.9999999949426772,1.0000000089219574,0.9999999942784215,0.001976546393266395,-0.018048127738194714,3.432400249903798e-09
2,0.0,0.0,0.0,0.7116482157020746,-0.8492901413596753,0.023560350441433148,1.0406778650773343,-1.9101936198531564,0.009673659791680278,1.277100331900065,-2.744925982309772,-0.09579317181612385,1.2090384417301956,-3.498437969038232,-0.17956634125641618,-0.09814741040836802,-2.9918613707162627,0.36581009993304914,-0.028362856447154833,-4.132460679120972,0.09606417891124763,0.560639351435558,-4.2679643895914525,-0.15204039743158815,1.0275864732012536,-4.035243126543495,-0.27239501274617883,-0.35860737225091377,-2.969671976445281,0.17506431284013685,-0.27650794978144866,-4.34965229114576,-0.13439280950701993,0.4738880012938484,-4.463801243846609,-0.3758830749697551,0.9842933701690298,-4.075765060200148,-0.4694528262434301,-0.5832086244605832,-2.878648245056816,-0.0735005728541524,-0.497110281265164,-4.27502019563928,-0.34836781022088004,0.2465754059024835,-4.38031132029482,-0.4906059200223848,0.7416626126722107,-4.035568228500735,-0.5116696957212042,-0.7453949241948478,-2.69687994698047,-0.33708134198668754,-0.5556002742637292,-3.782429222005647,-0.5507388708533794,-0.015531811538479517,-3.999471808081007,-0.6341028208838925,0.4188518120336065,-3.848576112912379,-0.6395269631017821,3.030352829354194,2.7760846537051145,2.8106922934577234,2.831859584435717,2.698563598891811,0.9999999966910748,1.000000001597114,1.0000000043126425,0.9999999949426772,1.0000000089219574,0.9999999942784215,0.0036826300030217535,-0.02019875375629752,5.951347649742026e-09
2,0.0,0.0,0.0,0.6923539877323248,-0.7984511129211108,-0.0708037485414548,1.0670328428190896,-1.9458720099297668,-0.08864104059481576,1.3272030143152942,-2.826611325330451,-0.17978107967302587,1.2440641774731953,-3.6175662794370265,-0.24838115932375116,-0.10836327360991896,-3.0998134574993697,0.30475002970409093,-0.07169152662244899,-4.2872669444764515,0.005614077024130637,0.5346355326842342,-4.434278444111062,-0.26821115965793074,1.0554840594186228,-4.155911073764178,-0.3980169335055625,-0.3803766215903192,-3.0992500762656072,0.1592563471652501,-0.34288471378915897,-4.518702983105886,-0.1746258593111123,0.4234330756611263,-4.651762343588804,-0.44496580408854114,0.9965146401205264,-4.239845780053868,-0.5597293934398535,-0.6474062750344869,-3.0173746996788866,-0.05747672016926836,-0.5674133087263636,-4.467927459149919,-0.37374676338839113,0.22992267366299735,-4.604825931759465,-0.5822312239700528,0.8163297390429769,-4.225315062858674,-0.6445452575831697,-0.8716002148151085,-2.856518596939529,-0.2938125094437789,-0.6678808229519555,-4.022928617731758,-0.5524129869163892,-0.09327046971982918,-4.265397947982348,-0.6863358008927535,0.40663644163673707,-4.082467632978451,-0.7263098920532887,3.0528077999537566,2.7908554093736933,2.8234713316796465,2.812794695592478,2.6641082764327306,0.9999999966910748,1.000000001597114,1.0000000043126425,0.9999999949426772,1.0000000089219574,0.9999999942784215,0.0049404440117398135,-0.02057499692242429,1.7739723341475809e-09
2,0.0,0.0,0.0,0.6919793622128944,-0.9860290876714702,0.15646988832200562,0.9690344177438647,-1.946201201638209,0.18677528979051183,1.1893567933008888,-2.6823690034046628,0.09354092601863506,1.1408864914163745,-3.418016390402167,0.015675661392214657,-0.2749434384349355,-2.8821346260834515,0.5186435719404072,-0.20425534002387372,-4.044256875844848,0.2795306495490043,0.41382304195385217,-4.155308614042205,0.04615007824677875,0.9064680523257045,-3.8912219186103334,-0.06497470134175021,-0.49239289017649623,-2.8308132693128796,0.2740332382269586,-0.3212792466334158,-4.180386611245876,-0.0162165164065049,0.4318182073225714,-4.278541919980695,-0.25363044506352034,0.9694543408932792,-3.9134434071439372,-0.344301580699924,-0.6537194429357933,-2.746294183183563,-0.022210686551545122,-0.4419416520284235,-4.093346154546986,-0.26263354650903287,0.3208721861195268,-4.200071827574947,-0.3836084857932801,0.845637697836224,-3.8846384999219206,-0.39211634006346935,-0.7260564817485062,-2.5893960144809816,-0.3244467096222153,-0.47806827512366407,-3.7284611065312983,-0.48897758269509417,0.05184311901979405,-3.9549059085832585,-0.5364678505020506,0.47925449643440504,-3.808081451492923,-0.5195403093763226,2.990214586834276,2.7314018908536752,2.715902351317565,2.719751850974065,2.6576457236732924,0.9999999966910748,1.000000001597114,1.0000000043126425,0.9999999949426772,1.0000000089219574,0.9999999942784215,0.005981405894678192,-0.01886163460026934,-2.3028974306987512e-09
2,0.0,0.0,0.0,0.6741303597512057,-0.9835456526666733,0.11480754610897562,0.9426960396589666,-1.9003031573124005,0.10153568973737981,1.175015412553902,-2.622878825977475,-0.03357975849813766,1.1606859967595247,-3.385701219764477,-0.15415850558340743,-0.22088528637550822,-2.8159864167735846,0.4864934796481971,-0.12876763596525354,-3.922593772595974,0.2353926818591947,0.4628185958011469,-4.004467571863619,-0.012291974620605939,0.9146350080322898,-3.729554954817326,-0.13468282957681632,-0.4255566913887437,-2.7517827539054043,0.2466642460400288,-0.2632158433461358,-4.023658754842636,-0.03877490200263706,0.4546105567648294,-4.100855304650749,-0.28767085034421147,0.9553223026211687,-3.7421663887362433,-0.3957341298544166,-0.5793629123125152,-2.6533879333709725,-0.04836229465609293,-0.3884308805543516,-3.9117569969611634,-0.27865817919517166,0.3403028758073156,-4.017166022566242,-0.4071805774203269,0.8344450071530145,-3.7041398908671113,-0.4312636856882747,-0.6394508863220525,-2.4743386197763027,-0.3549812734691491,-0.3843543860892792,-3.534122276041064,-0.4977399418779069,0.14011707790904362,-3.7354883525478115,-0.5376795532705618,0.5557516656739938,-3.564292858859261,-0.526103435856312,2.9772515316570685,2.7172329081694166,2.726686947165302,2.7440805423666443,2.656899700975792,0.9999999966910748,1.000000001597114,1.0000000043126425,0.9999999949426772,1.0000000089219574,0.9999999942784215,0.007264720512381218,-0.015141735508220781,8.622393250178909e-09
2,0.0,0.0,0.0,-0.5029092316629502,-0.8640386058068242,0.11967453876445297,-0.6627176564060019,-1.6275599382066006,0.08799971517650129,-0.7509764935326755,-2.2841282194581045,-0.07473768538783887,-0.6101203282715721,-2.7283323801976875,-0.22204168964779208,0.26739731612970213,-2.4291367355753692,0.4845439496886267,0.3419738090336693,-3.363757736716984,0.31038622376925207,-0.09324416257265644,-3.2856485734203265,0.15300265504848942,-0.3463602331404394,-2.944135697404203,0.06343142409282665,0.4612085138328848,-2.410156549628396,0.24992164772696346,0.44969747640717783,-3.5350133023460835,0.051530476935949365,-0.08151657088900921,-3.3678235820694464,-0.06842258092625497,-0.2825519828381227,-2.9349634596836562,-0.09849000362365845,0.630325631733601,-2.3096194438802495,-0.038559219234351905,0.6204810651111218,-3.447552894908691,-0.23830645874910628,0.08252523797682651,-3.2799095870191217,-0.24468347500429366,-0.17142864910360445,-2.7927748973110473,-0.19327431178710208,0.7472816999950133,-2.1235418853751,-0.3378445828769747,0.6159713255882711,-3.084344667765842,-0.4718670872760986,0.19664351533789065,-3.050501690796962,-0.45292701895439436,-0.0469596661798309,-2.6401227183827767,-0.40291092241509163,2.928796054109128,2.7610292152052676,2.8015517934930454,2.825874810916074,2.672197844866155,0.9999999966910748,-1.183782638580766e-08,1.857738651800389e-08,-2.4739766124604046e-08,1.0000000089219574,0.40000001920353684,-0.02351827769025708,0.00804585605265178,1.2663538603141783e-08
2,0.0,0.0,0.0,-0.5000953164377037,-0.8526558372554887,0.15157762353777007,-0.6398803186654903,-1.5814824801355498,0.13927952427292967,-0.7313993384816969,-2.199568449775848,-0.006577856756214251,-0.6031057241575493,-2.655753694256516,-0.14425113178453003,0.2669000253618637,-2.359950523584893,0.5097400414789848,0.3095425921262206,-3.2728015037622287,0.3444651874330341,-0.09241261173977244,-3.201981722875904,0.17982599986586356,-0.3332481056394591,-2.880408850985459,0.0830788282644721,0.46105730951374413,-2.347827724561757,0.2637187096184028,0.4119760388570789,-3.4311157298424892,0.07558931896264709,-0.09231113683374138,-3.264227259932257,-0.05711160685364114,-0.29474440728767015,-2.8394703673605255,-0.10072887966989674,0.6209880939801876,-2.2535414829979414,-0.03140571020759486,0.5948526354775974,-3.3607660302427314,-0.22247570597273736,0.0679770482866224,-3.1863416993943745,-0.2349514897939295,-0.17986465442372748,-2.7171059033434135,-0.19172354790640317,0.7234682288341844,-2.0766771116436606,-0.3336470711766669,0.6000242094497028,-3.0033392076908987,-0.46326980166504683,0.17284587048479882,-2.9765195648572473,-0.44210112616082275,-0.08564886850394944,-2.6018133553323373,-0.39309831778596516,2.924709082923169,2.7457914301968103,2.77274656936313,2.8108129584955828,2.678697590065916,0.9999999966910748,-1.183782638580766e-08,1.857738651800389e-08,-2.4739766124604046e-08,1.0000000089219574,0.40000001920353684,-0.021047127779808404,0.006288488842334002,4.727222052908293e-09
2,0.0,0.0,0.0,-0.4936532442914914,-0.8923193357451827,0.1388237415204456,-0.6375858239000142,-1.6278605601683258,0.11363006310076657,-0.7287782963164201,-2.2451445667160286,-0.04371875872407016,-0.5582279721305115,-2.6471326050726747,-0.18740693207111697,0.2805911264319553,-2.373063837089388,0.516465177437741,0.3295607813681452,-3.256656831535225,0.3465497950422626,-0.0779996304873746,-3.166463826802258,0.17135901489917338,-0.33223855155583826,-2.8484174987353024,0.06469892176296921,0.4726107551591781,-2.3535500372600735,0.27224924763175806,0.4231407913637044,-3.420677865214153,0.07383450446871365,-0.06786640466749061,-3.265159406963887,-0.07879480319183607,-0.2867412095620634,-2.8554515186146316,-0.13687140066512693,0.6309645436448417,-2.2552856429788584,-0.02231493937474882,0.5778505240774736,-3.333128784203224,-0.2182280250051989,0.058222916168928295,-3.1765065492921223,-0.24612537634467718,-0.2014992718135911,-2.730079464987866,-0.21448377149256564,0.7325602539324789,-2.0780618206926054,-0.32537668760989374,0.5632601716659741,-2.968180330256601,-0.45769346154036483,0.1435643876853427,-2.9559741178363916,-0.44814890383194417,-0.11163731450522162,-2.61050018928403,-0.40776119293273533,2.9232707065264583,2.734307288392829,2.7579033304929483,2.7790469946059178,2.620438349664343,0.9999999966910748,-1.183782638580766e-08,1.857738651800389e-08,-2.4739766124604046e-08,1.0000000089219574,0.40000001920353684,-0.015086193587880012,0.00493880106214063,1.2613147054448766e-09
0,0.0,0.0,0.0,0.38122681803265795,0.08455544112840416,-0.2798908098552366,0.6728873760161541,0.20815944801923575,-0.5242994948120661,0.5566356073321511,0.528373540633974,-0.7268848458909464,0.2552672572385899,0.7999618756192366,-0.9266747767413521,0.3430616727492818,-0.6455491334853118,-0.6158483788771119,0.3801822542655498,0.23878473537238198,-0.9063533180933501,0.4365090956200991,0.5056648417050189,-1.0925442275118535,0.43972656293306955,0.3781452516190924,-1.2236668668678496,-0.06329962614187228,-0.6167231885641741,-0.6077929361053629,0.05120994798895559,0.35472781736223524,-0.812991131807427,0.16437474537687993,0.5221015604123906,-0.8570822043167718,0.18223256381086317,0.29800741032150113,-0.9281318765898365,-0.37024271896875577,-0.4702495663958778,-0.6099777699888038,-0.21420218585737041,0.4192814948917115,-0.751337237039351,-0.09658719692015415,0.48913102842528555,-0.6837722088846738,-0.08728271745286462,0.2053103960010052,-0.6683710791412542,-0.5882701304446797,-0.2828707496843303,-0.6487933272075068,-0.4496786228830299,0.3778433415266882,-0.7427694756957154,-0.3141651626680903,0.43693229366735686,-0.7018357000086326,-0.27490893957812335,0.2268612584476576,-0.6911085216224663,1.9262454496232462,1.1308496578782057,0.9823588657880427,1.0482856935116276,1.2337400929214626,-1.550000761074699e-08,1.000000001597114,1.0000000043126425,0.9999999949426772,1.0000000089219574,0.8000000117850957,-0.0002476672298752985,-0.04689431282139995,7.018203649213927e-09
0,0.0,0.0,0.0,0.37645107479037027,0.09385278674393618,-0.30493915313260334,0.664137869599891,0.3109779688217424,-0.568911902682651,0.6027902370904309,0.6857183220797858,-0.7840260205791967,0.34128548596326347,1.0071482448800253,-0.9989855223674113,0.32592550016857896,-0.4515230676815438,-0.698812202417038,0.42764213182166405,0.5277915249061,-0.9999019727007336,0.4925821691675977,0.6228337967945639,-1.1972573983667067,0.4922670286712641,0.43844093615716684,-1.3389892305243865,-0.06811709794344593,-0.365493288184644,-0.6725062955847652,0.15168084271119425,0.7033247570885237,-0.8860155310352766,0.2651970513020232,0.6819941683604882,-0.9273610648535475,0.26004408590024625,0.40715531937507343,-1.004330377850209,-0.36350175402745133,-0.1957759050702812,-0.6529856925317162,-0.1157662914889458,0.7719705195083274,-0.7941100642800247,0.00829503053618496,0.7126406227544538,-0.710577425544572,0.00952430952865052,0.42085740450856735,-0.683514959269099,-0.5626031038709296,0.006681343796627215,-0.6750300367957436,-0.3391496074886203,0.7058960256200069,-0.7867748002312932,-0.2062304885633522,0.637521666784974,-0.7598048541580102,-0.18725718183550794,0.38427063356091484,-0.7550955431450435,2.2370340650623906,1.3531840968610025,1.2590894947171514,1.3280317607035066,1.5008336570135163,0.9999999966910748,1.000000001597114,1.0000000043126425,0.9999999949426772,1.0000000089219574,0.9999999942784215,0.0005495862424172274,-0.04887782247073469,3.154546618981154e-08
0,0.0,0.0,0.0,0.3205056643692275,0.09414785549968277,-0.23682995058446374,0.6223354238999728,0.22848282517600899,-0.43563777381170526,0.7135343582646122,0.461503581420154,-0.6071355954871748,0.5138768144090956,0.6888856043242848,-0.7756751265530144,0.4025827183969581,-0.6194703112460831,-0.5255868526863945,0.41853658516281195,0.1737678709039554,-0.7630536722454798,0.444335899863256,0.23461119942771602,-0.905166453491705,0.450322348811466,0.0728882481414943,-1.005904432754103,0.03412900596465536,-0.608138986150125,-0.5269902392828757,0.14190217984400735,0.3720752012855668,-0.670734098368152,0.16404588663669462,0.3258367686921424,-0.683598867962671,0.15367355942219316,0.058936146712250226,-0.7357584781154318,-0.27487329031756225,-0.46064329850800767,-0.5359966808226676,-0.1344561121775403,0.4272394952207522,-0.6335914703450128,-0.12646952836213576,0.33686989630043407,-0.551927745346427,-0.1490366291489683,0.05794221544009259,-0.5223668216371067,-0.5253377154542584,-0.2509733272444077,-0.5819210963392433,-0.38541006397045013,0.3844637219329943,-0.670305434595923,-0.3448529984444882,0.29488029204495725,-0.6394848820845183,-0.366386295122729,0.06786624557632381,-0.6235919601717663,2.488870616661849,1.0705497132238309,0.8714497637344785,0.9563639742143621,1.2282480879979907,0.9999999966910748,1.000000001597114,1.0000000043126425,0.9999999949426772,1.0000000089219574,0.9999999942784215,0.003160875665936462,-0.016077985934537884,1.4680759969115793e-08
0,0.0,0.0,0.0,0.3441647696045656,0.0664279058802967,-0.21758492271382032,0.6448517549814327,0.20744040719234352,-0.4173857562714972,0.7661719450296934,0.44689145264466146,-0.5968697703365367,0.6095241820949153,0.6669213257560338,-0.7785977808153739,0.44266675445235704,-0.5887417853793733,-0.5039853507593361,0.4639002762897347,0.1439050017020207,-0.7554349289290444,0.5220847123896631,0.31546034372105347,-0.9201983322958145,0.5614405470364128,0.2483227585849701,-1.0338255299180532,0.07815743213066818,-0.5731983224574554,-0.5265435050141831,0.1717111064243379,0.3421716268784045,-0.6875276587155453,0.2454780271132866,0.4219134406215359,-0.7185463260829017,0.2703466135872094,0.28123530532934926,-0.7839898480318432,-0.23896245162377822,-0.4364735209526557,-0.5592619738971941,-0.11656327435731334,0.4092057540346504,-0.6733781172121517,-0.06519797033451814,0.415289999883255,-0.615414439303774,-0.06059141468755982,0.22222783994495154,-0.6022192285552525,-0.48606661958494507,-0.23858634763715125,-0.6258266569020712,-0.3739659784642087,0.36336253391743956,-0.704482721816378,-0.3148558836366775,0.3608180677200571,-0.672364647088451,-0.32258766132548616,0.21119832344212452,-0.6633883102268111,2.5826444625705336,1.1297783967283785,0.9372052680527625,1.02581882620661,1.275082113186862,0.9999999966910748,1.000000001597114,1.0000000043126425,0.9999999949426772,1.0000000089219574,0.9999999942784215,0.0020026217284773787,-0.01690683680406838,1.2525684111274914e-08
0,0.0,0.0,0.0,0.3441647696045656,0.0664279058802967,-0.21758492271382032,0.6448517549814327,0.20744040719234352,-0.4173857562714972,0.7661719450296934,0.44689145264466146,-0.5968697703365367,0.6095241820949153,0.6669213257560338,-0.7785977808153739,0.44266675445235704,-0.5887417853793733,-0.5039853507593361,0.4639002762897347,0.1439050017020207,-0.7554349289290444,0.5220847123896631,0.31546034372105347,-0.9201983322958145,0.5614405470364128,0.2483227585849701,-1.0338255299180532,0.07815743213066818,-0.5731983224574554,-0.5265435050141831,0.1717111064243379,0.3421716268784045,-0.6875276587155453,0.2454780271132866,0.4219134406215359,-0.7185463260829017,0.2703466135872094,0.28123530532934926,-0.7839898480318432,-0.23896245162377822,-0.4364735209526557,-0.5592619738971941,-0.11656327435731334,0.4092057540346504,-0.6733781172121517,-0.06519797033451814,0.415289999883255,-0.615414439303774,-0.06059141468755982,0.22222783994495154,-0.6022192285552525,-0.48606661958494507,-0.23858634763715125,-0.6258266569020712,-0.3739659784642087,0.36336253391743956,-0.704482721816378,-0.3148558836366775,0.3608180677200571,-0.672364647088451,-0.32258766132548616,0.21119832344212452,-0.6633883102268111,2.5826444625705336,1.1297783967283785,0.9372052680527625,1.02581882620661,1.275082113186862,0.9999999966910748,1.000000001597114,1.0000000043126425,0.9999999949426772,1.0000000089219574,0.9999999942784215,0.0020026217284773787,-0.01690683680406838,1.2525684111274914e-08
0,0.0,0.0,0.0,0.381072000601372,0.1171501091094799,-0.25644216110056817,0.7002561801992602,0.3064632026157071,-0.48058849738272713,0.7731194628599749,0.6210328419792561,-0.6674254535606385,0.5748991739726985,0.847715995922238,-0.8446518897083665,0.4982993546304387,-0.4584771820375856,-0.6033037517753623,0.5038060254440742,0.34670175369059497,-0.8483141088450392,0.540596056042022,0.5106256709586401,-0.9702428783002786,0.5418328360508704,0.3777291941080714,-1.0578520422822562,0.12644666422344297,-0.4604391049563823,-0.61049845531664,0.1895609852929501,0.5267387731609949,-0.787881306635317,0.23543257694743885,0.567345681950645,-0.7966632253704122,0.25066514266952644,0.29543757759632117,-0.8466929247098669,-0.19017508056499,-0.32110634136656857,-0.6244832290124532,-0.0850335152960032,0.5622407635535197,-0.7625378359253866,-0.043504243703369874,0.5387523019966028,-0.6804110349111985,-0.04128492233122719,0.26283547192240153,-0.6503037250683742,-0.4415879156507578,-0.12423134006062664,-0.6732446460974124,-0.32876209847381554,0.5113034676801012,-0.8004292144698804,-0.2773599620300354,0.4807399715293056,-0.7760526048564582,-0.3003122413740202,0.26943056589885683,-0.7681183155599508,2.4511017852562595,1.2803449283254544,1.1215562809390367,1.232375996149384,1.4902001634688256,0.9999999966910748,1.000000001597114,1.0000000043126425,0.9999999949426772,1.0000000089219574,0.9999999942784215,-0.0020494741856129915,-0.016952994297025063,-8.005400965861072e-09
5,0.0,0.0,0.0,0.2982410986877282,-0.160864770431868,-0.24580943571064956,0.4313842937234843,-0.6252111090229215,-0.38018515715668216,0.12967487785988902,-0.9089092106574386,-0.5116246344459814,-0.2062150767945279,-1.0731575614833164,-0.6386373640673265,0.35052758544900975,-1.6013025182794483,-0.2343098201522899,0.3452855793616088,-2.359081303119119,-0.463695170259183,0.3225806004172088,-2.889016627494414,-0.6086990235877605,0.2823177018814214,-3.315993532748327,-0.6860039240452278,0.03461328146773568,-1.6166170656236472,-0.2762610892252945,0.05454996543828107,-2.433066126267477,-0.5174849030191098,0.07523374949946861,-3.010662527502725,-0.6679016281771522,0.08002374554396294,-3.4917449134219174,-0.7237495776343765,-0.23860533345352736,-1.431173079797722,-0.34531563527612197,-0.3313802224238507,-1.7508150540817846,-0.6847679578101994,-0.21000877759111303,-1.327456825116071,-0.7454776706614394,-0.11270103610976448,-1.0067175621568885,-0.6748566616975844,-0.48573323483339553,-1.089341421869295,-0.43068611819921626,-0.49788830691714586,-1.2730259580684808,-0.6846208436911394,-0.35956388854569593,-0.96091687048771,-0.6598876652089077,-0.25995972135825784,-0.7157096378911929,-0.5652148126021382,2.0959701636164714,2.876764514714071,3.023571163578433,2.5712735793737203,2.4863724802428346,0.9999999966910748,1.000000001597114,1.0000000043126425,-2.4739766124604046e-08,1.7957795694911738e-08,0.6000000154943164,-0.0021773576777551294,-0.02813257278010558,8.975423779674182e-08
2,0.0,0.0,0.0,-0.428787753581067,-0.7842404934862777,-0.21236383934586786,-0.5887762120673146,-1.7585553184071177,-0.38761046529066334,-0.6886718865462497,-2.451705448922081,-0.6001763924100618,-0.49311676519416026,-2.8631660041290274,-0.7758635372813009,0.48087139355622194,-2.4075386563854213,-0.03624158480278039,0.6799539246981428,-3.43626731402704,-0.38260731403662873,0.1904265112715993,-3.601023516425207,-0.6158997413826414,-0.19278563382091432,-3.379686187921936,-0.7189739352838844,0.7096115026178687,-2.254628713631014,-0.09931215589956469,0.9633519117053582,-3.546495730502096,-0.45655447485784306,0.3357682060883283,-3.665477494922558,-0.612017928988993,-0.08075750965683501,-3.2764778039157747,-0.6204240319953045,0.8736526282980231,-1.9719976117170726,-0.2261532267154712,1.145189956102044,-3.172604921606039,-0.5296992067104768,0.5331395664656401,-3.3873619478802066,-0.5863056186590813,0.1156605801231963,-3.102226282465751,-0.5251864201029715,0.9571276663214694,-1.598591176197923,-0.38089224818811557,1.094174534943128,-2.562230962195237,-0.5936372269709075,0.7160851648443289,-2.9487139304285623,-0.635805902187585,0.3913576777358839,-2.9170963222502717,-0.5979511712397945,3.02104281170297,2.837044448805155,2.893213999005461,2.905927914844426,2.7518742126149305,0.9999999966910748,1.000000001597114,1.0000000043126425,0.9999999949426772,1.0000000089219574,0.9999999942784215,-0.0009667410484901489,-0.0601085485166583,-7.648642156682556e-08
2,0.0,0.0,0.0,-0.5029690410889326,-0.8891804821034189,-0.22558860479369772,-0.6889056780614473,-1.927575219228091,-0.4188136780415675,-0.7913387570213641,-2.6748427329259132,-0.6593340001923531,-0.5906123374355563,-3.1286216174428603,-0.8641968374897618,0.5373538695120209,-2.6455041927574423,0.013963441000476806,0.6990785947035343,-3.7458943464749783,-0.34335783451239454,0.16152591393174245,-3.9044116435787135,-0.6023012388302954,-0.2618267154616144,-3.6722145719841883,-0.7277575737833963,0.7801535509486386,-2.493441617874342,-0.06349624062241371,0.9700058053996057,-3.8751183361890122,-0.4219657222645667,0.28646163713748357,-3.987518135099763,-0.6141966572655467,-0.15141216489066056,-3.5921454212047763,-0.6606912623808587,0.9461451097315899,-2.222632364955796,-0.21265423531903366,1.1765432495360304,-3.542280371368673,-0.5403414963516137,0.485003959713705,-3.7667437880562997,-0.6374313208927479,0.013183196826194184,-3.46409986502183,-0.6082324424887802,1.0036026704585312,-1.8588283163316532,-0.3907006380835604,1.1239553304657282,-2.9476433681448793,-0.6331640523656611,0.6718861377018064,-3.288689509265452,-0.6917560031925505,0.27895197447735376,-3.1736862417056835,-0.6684170916131882,3.008024928644079,2.8210525419764356,2.86089636801991,2.868947041348755,2.7628180999944867,0.9999999966910748,1.000000001597114,1.0000000043126425,0.9999999949426772,1.0000000089219574,0.9999999942784215,-0.0014055701851330685,-0.05289412557120534,-5.8092725301458084e-08
4,0.0,0.0,0.0,0.5954061746429774,-0.08191532783149622,-0.20354294770156992,1.1014497845423645,-0.5536621826650422,-0.24197228491799458,1.4635510207211213,-0.9363504138399747,-0.2643666582821493,1.672142038952194,-1.304524214132297,-0.30364443464150115,0.8285799276119534,-1.7285820441978845,-0.19981090095297713,0.976551911702237,-2.5150489345029783,-0.3022595216547759,1.0597610475465415,-3.00461221818877,-0.41136805682180666,1.1232639440418313,-3.4486337941642606,-0.5156568974003978,0.4977598948709185,-1.8735338204276744,-0.22319528768192237,0.5150686562125395,-2.78508733173305,-0.3308717033174082,0.5467607513170983,-3.36614276548634,-0.49628766840870486,0.5584507555272129,-3.854394901545576,-0.6421794295382098,0.16267847987817746,-1.8084158924192315,-0.26328843756450143,0.13811793861321062,-2.6330471454586637,-0.4307843435068849,0.1358974404731903,-3.1764694934753623,-0.6274030176790784,0.10930816689801656,-3.62385744502636,-0.7752371458999237,-0.15439885472236714,-1.586504300780942,-0.31628712998340913,-0.3825333760333352,-2.1843354881289496,-0.5277351156093412,-0.5042933330195007,-2.614971177195973,-0.6740389457367062,-0.6016173966964553,-2.9816990915614787,-0.7737172264777781,3.077636465491967,2.88128014798082,2.9025077894450138,3.0111152440670983,2.8552379588426215,0.9999999966910748,1.000000001597114,1.0000000043126425,0.9999999949426772,1.0000000089219574,0.9999999942784215,0.003496914985373313,0.015017013744634686,-9.811655503376958e-09
4,0.0,0.0,0.0,0.5747279385343217,-0.03836972690979015,-0.21203729522585732,1.0755324428406434,-0.46689224236203153,-0.26665592331348703,1.4278971085615357,-0.8295245206401659,-0.30228740556394973,1.6378013848789807,-1.1670331028935912,-0.3562990091840837,0.8140976795032524,-1.65719809392511,-0.2400954925483646,0.9479611483400889,-2.4155888829836814,-0.3540507795918549,1.0324579504579738,-2.8856077749274567,-0.4727922343190067,1.0967077127578553,-3.3104970659930055,-0.5835774512939145,0.47935465874311495,-1.7764636607029942,-0.26769333905935216,0.49906568345608726,-2.6591772782978835,-0.3894310012652859,0.5204439083496853,-3.236477118107193,-0.5636370175149279,0.5133098266777923,-3.7202921975437286,-0.7147456976270098,0.15114448656054963,-1.688134443956936,-0.30898877874538927,0.13539575092999312,-2.473276595381844,-0.48575699311837556,0.13351722301475571,-3.016518548008039,-0.6818280173431461,0.1038699522635069,-3.4552787977278543,-0.8285856003008404,-0.15737238412121712,-1.4543728827955853,-0.3630096607168252,-0.3600539308059462,-2.0185041048212913,-0.574499607371714,-0.470793825846062,-2.434015283002827,-0.7101745086519841,-0.559738757867573,-2.7853761438726687,-0.8028775369551664,3.0490558035511706,2.861832361731237,2.902640585649878,3.026845442228807,2.8951566475735397,0.9999999966910748,1.000000001597114,1.0000000043126425,0.9999999949426772,1.0000000089219574,0.9999999942784215,0.0033243660774538632,0.018305867123313866,-1.2505169710758938e-08
4,0.0,0.0,0.0,0.5555490492692913,-0.06782237859102636,-0.21782095739807217,1.04767591579161,-0.5086687792476151,-0.27358740821448185,1.3915449264814708,-0.8525877775924068,-0.31294556537286883,1.59209121346711,-1.1737525415355556,-0.36951970728281924,0.7874368804005468,-1.6348476612975906,-0.244125214110899,0.8999647156872419,-2.3896231882671435,-0.3794578301746776,0.973459212537825,-2.854318676479006,-0.5098657604837479,1.0286443296292367,-3.2677564728894755,-0.6233360759621868,0.45886558947055933,-1.7652634663852482,-0.27171650423383925,0.4907506857130719,-2.623008912940806,-0.4103686206968824,0.5157661543776548,-3.1674542133503776,-0.5823810699154952,0.5180576858162482,-3.625838158700976,-0.7262647740336075,0.12993259451607564,-1.6885478301550398,-0.31712451540697284,0.1199241351883279,-2.451584397946494,-0.49959322760842256,0.10954471108549016,-2.9725725434252794,-0.6883680793414199,0.08243024475217206,-3.4038136474825533,-0.8262507863299802,-0.18789267220174416,-1.4589086683640184,-0.37745854389488015,-0.3714402214835155,-2.0054616326254457,-0.584791719867044,-0.4808091104894562,-2.4032030386987517,-0.7172782980886261,-0.5700147946872576,-2.7472809209569538,-0.8073988471343024,3.086688287672631,2.8414406814993836,2.9266669792255726,3.040641996461437,2.9321527760828174,0.9999999966910748,1.000000001597114,1.0000000043126425,0.9999999949426772,1.0000000089219574,0.9999999942784215,0.003722344789186463,0.019625467448342176,-1.2806854120251218e-08
4,0.0,0.0,0.0,0.5709975086212805,-0.09532662768691233,-0.23291677237261593,1.0667338570921114,-0.5736472601740631,-0.29682251944765314,1.4081242236300342,-0.93462905344439,-0.3446021135354255,1.625399600414153,-1.2500675958511747,-0.4094252081975619,0.7944863388956768,-1.6860611563521821,-0.25947919187924123,0.8956011111741695,-2.4608185735514247,-0.40975743147647253,0.968557728788936,-2.9270620035883406,-0.5498173252841188,1.0299394874051888,-3.347123444901027,-0.6717969186611034,0.4709131012401826,-1.8086772274561085,-0.2923202808275508,0.49284275749709927,-2.695792455939398,-0.4435622121328119,0.520786690279776,-3.247977160833483,-0.6230337025366999,0.5293662274038252,-3.7217352918718705,-0.7746554635531537,0.14421419663429394,-1.7251516969276506,-0.34680026769015626,0.12296970253908635,-2.507980564932447,-0.5438433289436845,0.1151795231134862,-3.032046154171754,-0.7396028608490396,0.09396322884840903,-3.473490557091484,-0.8838594921472653,-0.1723427746433645,-1.4860240345284033,-0.4183084081055632,-0.3888502278394798,-2.0695531249275714,-0.6421225710323669,-0.5130231051602198,-2.4756510545008505,-0.7827938867359063,-0.6110732133916601,-2.831412519984162,-0.8805306086816478,3.0959062664711556,2.830936430884874,2.9142139054228675,3.0232647939163044,2.901990699409695,0.9999999966910748,1.000000001597114,1.0000000043126425,0.9999999949426772,1.0000000089219574,0.9999999942784215,0.003442035791104344,0.01994710084755851,-1.8094339325051278e-08
4,0.0,0.0,0.0,0.5763965201473229,-0.09029459726398513,-0.24536627566110322,1.057454457005362,-0.5497028874906784,-0.32389542595682747,1.3967742717017957,-0.9263044274778152,-0.38396281506574015,1.6106338326281393,-1.264103057896393,-0.4608719739855873,0.7680487051365766,-1.6956888717357232,-0.27079036805401013,0.8518532024944798,-2.470436794826898,-0.430008109000923,0.912488728877659,-2.945352846527591,-0.5801233662312786,0.9570992597197623,-3.371760349962681,-0.7079848050968741,0.44023351150288503,-1.8101713885125947,-0.29920375282154593,0.4504099689475075,-2.697252749157812,-0.45652687638701417,0.47129500420025283,-3.258381937159517,-0.644984724029207,0.4658701442966965,-3.7396997072176896,-0.8027082628212934,0.11601075595616471,-1.7152012445375644,-0.34930509334116233,0.08396940596493385,-2.4929080226210103,-0.55172693732616,0.07048156102502498,-3.019466191958324,-0.7524948087046911,0.04081943260180251,-3.466966402972087,-0.899012662831476,-0.19458163579742682,-1.4674519023160486,-0.4165671765462348,-0.40768836238413814,-2.037209228528197,-0.6435509951525207,-0.5319462267220944,-2.442126499000845,-0.784271961204708,-0.6326215805844249,-2.8009031800672646,-0.8803494008742172,3.067067383711727,2.8237035002395516,2.91709543311035,3.0227417407275254,2.911386256519505,0.9999999966910748,1.000000001597114,1.0000000043126425,0.9999999949426772,1.0000000089219574,0.9999999942784215,0.0037522348618019346,0.01848722440394217,-1.64348748292716e-08
4,0.0,0.0,0.0,0.5595859602521972,-0.11332116833444547,-0.23846226968556006,1.021369393695594,-0.5775132239556997,-0.31068605419447004,1.3506646455291835,-0.9423739531713853,-0.3674674962295352,1.544606538611502,-1.2741064954857912,-0.4401421575575324,0.7357163988429011,-1.6851055713561875,-0.2434429511585548,0.8048660276389574,-2.4439285120436964,-0.3949179349884343,0.8583802589806978,-2.904579915860957,-0.539666295761396,0.8995987104464795,-3.317653921079474,-0.6630977992513556,0.4085451739610678,-1.7981012747655742,-0.2720398589532301,0.4145814464601141,-2.6645082963287274,-0.42212244509785857,0.4347914213379842,-3.202380843965778,-0.6041159032270873,0.433168712068805,-3.6628478402020708,-0.7559266666567821,0.08394763649494091,-1.7025710777686989,-0.3239704967701359,0.05276518460466308,-2.4603197344298073,-0.5209078201149656,0.03362587485853624,-2.980669483175573,-0.7187899921229669,0.0016687551269995785,-3.4223730935978205,-0.8614344572613577,-0.22521043445896977,-1.4522318482648933,-0.39307433343416076,-0.43431002257450885,-2.021887103325329,-0.6153653255841893,-0.5595314083768249,-2.4240401008244836,-0.7565048990050935,-0.6624696050860502,-2.7781110730459475,-0.8522379348198412,3.093032834275284,2.818683365130346,2.926428101568893,3.0312980591294125,2.93269227913075,0.9999999966910748,1.000000001597114,1.0000000043126425,0.9999999949426772,1.0000000089219574,0.9999999942784215,0.003215218533548649,0.01803149692662046,-1.6115368741858442e-08
4,0.0,0.0,0.0,0.5770588166158288,-0.10480700912077957,-0.2264739275059513,1.0501145301212458,-0.5656454591054777,-0.2880488055280448,1.3798842355093364,-0.9429740601035979,-0.3348096620739366,1.5829075066085887,-1.2676380911189944,-0.3996400206575924,0.7605932665982822,-1.683675767478486,-0.2313024263490739,0.8335050458653646,-2.449821013985594,-0.37244096602099974,0.8862835561073789,-2.917466134594683,-0.510727828606249,0.923234930515701,-3.3376157176116266,-0.631437533502775,0.4354419682717066,-1.8024546854181285,-0.2618142043912261,0.4415331709010615,-2.665524014267553,-0.40678703872618327,0.45896641359162726,-3.2117379409772555,-0.5878673791691099,0.45028391804706197,-3.6842475614082204,-0.7397466281631112,0.11189708881098633,-1.7061276874378088,-0.3139158784465645,0.08106961009130964,-2.47226291242923,-0.5127514013734648,0.060647353562288384,-3.001467791696839,-0.7166055427409214,0.021542848710217343,-3.4557822772190754,-0.8640345682306623,-0.2021487048072938,-1.458605243277054,-0.38120713940412376,-0.42146363210089505,-2.0344266295102758,-0.6121876239266675,-0.5544688800920995,-2.441656538001691,-0.7614696000426866,-0.6659692355074612,-2.8019437441844848,-0.8623773984916805,3.061699625098276,2.8111739149548423,2.9128267932453324,3.0156810025443184,2.901709794879482,0.9999999966910748,1.000000001597114,1.0000000043126425,0.9999999949426772,1.0000000089219574,0.9999999942784215,0.0028361595303677965,0.01780153547654847,-1.3150508730364719e-08
4,0.0,0.0,0.0,0.5770588166158288,-0.10480700912077957,-0.2264739275059513,1.0501145301212458,-0.5656454591054777,-0.2880488055280448,1.3798842355093364,-0.9429740601035979,-0.3348096620739366,1.5829075066085887,-1.2676380911189944,-0.3996400206575924,0.7605932665982822,-1.683675767478486,-0.2313024263490739,0.8335050458653646,-2.449821013985594,-0.37244096602099974,0.8862835561073789,-2.917466134594683,-0.510727828606249,0.923234930515701,-3.3376157176116266,-0.631437533502775,0.4354419682717066,-1.8024546854181285,-0.2618142043912261,0.4415331709010615,-2.665524014267553,-0.40678703872618327,0.45896641359162726,-3.2117379409772555,-0.5878673791691099,0.45028391804706197,-3.6842475614082204,-0.7397466281631112,0.11189708881098633,-1.7061276874378088,-0.3139158784465645,0.08106961009130964,-2.47226291242923,-0.5127514013734648,0.060647353562288384,-3.001467791696839,-0.7166055427409214,0.021542848710217343,-3.4557822772190754,-0.8640345682306623,-0.2021487048072938,-1.458605243277054,-0.38120713940412376,-0.42146363210089505,-2.0344266295102758,-0.6121876239266675,-0.5544688800920995,-2.441656538001691,-0.7614696000426866,-0.6659692355074612,-2.8019437441844848,-0.8623773984916805,3.061699625098276,2.8111739149548423,2.9128267932453324,3.0156810025443184,2.901709794879482,0.9999999966910748,1.000000001597114,1.0000000043126425,0.9999999949426772,1.0000000089219574,0.9999999942784215,0.0003304978328131732,0.015431841730873225,-9.232089680418256e-09
4,0.0,0.0,0.0,0.5798388285694732,-0.14983452659725782,-0.24201708986442697,1.050183423494792,-0.6677536872334803,-0.3084798756429502,1.3822484714992553,-1.0915514381366933,-0.35150453452059527,1.5765859187260647,-1.5068017453273845,-0.4091164343452583,0.6815818743001063,-1.726181860552747,-0.27727204743504363,0.7872967240159008,-2.5021255442663235,-0.40692862742912184,0.8676304287527596,-2.9951665605433613,-0.5245859059511756,0.9255217482864424,-3.4273330326166462,-0.6314247832276451,0.3469350540162244,-1.8469101203697353,-0.2895032172359988,0.3633624130607491,-2.689995316740152,-0.42168563344196586,0.3918261648511606,-3.234192937993649,-0.5743058918780508,0.3954666803052806,-3.682931520734833,-0.7079280637551741,0.014770708860333423,-1.7542022551373737,-0.32267016212449745,-0.017419870358620262,-2.5261626806574875,-0.5104393956125651,-0.04095681240547633,-3.0577236410919113,-0.697154577982712,-0.08324888532349348,-3.494810902534212,-0.8360961042836971,-0.28672221158066996,-1.4950303762629344,-0.3719086046360457,-0.5135132476277972,-2.051568501098952,-0.602605344931506,-0.6625445685295387,-2.4655032290242214,-0.7557157894330401,-0.7851688420008205,-2.8203277259258352,-0.8592234362319993,3.067668437216332,2.9033646313048735,2.97734742060044,3.0668115045046376,2.9145314987980715,0.9999999966910748,1.000000001597114,1.0000000043126425,0.9999999949426772,1.0000000089219574,0.9999999942784215,0.001649969082536695,-0.01649229374062587,-2.2683144071765166e-09
4,0.0,0.0,0.0,0.5701013809506287,-0.21187079053642016,-0.22845976068755797,1.0067800224499999,-0.7297721978189917,-0.29181558163293286,1.331356202364057,-1.1550516055368507,-0.3408445736102622,1.533019627183656,-1.5722979644527006,-0.401505292904499,0.6645968040593455,-1.790367832893838,-0.2104954703074739,0.7811566581060694,-2.5570199732196963,-0.3425759117538234,0.8557787925660518,-3.041315266878439,-0.46573965715737475,0.9029654306304638,-3.4601689214273392,-0.5689052937492864,0.3429760362498936,-1.9036105769961003,-0.22655846284619588,0.36217195300515515,-2.771112173751975,-0.3463383928350795,0.38712551204793366,-3.322054730206534,-0.4930344207137144,0.3853024477059299,-3.771143313819471,-0.6182212835052623,0.012477977762145376,-1.8143257975030693,-0.26808214330258484,-0.0239307260535426,-2.607809517251684,-0.4333665060425158,-0.050445040789477716,-3.1376749787870253,-0.6029258958032016,-0.09478673617029987,-3.564214023969379,-0.7277704486141534,-0.3021586495266342,-1.5632836822535672,-0.3280396788253259,-0.5216647305297036,-2.1235425551472877,-0.5251905332191769,-0.653932167165137,-2.5276560463787447,-0.6561869914444818,-0.7682609515949457,-2.86604294869667,-0.7427002143453099,3.0931482187031247,2.9306530715421193,2.985357514392972,3.0634119253694125,2.9320163880488006,0.9999999966910748,1.000000001597114,1.0000000043126425,0.9999999949426772,1.0000000089219574,0.9999999942784215,0.0028305384924342163,-0.02107552132100238,1.0710121615317802e-09
4,0.0,0.0,0.0,0.6116653276738904,-0.213769166993027,-0.22497603298702365,1.050916782901497,-0.7214719135220526,-0.28989324257529636,1.362454751574389,-1.1377859263489547,-0.3385295263280034,1.564918500525724,-1.5324314562915107,-0.39875752678050724,0.6895816213825634,-1.8190738348849567,-0.2259341042767054,0.8128401683289359,-2.6039647730647753,-0.35644036497271997,0.8983842660516397,-3.1019613578737792,-0.47899197462722876,0.9574970230930702,-3.5377131287076278,-0.5833643645040725,0.36960426255214285,-1.9255001758132737,-0.24108412746468605,0.38184187789167157,-2.799454436511198,-0.36226268624734487,0.4085208576527408,-3.341380176528145,-0.5040832136487385,0.42279903032401545,-3.7734875432240873,-0.6263891457959687,0.039734572298398475,-1.839609404990182,-0.278963383714527,0.005058989452268917,-2.6371729185865296,-0.4432383423583227,-0.013762543597566998,-3.153423213333422,-0.6031253356450078,-0.03986000121021179,-3.5587864762875503,-0.7203322045141415,-0.27963466690243916,-1.5982018272787282,-0.3347245461849025,-0.4877808332383214,-2.178579072233217,-0.5272730601563426,-0.608198172269985,-2.578815265000012,-0.6471797225344236,-0.70912753770884,-2.9118534712194424,-0.7247285263298606,3.0710301239924034,2.931667091231315,2.9667570482275716,3.0588056449326135,2.948540701007284,0.9999999966910748,1.000000001597114,1.0000000043126425,0.9999999949426772,1.0000000089219574,0.9999999942784215,0.0033383136120802353,-0.028194837559935015,2.4474958495578037e-09
4,0.0,0.0,0.0,0.6023153460162125,-0.20846849698302078,-0.22848248476174107,1.0657193589883445,-0.7057197757926706,-0.2899679877947379,1.3919829375705488,-1.1068210709207502,-0.3327875096929497,1.542631155288319,-1.493082199811651,-0.39109898383258657,0.707905529084788,-1.7774619320788247,-0.23895046049786872,0.8273888636762272,-2.547809139201513,-0.37143921466093655,0.8989622462558169,-3.0419135009814386,-0.5039814072959818,0.953303958565038,-3.487243521404289,-0.6184343682127323,0.3864404179378441,-1.8833922472628704,-0.25520432137647897,0.38674564366420894,-2.7459676505567376,-0.37847297724253265,0.40544076783053895,-3.291608919938647,-0.5457135432372663,0.4151772128860429,-3.7479068109042526,-0.6905511033274889,0.05991249091666081,-1.7856077138617823,-0.29013255056391424,0.019793452469838643,-2.5598223085226812,-0.45414977556212066,-0.012128394224890593,-3.072663961317636,-0.6315530566819038,-0.05180783517176093,-3.4878734009595584,-0.7653542254819616,-0.25675513113811166,-1.5353437549196753,-0.3429149664447944,-0.44703983018995824,-2.0799014338038257,-0.5380426648573693,-0.559435285341045,-2.461758188875593,-0.6632835210917156,-0.6541181150433337,-2.7878368789948995,-0.7480782906570582,3.0741059858984543,2.914568663693256,2.941222187515066,3.045219591616324,2.9443831816363284,0.9999999966910748,1.000000001597114,1.0000000043126425,0.9999999949426772,1.0000000089219574,0.9999999942784215,0.0041651643127485925,-0.0328084982930892,-3.9195080133911476e-11
4,0.0,0.0,0.0,0.5903110535713618,-0.21529495637519083,-0.2573796527992967,1.035656612805677,-0.7080373632406827,-0.3301905414791449,1.3552425102712713,-1.1102227149581023,-0.38137394770478583,1.5508020766274757,-1.4922906265449125,-0.4421143910759474,0.6658311704567695,-1.814503679956095,-0.2422315776172972,0.7915361819236517,-2.5899936881072927,-0.3816264540680959,0.8702151773875868,-3.077975540151057,-0.5124847302353196,0.9185674387239748,-3.5125153335572463,-0.6221977435601916,0.33644622680773345,-1.9301757544014881,-0.24546585950248972,0.3505507942938908,-2.8131937670862843,-0.36966678013341625,0.37660373992302904,-3.34714228552001,-0.5217432330504953,0.3874876686083688,-3.7833079982489854,-0.651709318903942,0.008292890900303301,-1.8316327148340017,-0.2749122102327788,-0.03519474584834431,-2.6133677853499404,-0.44261741579660685,-0.06464431672651784,-3.1110559815752463,-0.6099665761623466,-0.09974919692183873,-3.5087704650398397,-0.7321824457844959,-0.2984472849878532,-1.5631254677439355,-0.32575529891438976,-0.5038310530810675,-2.1192922104663445,-0.5239894979627562,-0.6267567910209542,-2.5045244161674427,-0.6485981874475812,-0.7288468671723002,-2.8307188105726824,-0.7295523900121629,3.0777065782616084,2.946027026313883,2.9856286608054132,3.0559011801614053,2.9416818857165814,0.9999999966910748,1.000000001597114,1.0000000043126425,0.9999999949426772,1.0000000089219574,0.9999999942784215,0.004946647253043256,-0.034053699786736086,2.545923234169685e-09
4,0.0,0.0,0.0,0.5925684370192464,-0.19487971067269427,-0.2588131741532107,1.0577737845083732,-0.7037745011820078,-0.32304990192792526,1.3835057145274325,-1.1375527507262762,-0.3652856672553635,1.592832546663832,-1.5280140927586978,-0.41654736312786933,0.6790255991596977,-1.7972261743333027,-0.21600830472277036,0.8032051829472722,-2.576800119355535,-0.340308848598039,0.881234680793379,-3.0650392095188668,-0.46257632983549135,0.9358793264169456,-3.4975400804166465,-0.569297557160411,0.3466226204891506,-1.925771081425459,-0.215210379440487,0.3571338652215682,-2.8095939553348535,-0.3267617093522347,0.38598065805534065,-3.355407169847961,-0.47715407382087727,0.3949354763364156,-3.801135645576106,-0.6069442027763039,0.01511154913752566,-1.8416668512991363,-0.24219959709519667,-0.028573177188687765,-2.6466198122265134,-0.40170124614439007,-0.05198353893995408,-3.154269158623926,-0.5709595679787202,-0.08203734297386736,-3.5692522109474583,-0.6968681301993869,-0.2957104706239183,-1.5867882898830734,-0.29087856046579286,-0.5088574532502894,-2.157063681329305,-0.4819779683819974,-0.6341143656856438,-2.540183978880833,-0.6060190212233691,-0.7345361543332845,-2.8666411309105038,-0.6891212418066629,3.044262406921561,2.9353696892157424,2.975778303754005,3.05235710824926,2.931459210321477,0.9999999966910748,1.000000001597114,1.0000000043126425,0.9999999949426772,1.0000000089219574,0.9999999942784215,0.006197462401660313,-0.03550767911266581,5.95655862843175e-10
4,0.0,0.0,0.0,0.6077748990986872,-0.22747837083058497,-0.2706316416712688,1.055989657227427,-0.7421926286954358,-0.3533546637290928,1.378732119904822,-1.1625274564684478,-0.41529548095650054,1.5892287074393219,-1.5450810060451183,-0.4880154220009163,0.6708151320472204,-1.8643256802996158,-0.25863257120354266,0.7918407237336433,-2.6759097865990524,-0.4125008244499364,0.8697221086916663,-3.1705220201478195,-0.5516898051503574,0.9232770927315428,-3.6133679815657542,-0.667040170089857,0.3461262558895768,-1.9867469185009765,-0.26458653759634737,0.3593951534454296,-2.895114886210095,-0.3997909694814328,0.3781236662625529,-3.4421266175276797,-0.5540903221679315,0.3820744414928155,-3.891448808966736,-0.6848559404039338,0.016389907568046286,-1.8935864359465098,-0.29952332073632454,-0.03899286447082337,-2.6973977664276996,-0.47405519723179956,-0.06899602214739507,-3.2059810384888228,-0.6419323061101743,-0.10142530891286475,-3.6164377855173804,-0.7653629239930688,-0.2937823116302307,-1.6200187901676264,-0.3579599849495434,-0.5374011462085875,-2.195985328644249,-0.5597962140830205,-0.6703423925061385,-2.5882232066005035,-0.683917459330891,-0.7797130389414796,-2.9162072369750334,-0.7654777809365348,3.080239053528902,2.9389457068568148,2.9842889242710187,3.046831832423898,2.907060874952837,0.9999999966910748,1.000000001597114,1.0000000043126425,0.9999999949426772,1.0000000089219574,0.9999999942784215,0.007034787440273622,-0.031274819003389555,5.487600963973477e-10
4,0.0,0.0,0.0,0.6098484614859253,-0.22689537645999397,-0.25394749752209056,1.0624147799006933,-0.7279540212699838,-0.3267562418739595,1.3895947711025367,-1.1359726360206417,-0.37976956658976724,1.5796204047662492,-1.530943509453984,-0.44395474312143235,0.6840328667255892,-1.8467063940148305,-0.22612267539085157,0.7996278890101891,-2.6462947855476373,-0.3654207275725966,0.8706330689786894,-3.1382274507043877,-0.503140624806135,0.9194537224178672,-3.582696257709279,-0.6199356273958601,0.36011889665478725,-1.9609665900023578,-0.2354198973674913,0.36851117218698726,-2.8509495817269115,-0.35551869500245553,0.394769277630536,-3.3962124596437295,-0.5140342664490262,0.41009310310038777,-3.846149962967858,-0.6515187619478819,0.030676367245518213,-1.86655370726043,-0.2718296609263503,-0.016501569913321107,-2.6673975099978082,-0.4277949926170506,-0.035872424182713525,-3.186525515748565,-0.5943618995420474,-0.058641224945466926,-3.6059495178484813,-0.7218806153944537,-0.2789220063809082,-1.5983558469714891,-0.3311941609661576,-0.5018722245875207,-2.164299934907067,-0.5191975833669108,-0.6252743860159868,-2.5655992192481505,-0.6392243458091725,-0.7234606831047272,-2.904441015573495,-0.7202633058573708,3.082853301679371,2.9251248447050395,2.969964706954353,3.0535285127913063,2.9222145023470034,0.9999999966910748,1.000000001597114,1.0000000043126425,0.9999999949426772,1.0000000089219574,0.9999999942784215,0.008404943887749797,-0.026492086651454187,2.7625757019262564e-09
4,0.0,0.0,0.0,0.560097437848028,-0.21065656824177825,-0.27030551577933787,0.9832662726804988,-0.715691736734043,-0.3582940410425569,1.2867088355543308,-1.12974895592231,-0.4235472692152711,1.4839955183386142,-1.5225775554552898,-0.49961054783279474,0.6334250039324688,-1.7851459932982987,-0.26839664504036903,0.7325280379891395,-2.559108223344686,-0.42809739329495844,0.7982584142638002,-3.0526840774311417,-0.571681617355768,0.838751732652038,-3.4898092734174675,-0.6867954728987572,0.30443352134742285,-1.8980884733723,-0.270399898960361,0.3142216013727522,-2.776485930349156,-0.4116059577987757,0.3264478126043431,-3.3241208240503246,-0.565174221820601,0.32124278449619165,-3.7670586794217664,-0.6917061238239879,-0.02572342594552958,-1.814037317265282,-0.29996648269536247,-0.0634850144827297,-2.599679233148054,-0.47169675881371387,-0.09500837120702686,-3.113085518907652,-0.6285212610763323,-0.1345228957313933,-3.5222752484285182,-0.7419855008151373,-0.3380094329847614,-1.5632683012583755,-0.3525719650925125,-0.5429415041545527,-2.1280846454054587,-0.5477654332078193,-0.6708267345096878,-2.5199493792493777,-0.6623842710315315,-0.7814635119279955,-2.8473464565515902,-0.7341620373428578,3.0768365817035344,2.9224510193635784,2.994044307876037,3.0806321586395438,2.9790587287102794,0.9999999966910748,1.000000001597114,1.0000000043126425,0.9999999949426772,1.0000000089219574,0.9999999942784215,0.007975278814641511,-0.016519992680149913,5.54385112832726e-09
4,0.0,0.0,0.0,0.561000774187725,-0.15517364266949837,-0.24022068037038288,1.0137563880634102,-0.644639482896926,-0.3141609737639942,1.3384318851678074,-1.0254503474511445,-0.37132219030348057,1.5577567522225502,-1.3467378585920553,-0.44235063796607116,0.7084038054287023,-1.7632625251114173,-0.27467995861734684,0.8284228825554141,-2.5533836068962765,-0.4280810029933233,0.9023709803991163,-3.0322775922078673,-0.5627074872012059,0.9550502111163057,-3.4612105378615174,-0.676592409696963,0.37750493575536154,-1.8920153181053057,-0.29536113125548075,0.3995248019963894,-2.7906641848231573,-0.4420337691355014,0.4228192293640422,-3.3363624109890555,-0.600538134573723,0.4186255593446864,-3.8025641683583293,-0.7331614504645545,0.04921533891944362,-1.8122374894994806,-0.3384280501885178,0.012480794552587507,-2.6337826118509846,-0.5199859742562395,-0.007116157342929058,-3.1756289115267577,-0.6945317447707422,-0.038363548914292715,-3.634197188668254,-0.8241161443791181,-0.2643676821555511,-1.5684305128128,-0.4002039432654627,-0.4928450223339828,-2.172689951552619,-0.6122626668538453,-0.6319192175664298,-2.58206339658803,-0.7456276979996552,-0.7470633630863268,-2.938546272144656,-0.8341324256989777,3.101249690934622,2.908947198188343,2.9709906423354715,3.0639664363952335,2.941901921297448,0.9999999966910748,1.000000001597114,1.0000000043126425,0.9999999949426772,1.0000000089219574,0.9999999942784215,0.0061214900578746125,0.016181548105387526,-9.351231197443122e-09
4,0.0,0.0,0.0,0.5751160239904846,-0.1461343313250692,-0.24997235951729296,1.0345844476858916,-0.6264650197488245,-0.32448354645971944,1.3509477633247333,-1.0054198715943448,-0.3856454756293437,1.566702680264232,-1.3260706880862179,-0.4581690859568882,0.7145764490667085,-1.7576186771681708,-0.24150508522666314,0.8379818787114413,-2.5165891305219805,-0.39129414954010977,0.9111614641305287,-2.9823353032466597,-0.5226283085374566,0.962269832708279,-3.401655023349205,-0.6342368690219706,0.38638992220170454,-1.8935947696942694,-0.2616755057177669,0.4130696345631397,-2.781619974216136,-0.4052634517790222,0.44886097987178486,-3.3207513021158954,-0.5610329517812119,0.4581650567877354,-3.7826308048255584,-0.6915978799239373,0.05645886306982783,-1.813156409225058,-0.3099830725546102,0.03938810686465704,-2.6278385928311376,-0.49851354923176605,0.03258086399653945,-3.143580993371393,-0.6723431913889952,0.016026905337678213,-3.5820812463568226,-0.7990784593089415,-0.2563136039153197,-1.5616158929794794,-0.3791843367203555,-0.46662456797963986,-2.154798784684461,-0.5978628391235964,-0.6005003917550957,-2.5529375552792555,-0.7346692091166679,-0.7162175716134908,-2.9048467787177836,-0.8259568132221123,3.0734770241655864,2.910000313205032,2.9702747313857847,3.064237293704,2.9440925418549,0.9999999966910748,1.000000001597114,1.0000000043126425,0.9999999949426772,1.0000000089219574,0.9999999942784215,0.005301151062376099,0.020216237875099165,-7.252352632999272e-09
4,0.0,0.0,0.0,0.5789014200049936,-0.13465990604560477,-0.2642999613053837,1.0538035879662784,-0.6156637632770443,-0.3462246654096394,1.3848771333192482,-0.9983873105827852,-0.4119190583036194,1.621001143863049,-1.3261777511288946,-0.4903862217834431,0.7345634680843716,-1.7529922735189016,-0.26958203185329344,0.8671596941797894,-2.526289677042766,-0.4282725155367323,0.9492418155306158,-3.0059795393686874,-0.563859884357834,1.0063760132395831,-3.4352933179352307,-0.6783874039094276,0.4029464768971707,-1.8984038943354857,-0.289056240996237,0.4392114420801819,-2.8041727506874405,-0.44041896024327687,0.4798754545729171,-3.3542538828298483,-0.6006114478834994,0.4886022251931928,-3.823620819132528,-0.7345499351489908,0.07217065230172731,-1.8215367820205093,-0.3373006575951297,0.05958585663762362,-2.644532959227802,-0.5336805582273079,0.058879047534787246,-3.1701207593960214,-0.7137648462287757,0.045639015731149,-3.618258598018115,-0.8456935222611839,-0.2386303466150591,-1.5689453566700369,-0.40749737638454275,-0.44403516123288683,-2.1605820489613787,-0.6331612500873197,-0.5842135872304278,-2.560170906941237,-0.7729984565346383,-0.707118322029563,-2.9147372553598214,-0.8672637219505579,3.0757062350887043,2.9103648586927138,2.973612020535884,3.0673655889835154,2.9426994557610877,0.9999999966910748,1.000000001597114,1.0000000043126425,0.9999999949426772,1.0000000089219574,0.9999999942784215,0.003556466760888869,0.019814355578285703,-5.387747331585496e-09
4,0.0,0.0,0.0,0.5736007392301427,-0.16076701774065397,-0.2678712917347406,1.0282556605934614,-0.6194919894081666,-0.3712152540167287,1.341560348714343,-0.9829799011628431,-0.45740941351773307,1.5749974581764579,-1.3075462918649752,-0.5581789614540056,0.6999951022498321,-1.7098016899804191,-0.3201468878437615,0.8067306150908482,-2.502929163598611,-0.5011159777087468,0.8719392777879467,-2.992667431671591,-0.6488178364367846,0.91782202712157,-3.4278181129034255,-0.7686563761179868,0.37008353003097194,-1.8257911431478089,-0.34241869907057454,0.3891391214618053,-2.7327124549259487,-0.5179607271073619,0.40089948738975034,-3.2995121933105667,-0.6858463292038035,0.38520378215888024,-3.771181915634095,-0.821616699475322,0.04362929786455199,-1.7292268268420705,-0.3895836149429791,-0.0015742005609270804,-2.5499988158216422,-0.601852595274957,-0.03132515624847006,-3.1000250500176847,-0.7818683410831624,-0.07003321254627179,-3.554328332573178,-0.9105743048092332,-0.26135229049523495,-1.4711590717253338,-0.45748278280368776,-0.5041978752506101,-2.0522980187541258,-0.6906125470512443,-0.6576675586718748,-2.4543524175465414,-0.8282697672299383,-0.7900578001778301,-2.7965259874036787,-0.9182419852120713,3.070420021225773,2.886648895387635,2.9654744068410652,3.0575956378922307,2.925481104456254,0.9999999966910748,1.000000001597114,1.0000000043126425,0.9999999949426772,1.0000000089219574,0.9999999942784215,0.0024098987121400585,0.015806562259122133,-7.79346998590558e-09
4,0.0,0.0,0.0,0.5288274142032459,-0.2171051797735409,-0.2653201840946367,0.9246062517555151,-0.7056810787103635,-0.35039186664552036,1.2099977235845154,-1.1099524441095672,-0.41565674398220265,1.3831028570376485,-1.4619283678238424,-0.49098945003122574,0.5394844530877482,-1.7904647493676276,-0.2566437131506466,0.6381327986287226,-2.5570177421832376,-0.4151352350127137,0.6948769864737224,-3.054601137328449,-0.5581169731997305,0.7180016025328979,-3.487859476045105,-0.6722686303238807,0.21126048105414674,-1.8873630605741227,-0.2639267745678448,0.2109250562367254,-2.7786726614582102,-0.4111178495651814,0.21565578027731833,-3.34993745423293,-0.5757639999241624,0.1955314090060686,-3.814538400126291,-0.707090852074015,-0.10924156219039209,-1.781898036024013,-0.29787236398600847,-0.14744203427214536,-2.5808012328275103,-0.47934195612813935,-0.18493994795197066,-3.1197197290490046,-0.6553300059466074,-0.23549702952997195,-3.546938474785767,-0.779619100568554,-0.41591475391411575,-1.5112131407858647,-0.35272097589504836,-0.6211317589619326,-2.081957281984482,-0.5574694872904484,-0.7542643367851634,-2.470709587349854,-0.6814480427409758,-0.8722748826201332,-2.803757396265515,-0.7595256537775619,3.075941084984123,2.96645475292945,3.0281011192710903,3.082322564174411,3.0139412680188085,0.9999999966910748,1.000000001597114,1.0000000043126425,0.9999999949426772,1.0000000089219574,0.9999999942784215,-0.0032189354745762963,-0.01639247665907395,1.1457682036890102e-08
4,0.0,0.0,0.0,0.5282123683076205,-0.1998814793164994,-0.286156596993083,0.9216320346248553,-0.6715319163078475,-0.3837883768824401,1.2040736801568597,-1.071016451439819,-0.45681232206713607,1.378421852679231,-1.4153587758402486,-0.5393235691685343,0.5190807479652341,-1.7620351308603917,-0.2756806596586784,0.6135817472816647,-2.514112456949597,-0.44388368399268685,0.6726837105293803,-3.0239958238171,-0.594326020369258,0.6984629533738591,-3.4717947131157194,-0.7137124535515427,0.19000522385245627,-1.8540234827843296,-0.27460613987415006,0.18689076451941336,-2.738717753313307,-0.4357388339726556,0.18906892374969722,-3.3272437583588603,-0.6083208913032384,0.17084206112803127,-3.8063448454210196,-0.742307420573407,-0.13047626725033612,-1.7423721577381535,-0.30085146443234456,-0.15880375274250322,-2.54438426378109,-0.49562666034694436,-0.20680994822375742,-3.1001866816394728,-0.6711740472830404,-0.2676443852341391,-3.538182341324153,-0.7892379080785887,-0.4340073901836144,-1.4683909120725054,-0.3491381118775205,-0.6135158477784248,-2.0392119947949077,-0.5643592473783302,-0.7382380227834396,-2.439646987900143,-0.6880633198601498,-0.8523023884027837,-2.7830410725044845,-0.7611468944841809,3.062164787584064,2.968351786078354,3.0319916981714443,3.0637530562870285,3.019381761176141,0.9999999966910748,1.000000001597114,1.0000000043126425,0.9999999949426772,1.0000000089219574,0.9999999942784215,-0.0049828056202436384,-0.017452636480523705,1.4446901039859996e-08
4,0.0,0.0,0.0,0.5192995248462474,-0.20435272149871994,-0.30250671631599974,0.9082328491807483,-0.674288443801038,-0.4142399149076001,1.1902198382546063,-1.0871106547225349,-0.4999763671904784,1.379601586537711,-1.4451707803187255,-0.593365012081557,0.5044802307274314,-1.79588342374843,-0.29014793132286587,0.5939077029580251,-2.5705294567339516,-0.4661668868263725,0.6582530393794289,-3.0832293312726198,-0.6190696947008693,0.6837937769961682,-3.5265040348157584,-0.7382412546272142,0.17432732325474676,-1.8994033263016092,-0.28441879050625496,0.1781284288152889,-2.7995167194356956,-0.45029300326535715,0.18167644328553567,-3.388989401673271,-0.618361532587952,0.15846477087623426,-3.8596317106353855,-0.7460713384264296,-0.14734750149353243,-1.7955994610962254,-0.3096241349821035,-0.1780756375145859,-2.627380427813056,-0.5127847789635355,-0.2216584063402599,-3.1865094257228663,-0.692583316424285,-0.2792051848602602,-3.6222752885885967,-0.8115166318823834,-0.45585875444942,-1.5253635165350483,-0.357734769195384,-0.6528176555432419,-2.120125739979925,-0.5808244949190221,-0.7917251197593904,-2.5223049986567507,-0.7116625944791987,-0.9152108039755473,-2.864175391982682,-0.7884256186696763,3.050216441113116,2.9714682000329464,3.048937071528414,3.059584093103477,3.0173063568442373,0.9999999966910748,1.000000001597114,1.0000000043126425,0.9999999949426772,1.0000000089219574,0.9999999942784215,-0.005309250623546665,-0.017330281744408836,1.5900241619276383e-08
4,0.0,0.0,0.0,0.525298545434829,-0.22713184248942897,-0.31090423428119845,0.923845546093294,-0.6922808814173502,-0.41949486781406303,1.1919593816149,-1.1006221866747707,-0.5014215707016659,1.3809536874603783,-1.4391676339531632,-0.5889394275949711,0.5060773277708093,-1.8233265812149242,-0.2796949145178436,0.5967917353452508,-2.6062607326840346,-0.45309385799018337,0.6571841595583583,-3.116654837977906,-0.605360150692875,0.6807231864391219,-3.5565393148957565,-0.7243086696433201,0.17217146826785018,-1.9260573143990265,-0.270486533168519,0.17459725263080694,-2.836540209330815,-0.43651950346135215,0.17673585626633004,-3.429131780462379,-0.6083214870482095,0.15314532166439457,-3.9018544265987405,-0.7385725353187818,-0.1491434711146531,-1.824770912516372,-0.2942708110790878,-0.18161833037711891,-2.6676447246305357,-0.5001263608709716,-0.22544383330383977,-3.226187429095004,-0.6837087306226629,-0.2812481678290291,-3.6629621495331444,-0.8039672958028214,-0.45809207644535405,-1.5655152549150468,-0.34223025798430506,-0.6561037313993306,-2.1674537998983974,-0.5670325156442002,-0.7994055729596728,-2.571231818670328,-0.7006273881214161,-0.9240777271432576,-2.9189261229766186,-0.7791978030056543,3.015665040600724,2.9736067882115944,3.0467040291976843,3.0511518998619853,3.0037541310164904,0.9999999966910748,1.000000001597114,1.0000000043126425,0.9999999949426772,1.0000000089219574,0.9999999942784215,-0.0061176353135440125,-0.014416773632953347,1.5849493933392767e-08
4,0.0,0.0,0.0,0.5698487396276934,-0.16163720138203352,-0.3161144862389354,1.02036650575645,-0.6043558601914898,-0.4455440641082697,1.3357889364952216,-0.9767422265850436,-0.5515103952196887,1.6088524912694306,-1.2653304504891567,-0.6716495157443862,0.670725773149677,-1.7345635988805532,-0.35552027845152934,0.7859601617604948,-2.504027837502512,-0.5545771727349651,0.875693212922757,-2.959510390447156,-0.7164726864886035,0.9510150356073754,-3.36908895084375,-0.846645358458787,0.336163850266457,-1.8590498306045644,-0.36500483542690326,0.3404836654304758,-2.7663965675289717,-0.5585588839052608,0.3692139412053508,-3.3247173167181217,-0.7459018236923347,0.3805576148232989,-3.7980168234674565,-0.8962066224894719,0.0065084983084474635,-1.7709079166161044,-0.403933582791494,-0.04020355939126494,-2.598895833886176,-0.6393358052893792,-0.06387089752618803,-3.1231537305942623,-0.834573028178383,-0.08948295294718708,-3.562161339537414,-0.9707630224183259,-0.30035761110806813,-1.5231831206393882,-0.4664945633560882,-0.5480079634235171,-2.108938675378486,-0.7110750667086227,-0.6910471782523494,-2.4974143971207523,-0.8526474871479485,-0.805590518163545,-2.8429851850876124,-0.9454419521693553,3.051438801232573,2.917982103783771,2.969871510788831,3.063367564487347,2.9333598527165154,0.9999999966910748,1.000000001597114,1.0000000043126425,0.9999999949426772,1.0000000089219574,0.9999999942784215,0.016323688861610487,0.0035495488763509784,-1.4813399521478841e-08
4,0.0,0.0,0.0,0.5740878875679467,-0.1564400488223915,-0.31996419764265316,1.0179414206269117,-0.5808677039882737,-0.45599525878471525,1.3469928053556972,-0.9285349503996074,-0.5692990417969062,1.6211994433972226,-1.2279590531282913,-0.6960742500750019,0.6915114179891133,-1.7328529444986063,-0.35505291734248084,0.8063766973439934,-2.5183594579516595,-0.5576214809266689,0.892217098238244,-2.987154501104871,-0.7232679748146829,0.9674102898283377,-3.4044638277341637,-0.8565365056833738,0.36042492981194413,-1.8510204200032332,-0.3641210799936807,0.3641985654255553,-2.7632980803380507,-0.5645065896520322,0.39464344351799535,-3.3272468120755896,-0.7575691955251354,0.414370643655025,-3.8031375714722397,-0.9117578818660045,0.028605673613858476,-1.7620015087891792,-0.4036552568173112,-0.010247980280173874,-2.5971815760095347,-0.6445513370369352,-0.02725072326260769,-3.1226210532283396,-0.8441257980164654,-0.044703199492311434,-3.5573683504636255,-0.9827455023104159,-0.2784790885211941,-1.5171458702857819,-0.4672540458911175,-0.5244508480110844,-2.094603074472057,-0.7160889985136413,-0.6625406481036081,-2.4816887618697177,-0.8615427656449519,-0.772118569923384,-2.822375192195391,-0.9564326888225956,3.090883495129874,2.9045698492749414,2.955564733040684,3.059432242391791,2.916910869808698,0.9999999966910748,1.000000001597114,1.0000000043126425,0.9999999949426772,1.0000000089219574,0.9999999942784215,0.016020463558226082,0.002694666127050275,-1.4220322370002212e-08
4,0.0,0.0,0.0,0.5755569917922193,-0.15083520006230047,-0.3188232491359353,1.0272430815251692,-0.5820050837276834,-0.4501612158674853,1.3583558535654792,-0.9388521931370253,-0.5588263269706986,1.6383973156196106,-1.23422001979863,-0.6809148170522525,0.686373629230746,-1.755973813062126,-0.3511559640950058,0.8084153435032275,-2.546766464312716,-0.5492137678137613,0.8997620015644253,-3.0159218395015994,-0.7112461955079531,0.9793438927565508,-3.436132348040559,-0.8430657979605493,0.35526614325606143,-1.875116572166218,-0.360053182291426,0.36254067080264474,-2.7990408260882127,-0.5557344576619455,0.3948338803560244,-3.3656801274018457,-0.7445735258079159,0.4136673994443108,-3.8443609861550447,-0.8961219137334264,0.02472496307397655,-1.7808952863052092,-0.399482664722581,-0.013811973873822533,-2.626523813666891,-0.6381271412278748,-0.03186220294654658,-3.157213633326725,-0.8377553558392392,-0.05021404012717085,-3.602127628775084,-0.9769313749805789,-0.2806694643768844,-1.5272009162379323,-0.4629176838437869,-0.5267085353609153,-2.106758832765639,-0.7123296228728592,-0.6666013865622654,-2.4979200272987625,-0.8595021896345105,-0.7773569912329189,-2.845760932516368,-0.956013323128007,3.0810790126205894,2.9192912317248996,2.964324506119396,3.06254144969561,2.9164407422403,0.9999999966910748,1.000000001597114,1.0000000043126425,0.9999999949426772,1.0000000089219574,0.9999999942784215,0.015745227612145613,0.0028442009295239377,-1.329184234778506e-08
4,0.0,0.0,0.0,0.5215514454746214,-0.23824800620770037,-0.2940804354116715,0.9619701603057073,-0.6931047401675992,-0.40429431350742273,1.2477796624378172,-1.0771750473533592,-0.49137133330882726,1.4181293668842299,-1.415204991716021,-0.587328374001665,0.5012332793330864,-1.8573012371749833,-0.27528110137719275,0.5364496612388376,-2.651428400438237,-0.46303123513648137,0.5531022250512544,-3.1579170746506318,-0.6304578782336614,0.5419109618766187,-3.578432212463981,-0.7553617949125767,0.1590351598682969,-1.9522316074208337,-0.2781199795024603,0.11529252311905971,-2.8901092935163226,-0.44531706058513787,0.09665240440687278,-3.4770257646925167,-0.6251709442893877,0.05965076015912479,-3.942556077681238,-0.764312620356812,-0.15859277881779954,-1.8480372741525528,-0.31213739430916543,-0.23038427503031614,-2.69511918195076,-0.5061068546815921,-0.28451648437063465,-3.2605752270481374,-0.6820122666892293,-0.3438573896601845,-3.698559700221149,-0.8024272190980726,-0.4554045478899847,-1.5820452803612381,-0.3705607951872475,-0.6754619721067611,-2.200066077634883,-0.5787642613730493,-0.8174402098449056,-2.612685218912196,-0.6975912493628282,-0.9371959869284523,-2.967568344572482,-0.7694680092856028,3.01385498541108,2.9082607924258896,3.0105082602778563,3.083976713219129,3.037017310528203,0.9999999966910748,1.000000001597114,1.0000000043126425,0.9999999949426772,1.0000000089219574,0.9999999942784215,-0.015261352399194964,0.00017357545159107837,6.524181454225285e-09
4,0.0,0.0,0.0,0.49039276197594756,-0.21167387131304882,-0.3077324036780621,0.9030937681309369,-0.656531986429415,-0.4214745164275015,1.212732584342116,-0.9992125906606849,-0.5090889334790478,1.4044650194776827,-1.300144100531797,-0.6049603220379857,0.5212737900091404,-1.8159961650635266,-0.2814083692505406,0.5822476217729498,-2.600741594693437,-0.46160388105913563,0.6118221040555023,-3.118151853227545,-0.6286389827801478,0.607128249242388,-3.564943702229799,-0.7573542016801601,0.18782904503898668,-1.9102057425899854,-0.27688661227682226,0.17473961974627067,-2.8221311901460107,-0.44058203814719377,0.16280320909993182,-3.4195919693999297,-0.6260427236916072,0.12719598256654258,-3.904227543454035,-0.7704404613608244,-0.1345980030595214,-1.807093290054383,-0.3035660071932617,-0.16669081868093702,-2.630434289275648,-0.4972971088911539,-0.2186055477045435,-3.1989184923603187,-0.6817398120837241,-0.2828924641152196,-3.6488305608298415,-0.8071247187088904,-0.4397673265131093,-1.5496647198882583,-0.35535088191611586,-0.6093094531243564,-2.143073112863525,-0.5665851833317954,-0.7383627988087369,-2.55955245481506,-0.6916484821359301,-0.8520571695806836,-2.9187787381573926,-0.7672385509930499,3.1285042937897276,2.928685175038602,3.0254851839933368,3.067965207348552,3.0289257099792333,0.9999999966910748,1.000000001597114,1.0000000043126425,0.9999999949426772,1.0000000089219574,0.9999999942784215,-0.017535946193808112,0.0012022921473703561,1.069997143719856e-08
4,0.0,0.0,0.0,0.5074568642776391,-0.19953392454492544,-0.30307898058553945,0.9202013936783722,-0.6381555762143835,-0.40682679513482634,1.2257482642255844,-0.9822264856935896,-0.4782011491828294,1.3989661746852204,-1.2927891184837392,-0.5581430782957572,0.5258521580568488,-1.8480284176252202,-0.2683830236747122,0.5850948049911047,-2.6330955276529115,-0.4272210572827098,0.6041333008524,-3.15913368709373,-0.5837700391802273,0.5916753000783921,-3.6196896482598326,-0.7076079845296233,0.19207796243333314,-1.9392288714025194,-0.25084349306945875,0.17595951389873757,-2.8301580344948434,-0.3932477790634988,0.1577128821138198,-3.4583741718625127,-0.5733223558319855,0.1117140840846775,-3.9754849594019754,-0.7185680270430971,-0.13009282424283986,-1.8334838328393488,-0.2616999141001515,-0.14514253138334535,-2.639668058963401,-0.4321672886600112,-0.1797013877515551,-3.187745919818958,-0.6098480231268482,-0.23222827534941923,-3.6208225152347175,-0.7352822429520609,-0.43368574404373145,-1.5679429352652217,-0.29735040523193595,-0.5767846329170352,-2.1398081652569103,-0.48993051384137315,-0.6880095257606178,-2.54329032827829,-0.6062794331340142,-0.7884488279236378,-2.8872681822308763,-0.6784977934581384,3.1085860822817786,2.9336730995320743,3.0220360372286006,3.057234032721354,3.0045266184745762,0.9999999966910748,1.000000001597114,1.0000000043126425,0.9999999949426772,1.0000000089219574,0.9999999942784215,-0.019447913212785696,0.0020620225051594613,1.1940587731273638e-08
4,0.0,0.0,0.0,0.4768597811517495,-0.21130089494195337,-0.3261602187604435,0.8639642509921306,-0.650045454634884,-0.44827210936587325,1.1656928840657046,-0.9886789656759496,-0.5364125967880142,1.365560121669622,-1.2755208212251161,-0.6315255759528843,0.48651317886474765,-1.847631102966078,-0.2883740377800809,0.5537725726004494,-2.632731645606559,-0.45844611677538116,0.5792656562763541,-3.1705023732992905,-0.6225574612363648,0.5718171303266226,-3.6381032344785833,-0.7518575199049337,0.1548673963356033,-1.9436575254654964,-0.26525029635949876,0.1404287679735241,-2.8422207888036866,-0.42032408624214634,0.11979716270180146,-3.46811934537501,-0.6035470968210119,0.07606225657978977,-3.975961474517592,-0.7470592816034585,-0.1676595468166886,-1.8365373895900108,-0.2730426495211593,-0.18456808002380395,-2.6561124651691776,-0.4511853428221284,-0.22354938635828625,-3.202523633269822,-0.6273744672235599,-0.27588595264995386,-3.632985494281537,-0.7486656992744234,-0.4732768091084038,-1.5675780561111043,-0.30769670281490674,-0.616391968172214,-2.142140182854717,-0.5039274693428483,-0.7264115981607494,-2.544577325922894,-0.6206041596690385,-0.8209131162444001,-2.8894086737952827,-0.6904452401593293,3.1269767175244816,2.961163065117833,3.0406288388702567,3.0452358004001554,2.999171757721138,0.9999999966910748,1.000000001597114,1.0000000043126425,0.9999999949426772,1.0000000089219574,0.9999999942784215,-0.018121132310408024,0.0022204323913323637,1.2580141841895202e-08
4,0.0,0.0,0.0,0.4713341110578781,-0.16903397358000527,-0.3452560333079782,0.8583131712776354,-0.6038259873330661,-0.4797143336698697,1.1589155583669364,-0.9518373749770033,-0.577951906902107,1.376624900231625,-1.240589611763066,-0.6829434047567795,0.4905108300285503,-1.8111949401053418,-0.3168135579337653,0.5554893734377606,-2.580648880349787,-0.49859738341709253,0.5775061628547956,-3.1189949268543042,-0.6679992675070858,0.5664892530931487,-3.594083863195597,-0.8015004379588785,0.15937480380780722,-1.917373080784376,-0.2910871491489713,0.14476220369337245,-2.824755196834617,-0.45822927367628835,0.11974838228056474,-3.459149815911764,-0.6444411867685019,0.07202940442022436,-3.975116836136692,-0.7886479414957037,-0.1634761283006243,-1.8137173916601483,-0.29729726798015615,-0.1848027845951993,-2.6349738408979957,-0.4892616867010377,-0.23624256029311097,-3.1914349238927073,-0.6647316827587174,-0.29514469823718636,-3.6298068862712736,-0.7830865426610634,-0.4739855431256839,-1.547510821252497,-0.331562338536041,-0.6153942270055467,-2.120711997952288,-0.5376660826202152,-0.7303737451673002,-2.522451141656012,-0.6531318404322618,-0.8302901577085569,-2.8676741893193376,-0.7206728434440692,3.1195869431357974,2.9537529514977203,3.0388254541893933,3.0493070843337735,2.997558636046459,0.9999999966910748,1.000000001597114,1.0000000043126425,0.9999999949426772,1.0000000089219574,0.9999999942784215,-0.01683351440632558,0.002145118016746275,1.3516349561796527e-08
4,0.0,0.0,0.0,0.5446659864495668,-0.0922315925520771,-0.2407926323629565,0.9917818966482674,-0.46490821247435965,-0.3238201459804501,1.312173959730168,-0.7805709247778825,-0.39605152337134525,1.4682608309028644,-1.1125431403087078,-0.4835091034267066,0.7258109341301786,-1.6074888769117073,-0.24502675225025017,0.8652157542844501,-2.3632092783261296,-0.4048227690720655,0.9498694729349507,-2.804403495194882,-0.5483389481569814,0.9994967886773105,-3.186410890658539,-0.6618557568489127,0.40579732895831205,-1.7739331793417463,-0.27033692652490915,0.4768957019857857,-2.6643967992975384,-0.42151888803164245,0.5153949130971287,-3.21127148574685,-0.5952046515844334,0.5186147570670441,-3.658190569613925,-0.7342092350756612,0.07152160357684496,-1.7381295137554582,-0.3203908510170328,0.10214076927293451,-2.5401289918266405,-0.5150891544025993,0.1014380614977814,-3.0652842466522596,-0.7058141200999823,0.08043029654757991,-3.4987597517873006,-0.8402774922354901,-0.26201443817562203,-1.5444734242701983,-0.3872586486742512,-0.4321120218644358,-2.1270041517748712,-0.5987836111447614,-0.5507414746381832,-2.5083350920777896,-0.7289677249548757,-0.6532285390374101,-2.8351030540532367,-0.8140496634178351,3.057561628241569,2.8942625505932744,2.9967742112894586,3.0856594409090237,2.9966099688964762,0.9999999966910748,1.000000001597114,1.0000000043126425,0.9999999949426772,1.0000000089219574,0.9999999942784215,0.0049278641607807365,0.014689285872951003,-1.2314753411454857e-08
4,0.0,0.0,0.0,0.5098204629584832,-0.05229414993118875,-0.27203852189651057,0.9263479683524676,-0.4310088753462149,-0.367712289087364,1.2295326133632398,-0.7619092469867562,-0.44469323729090127,1.4551615791109433,-1.0601099793599222,-0.5325951570428097,0.664605229768543,-1.643608596049948,-0.27631229049087247,0.8119940022243501,-2.393915925516602,-0.43515091788176224,0.9029659958093115,-2.845685751757564,-0.5727949783609614,0.9652003113802259,-3.2335116998878766,-0.685089350562144,0.3366370179452272,-1.807758319139736,-0.2857493744269935,0.4234746793517221,-2.670079498038162,-0.4378829911407519,0.4699889827169632,-3.214852986517574,-0.6049416068685272,0.4840265744219099,-3.654091363670304,-0.7398388948087976,0.0038567963466309835,-1.748944677268017,-0.32212838517562215,0.03749574787886152,-2.5214403206209344,-0.5184130069251323,0.04415047540422203,-3.0417340561600392,-0.703033152203673,0.03762529483747232,-3.4667931653223167,-0.8334619886636419,-0.32308990296298845,-1.5246357857216348,-0.37782070164819254,-0.5162452593121231,-2.104093977220929,-0.598602294047349,-0.6370666400126647,-2.4963984405092083,-0.7331486330113739,-0.7267859240032969,-2.83087279131746,-0.8196157147022112,3.0516848549762132,2.9477827261656606,3.056679240230077,3.063844124059346,2.9880948376611394,0.9999999966910748,1.000000001597114,1.0000000043126425,0.9999999949426772,1.0000000089219574,0.9999999942784215,0.005206072208173788,0.01718936185847144,-1.155879302579389e-08
0,0.0,0.0,0.0,0.36740422329780575,-0.29988795559234216,-0.21069323982864335,0.7175898201497433,-0.7209655467425511,-0.34808784913753443,0.7116464697515622,-1.0824940533409808,-0.46430784785445156,0.3934605189289009,-1.0996370395796031,-0.5528926852481431,0.3535585024325334,-1.7522909870581165,-0.23979085715879772,0.4870946835590888,-1.6046947264524947,-0.44996985797142863,0.4787345570410091,-1.1888157128655281,-0.565730334344198,0.42068640449378436,-1.1171911984739373,-0.6337324342406014,0.021239257671684907,-1.750900042026792,-0.25197082557465666,0.14664322341762343,-1.4832336905123493,-0.4309708185306498,0.20524411300088674,-0.9890334633408758,-0.46672939932268953,0.19623244356967265,-0.9807497259759339,-0.4846046276172981,-0.28066471764203405,-1.5768118244269902,-0.2901598213963133,-0.17892614164719814,-1.305781239895723,-0.46613573809436504,-0.08699285111764428,-0.8787571772609877,-0.42627290476056146,-0.08536803409926638,-0.8802915817313142,-0.39014443465548465,-0.5453294300453367,-1.3280848097539972,-0.34956118477035997,-0.4645104217959463,-1.0970860567699598,-0.4330671140054295,-0.36771827768069953,-0.8040363791541649,-0.3825156195409607,-0.34828467317622264,-0.7837221026826795,-0.3429913808169014,2.4569370764003144,1.2572706693329025,0.8113843351955128,0.7463163706375169,0.5700660896283742,0.9999999966910748,1.000000001597114,1.0000000043126425,0.9999999949426772,1.0000000089219574,0.9999999942784215,-0.0012511975802434654,0.015567275468914062,-4.482028506256354e-09
1,0.0,0.0,0.0,-0.10938295510160329,-0.34847068098929607,-0.19092160495086619,-0.07284913783898764,-0.825628628468366,-0.32868859468647393,-0.047448602040532,-1.138936903298295,-0.4547047911594766,-0.07817365138173435,-1.4161714395011669,-0.5811139953620943,0.5524512716922191,-1.1205860382963262,-0.29804024071799284,0.9309058321348236,-1.4336439221005464,-0.44772148134311235,1.1642673808818294,-1.59714282764876,-0.5404619587059684,1.3690752762305691,-1.755414248290406,-0.6161021546454035,0.7214754546071693,-0.82393974569666,-0.29411795670685675,0.7770975992843993,-0.7053440113423421,-0.483390002478985,0.4817186134579633,-0.485967040161681,-0.5217580777703354,0.32972055197451366,-0.46309888059322735,-0.5269829581998123,0.8106422500055996,-0.49309995178629606,-0.3032064136675888,0.8354170939236382,-0.37089534890342835,-0.48185086433065183,0.553981459191304,-0.22662072209358408,-0.442228852367965,0.4169993764751371,-0.2560655621939931,-0.3938741679782025,0.8640809678801685,-0.1708858835532403,-0.3289666783778737,0.934627606523458,-0.09543828240540242,-0.4497230962737707,0.6879667568627169,-0.01440665464216706,-0.40052903807877005,0.5438184021666692,-0.05220905368532258,-0.34755954823769597,3.0405278246450576,2.730300877913743,1.5634504540422982,1.6353114863804734,2.198854453618034,0.9999999966910748,1.000000001597114,1.857738651800389e-08,-2.4739766124604046e-08,1.7957795694911738e-08,0.40000001920353684,-0.014595061323119447,0.0039631130078016255,7.423488118231724e-09
5,0.0,0.0,0.0,0.30058366269756986,-0.2827639909006446,-0.20553879483175813,0.36122526830567986,-0.9130701760233352,-0.2990754849184969,0.06865842410251088,-1.345829513799333,-0.3938761404443391,-0.2441954046372197,-1.616555863716834,-0.47989789578892583,0.3678159618958571,-1.6530434076261449,-0.1802710465848777,0.417701751639984,-2.452097452035843,-0.37915667741583425,0.4467316211965248,-2.9936120969138456,-0.5020930069257421,0.433811426264658,-3.4267227124881368,-0.5637106984012622,0.0699565034522868,-1.6637265542041066,-0.22533023482910938,0.10500940420339994,-2.5706460453176345,-0.43775758279668486,0.1743502183783686,-3.1815520783459545,-0.5725027919204346,0.21533099997253205,-3.6965888938768385,-0.6205461616303182,-0.21627693095374007,-1.478616368979974,-0.29440629400072416,-0.2917836782244886,-1.861302377579453,-0.6226115183107023,-0.17675479371523278,-1.4743245684374213,-0.6971399189329035,-0.09565430216052168,-1.1882523280825539,-0.6340729029780023,-0.4841662324286152,-1.1661565238766096,-0.37280028977370816,-0.4430269205146931,-1.4233293444259414,-0.6168522249061146,-0.3023813061269552,-1.1318688319143835,-0.6002675307926716,-0.21392541282574923,-0.8854449987296303,-0.5146797309273395,2.4599833444312544,2.935131576541878,3.0461189705519125,2.6347236634583746,2.4807157558139696,0.9999999966910748,1.000000001597114,1.0000000043126425,-2.4739766124604046e-08,1.7957795694911738e-08,0.6000000154943164,-0.01660876008008347,-0.003049320587031689,1.6728137164954485e-08
5,0.0,0.0,0.0,0.2863084423915117,-0.23773491321975296,-0.23944659456464512,0.35346960637388597,-0.8493996704705832,-0.3343405744298541,0.053356591087292175,-1.240882428744387,-0.42083987674197454,-0.24883676844139194,-1.5146322376516255,-0.4942960854785705,0.3147319261747671,-1.6286295689526746,-0.17506928490775722,0.32488956428099197,-2.4032471239517115,-0.3662135284726469,0.3370593351841391,-2.9275539208844257,-0.4882391080104651,0.3169247819655283,-3.354288111470466,-0.5523836670724226,0.018422082695071527,-1.6121339957609297,-0.20717335962433875,-0.010263684323221875,-2.496582700070864,-0.41267520085703735,0.02661845817070032,-3.0689565802456054,-0.5424951332855125,0.04020927463080977,-3.5554087644587664,-0.58559483642416,-0.25766558483528795,-1.4148067145622467,-0.2710438088501514,-0.30988744920353417,-1.7207026873603277,-0.6070406384029348,-0.17881442667471048,-1.2792746032181501,-0.6763435545549535,-0.09094359710060165,-1.0142344236605507,-0.6071017423093834,-0.5207267315300852,-1.1070278884130627,-0.34810239330159726,-0.49262699110634084,-1.3382694713678625,-0.597330450955951,-0.3431298018468699,-1.0047321238570803,-0.5763660669537074,-0.2547598194001774,-0.7859632318654994,-0.4887306388836294,2.388587480687717,2.919530377105528,3.0323328250180674,2.5027125031820336,2.42825199080033,0.9999999966910748,1.000000001597114,1.0000000043126425,-2.4739766124604046e-08,1.7957795694911738e-08,0.6000000154943164,-0.008035473031020837,-0.03523721157408682,5.6830363493173386e-08
5,0.0,0.0,0.0,0.3009173733883974,-0.1786342553650279,-0.2865529991433271,0.3920433948271259,-0.7965753014768051,-0.4055303049756671,0.048671327535211445,-1.2404451702478947,-0.5078757405152743,-0.2774971471951869,-1.5545675825160412,-0.592714370252872,0.3296391314973479,-1.5823121068964463,-0.2192065843122919,0.3339042553166328,-2.39859697466163,-0.4556852615221745,0.34877051027774936,-2.9584345389694686,-0.5971188571393201,0.3276550366585266,-3.427334569301821,-0.6694070118777695,0.02108686875369222,-1.5700530917687534,-0.24426029539511562,-0.0034973207154569003,-2.5181608488503175,-0.5066853161220776,0.049543980954140115,-3.0881297224453403,-0.6541086382873874,0.07927650053427235,-3.5762759851360375,-0.6912819183953723,-0.26111576077331544,-1.381051900213915,-0.3058643628076497,-0.32353073524541853,-1.6356960883651253,-0.7131327426755398,-0.17917652436011888,-1.1205819861336852,-0.7736278735942558,-0.06333812669375599,-0.8545104803806316,-0.6713386832290267,-0.521225683877546,-1.0828597656250685,-0.38222908962630864,-0.5092996167963253,-1.2883828734446783,-0.6735662804480615,-0.34926628483497857,-0.9024002547646715,-0.6357324648317729,-0.2521744184220622,-0.6930972414104484,-0.5198404182617433,2.3511135487622457,2.896790960987066,3.01975000971199,2.3559751562701106,2.3867950614896394,0.9999999966910748,1.000000001597114,1.0000000043126425,-2.4739766124604046e-08,1.7957795694911738e-08,0.6000000154943164,-0.006786043308446298,-0.04646332657586185,1.0853394231798216e-07
5,0.0,0.0,0.0,0.2833704592138742,-0.19391071810887306,-0.2456891240389835,0.36212378470293705,-0.8093784923367859,-0.34448143973759404,0.07784066983627716,-1.2289625618709799,-0.4344905349518038,-0.24467012365868482,-1.5005600626980202,-0.5108568029185125,0.30012702215717585,-1.574075242973044,-0.1950417696358224,0.29625003426056984,-2.3613328651128573,-0.40808263013440005,0.30203021667062585,-2.8904549508927504,-0.5376594690763795,0.2724196100352122,-3.3231105620773542,-0.6022867496063454,0.003987113602547984,-1.5537455126244208,-0.2317897831457018,-0.038962865754293405,-2.4804380005969477,-0.4677454825613886,0.009351149555979404,-3.058972580637234,-0.6084964271143938,0.035532406410243994,-3.542516525298005,-0.6496979000331782,-0.2706761010357961,-1.3556170485353674,-0.2985274492756425,-0.31292901059340494,-1.6352894597616872,-0.6757741031384845,-0.1530239364466699,-1.1527888847134213,-0.7421837393585362,-0.048513903874589835,-0.850611618669666,-0.6542442492741259,-0.5279427056181879,-1.0436464602142068,-0.37655171786687774,-0.49518935463154484,-1.2758052266574387,-0.6578243998840888,-0.3160563567768827,-0.9222401313240018,-0.630092622811203,-0.21243744500962974,-0.6783676725165622,-0.5248591895382322,2.4291090874621744,2.9040462669456075,3.0298299692355473,2.425840133147994,2.397188198298014,0.9999999966910748,1.000000001597114,1.0000000043126425,-2.4739766124604046e-08,1.7957795694911738e-08,0.6000000154943164,-0.00014247997421703868,-0.03691798944565554,5.469707243178124e-08
1,0.0,0.0,0.0,-0.14913561813158027,-0.26515510743454535,-0.23598907863373728,-0.22364603390899943,-0.6659768728550925,-0.42381808438595475,-0.33560402366632924,-0.9002826981450527,-0.6026043297797714,-0.48539792034670437,-1.1282339053748975,-0.7820338709137079,0.33200153802613114,-1.1852773423159506,-0.34073313936162936,0.6774624626914663,-1.675307281349995,-0.5087200999061662,0.885734884922251,-1.9485464226154736,-0.6132478110662442,1.0602413140415792,-2.148955095619324,-0.696331978433471,0.5419725894217443,-0.9250251057444427,-0.3434319497112752,0.6633242711529587,-0.936508601479456,-0.6112791914748457,0.4159209893038079,-0.5804311269911394,-0.6816383601798678,0.19856004260329713,-0.34824109848984086,-0.6787008652417736,0.682946584868393,-0.6175394481676262,-0.36222669457759726,0.8079523074174376,-0.6016850517283726,-0.5708299284847164,0.5870943456582012,-0.33259158164907965,-0.5369817016827844,0.39898825218491585,-0.19243337453735,-0.4749714762416933,0.7926006758388844,-0.3000618083556945,-0.405863523552781,0.9157470481151999,-0.298191774715521,-0.551801025875278,0.7211811377502647,-0.14483346707122813,-0.5126774914634475,0.5512882621352512,-0.08075928999048798,-0.4534089816777868,2.8572831076168654,2.8132390826002234,2.1039516965001948,2.2482447541736357,2.6278350612139425,0.9999999966910748,1.000000001597114,1.857738651800389e-08,-2.4739766124604046e-08,1.7957795694911738e-08,0.40000001920353684,0.05636323044857647,-0.03459467407345316,-3.5340408598861105e-10
1,0.0,0.0,0.0,-0.15723050292725788,-0.2585956157663112,-0.25187736611449274,-0.24653744047401419,-0.6587639445899252,-0.4495750705152109,-0.3573437915000091,-0.900646869979762,-0.6319730262381434,-0.5013877394212493,-1.1283398943697223,-0.8141873539777171,0.2968229846505161,-1.168976664604488,-0.37643733608773394,0.6416387825997336,-1.6570043602291225,-0.560532096394147,0.8511260651485169,-1.9271975725720827,-0.6698138739366533,1.02628020471655,-2.12492415674485,-0.7530735733523616,0.5198874588421883,-0.9184776456461523,-0.37137442618047434,0.651404721996045,-0.9418280665576225,-0.6526487995738355,0.40046975119817546,-0.5771400474051946,-0.7165594632539132,0.18554406826504818,-0.34207816540051406,-0.7047346200304622,0.6716818404375915,-0.6135255674083965,-0.38351899153586144,0.7836068833486003,-0.5954046732342653,-0.6077947590841772,0.5509832864312991,-0.31053691028786723,-0.568595469579289,0.36247592414331614,-0.1638401370071093,-0.49821132100507615,0.7883581697980029,-0.2992603186789752,-0.42100817071265334,0.8879339725982499,-0.2998406444768037,-0.5778977275982381,0.6819506454707736,-0.13678760729590922,-0.5398122077395436,0.5130700404468629,-0.0683099922643502,-0.47884416626178244,2.905234564083262,2.791743488014197,2.1623578111886683,2.2204237096857424,2.5434038738995004,0.9999999966910748,1.000000001597114,1.857738651800389e-08,-2.4739766124604046e-08,1.7957795694911738e-08,0.40000001920353684,-0.0015579196523220883,-0.030094517171942715,-2.5761045373448226e-08
1,0.0,0.0,0.0,-0.1548694948618519,-0.26151180379407957,-0.240633189878067,-0.2320082549784991,-0.6606596618834046,-0.4269336472946419,-0.3296236066994838,-0.8956042056852895,-0.6007017557868074,-0.4580867396271454,-1.1230239921682084,-0.7739377152232854,0.3153091645548757,-1.1525379420043782,-0.3490541857741498,0.6643045797651572,-1.6417233779910474,-0.522316634161939,0.8703252713743047,-1.9099190397206556,-0.6277448535101479,1.0427914196504304,-2.1074826519561274,-0.7092002035138767,0.5286306823990471,-0.8954891520213488,-0.34819123156398285,0.6529651060762965,-0.9498665963133673,-0.621661902111672,0.40626959168245064,-0.5794713056516496,-0.6881557657053646,0.198229664333472,-0.3362211708651648,-0.6781014206833708,0.6737967129715332,-0.5873256302433649,-0.36374205403495574,0.7877285087312881,-0.6038800968783575,-0.5750557787041546,0.5625538299845905,-0.31356073807195084,-0.5372992157051766,0.38082473438242825,-0.16464151256880966,-0.46973982656727314,0.7863320527034735,-0.27217082055195835,-0.40465182091307855,0.888178299999985,-0.2964709676886207,-0.5513879057201996,0.6907555349083357,-0.14051867049357503,-0.5119791020542183,0.5282133288418154,-0.07479486744886488,-0.45094621336947627,2.8971371728915014,2.803054085905319,2.247452491803175,2.351013428933923,2.637868655346365,0.9999999966910748,1.000000001597114,1.857738651800389e-08,-2.4739766124604046e-08,1.7957795694911738e-08,0.40000001920353684,0.0004239281114497145,-0.03368571023279704,-3.027655155891605e-08
1,0.0,0.0,0.0,-0.13391186650997697,-0.26706534687674005,-0.19631500456104586,-0.1686791367854606,-0.6637439019610235,-0.35592749794236733,-0.2532500811507289,-0.8940397017229487,-0.5115238428754659,-0.3904689530389993,-1.1255757834028914,-0.6712752569393403,0.3825679486490026,-1.1407557720907207,-0.282898308786169,0.7213393434629034,-1.5976710332503161,-0.43792033068747627,0.940688131743725,-1.8561630238962175,-0.542322278030312,1.1179019159982997,-2.047164877568668,-0.6251254616061391,0.5754808597730128,-0.8696697900868651,-0.2976790363684404,0.7269705891878228,-0.9100658943317166,-0.5409235362391941,0.47569915435555876,-0.5656873690977587,-0.6069066527608773,0.2545419925422189,-0.350773799337047,-0.6021878123411798,0.7010943525008724,-0.554606360724329,-0.32585105394790964,0.8468856109045634,-0.5646032000140151,-0.5192185045661531,0.6122556376003557,-0.3062274041245915,-0.4839867943725379,0.4170094349421327,-0.1787294889966453,-0.4206486633564318,0.792217637168996,-0.2330911724936322,-0.37417891681445453,0.9264318079468659,-0.2512106430203377,-0.5087553253942816,0.7220048627985716,-0.11289406553375336,-0.46198716618066654,0.5457848361072407,-0.05334321171166556,-0.3975293384284734,2.8433711473306458,2.8349070408628085,2.2400908417123766,2.4045918038222176,2.764060289694461,0.9999999966910748,1.000000001597114,1.857738651800389e-08,-2.4739766124604046e-08,1.7957795694911738e-08,0.40000001920353684,-0.0009314948062569461,-0.021553643991489027,-2.6199273744535207e-08
2,0.0,0.0,0.0,1.9001464934227406,2.053942093814751,-1.3499968889676002,3.3011534089324606,5.714629587497818,-2.035281437168432,4.114441873720589,8.738047591387597,-2.579537890023049,4.325414577509947,11.01290870685957,-2.994740740784067,-0.6250330083397858,9.188489415403257,-0.9043614901857611,-0.08316788594175771,13.067481083693444,-1.9140850978405237,0.935754905374927,15.251710835154734,-2.830818329763588,1.8274465131851716,16.488053558349883,-3.399757604136423,-1.1690622045944987,9.63087627929377,-0.7149262137655454,-0.6523499187824342,13.529145320768352,-1.4950428479974676,0.45463586369490894,15.527997114225542,-2.0944437802168685,1.394576898792022,16.6716143662637,-2.48416847333592,-1.4683844476164507,9.74315682854013,-0.7368308237615573,-0.9994995849764267,13.400452190875319,-1.444712042294808,0.13877801570561082,15.287478596412196,-1.708456560573771,0.9993812730173575,16.514720838991256,-1.8167935109477287,-1.5811385110492664,9.481489319898692,-0.9079837285781815,-1.1809807579582714,12.846012370343473,-1.4885265594748893,-0.4092378147004586,14.606221531707824,-1.6020225373013024,0.24347554654375048,15.782859593526952,-1.5790871696042936,3.040372593046618,2.8862766783639917,2.863188727099613,2.8439622141212,2.8505592254636376,0.9999999966910748,1.000000001597114,1.0000000043126425,0.9999999949426772,1.0000000089219574,0.9999999942784215,0.007509201825247782,0.0543485041040574,-2.589519493318026e-08
2,0.0,0.0,0.0,0.7668282682144593,-0.6365382291682576,0.20614530209669316,1.2167749890162498,-1.2772891934672759,0.1957787680651517,1.5878098496341313,-1.6721739157179951,0.073742460918651,1.6165700459442505,-2.011335137841824,-0.038903684792916615,0.459783234836564,-2.3624649200066647,0.25244974559544975,0.9667713818512016,-3.08522532869962,-0.006337017088240415,1.370352954761859,-2.620176737396638,-0.2397395273992382,1.527810814384575,-2.1301731531585135,-0.36349557976371727,0.2646912906971399,-2.313874318950093,-0.020743130420540046,0.9002699356668856,-3.0971238415680906,-0.3103930849257035,1.3818157123311616,-2.563090972397896,-0.518898421883505,1.538022289531814,-1.9953397537077737,-0.6193906659903459,0.1694996682862065,-2.1676866561752135,-0.310685484024215,0.7328312274239099,-2.920385822740947,-0.5149696478317005,1.2216438341823315,-2.502443811569416,-0.5973694331653828,1.4160102180734466,-2.0062322945051587,-0.6131600199954793,0.1570859574091541,-1.9341702336108635,-0.5989832799948738,0.5879979190817969,-2.590520138187263,-0.6894116366303614,1.0089336734116616,-2.4346937801103383,-0.6904104937219895,1.2636456777683605,-2.0882671013848264,-0.6784764495874678,2.8901750965368587,2.572323101636766,2.5196824346339235,2.5817718593700736,2.6195914773256117,0.9999999966910748,-1.183782638580766e-08,1.857738651800389e-08,-2.4739766124604046e-08,1.0000000089219574,0.40000001920353684,0.00805754970163186,-0.05181018515216959,1.5029328641699754e-08
2,0.0,0.0,0.0,0.7216798671263168,-0.6025450144721072,0.21608927136186654,1.1115985076992103,-1.193819906741314,0.20432090635623634,1.4381093507949576,-1.5306361944888653,0.08350426205783334,1.492357256210655,-1.7992129328579696,-0.027652745095691267,0.311231778354035,-2.263489971761471,0.18344734185265726,0.8743502538618577,-2.8874407116664895,-0.09785032635307145,1.3066840309832248,-2.427118348143093,-0.3356159628610113,1.4857563139403793,-1.9421369919122429,-0.4599348312354409,0.1375500993296056,-2.1782925870139236,-0.08742451555337438,0.8435447768030334,-2.8545928384672643,-0.38379227808206395,1.3291977884981152,-2.315484295783695,-0.5682725913836026,1.4770102820987745,-1.7732036941484877,-0.6561750769541624,0.0903755797879428,-1.9924258647923199,-0.3707544204416046,0.7154599982469737,-2.6518398046797094,-0.5935072895787026,1.190823371775616,-2.2167037268633214,-0.6505865485306861,1.348997058951174,-1.7378223017509842,-0.6483674638210869,0.12131766249426831,-1.7436016607662506,-0.6494085183779342,0.5690572010810094,-2.3419540336119296,-0.7700956395436926,0.9563943515045129,-2.1896284072435614,-0.7699110562009466,1.1717962842254181,-1.8889699598864356,-0.7534041323953901,2.8423178208353224,2.4280629168351666,2.3678357505343923,2.4427268600271144,2.5555746864831934,0.9999999966910748,-1.183782638580766e-08,1.857738651800389e-08,-2.4739766124604046e-08,1.0000000089219574,0.40000001920353684,-0.002135905913055955,-0.06322696316992947,1.866069214022449e-08
2,0.0,0.0,0.0,-0.6938851216075274,-0.6706663034675501,-0.7429243105112322,-1.0770017693370872,-1.9128312044549303,-1.0866372613033375,-1.2564854605146836,-3.1410590005431636,-1.2888745151722998,-1.4203161023953432,-4.086753928838998,-1.4374990866852864,0.2856909608488919,-2.5030066720204083,-0.7274517157119731,0.2958732076387638,-4.015070010689785,-0.9953343227101608,-0.03108835327419728,-4.713545215156423,-1.186595195125284,-0.2981238805403788,-4.856386216438762,-1.279379009683213,0.6762391959258837,-2.570365757809922,-0.4043505475749172,0.6388515158601297,-4.020809281612607,-0.514127254514361,0.2720077460219566,-4.649770811328488,-0.5535733111189443,-0.016113352755126528,-4.764808985075574,-0.5874803700282041,0.8375476347121741,-2.597494996738292,-0.14474119060806614,0.8310518573153989,-3.9466443469172554,-0.28522447251735655,0.46166450548021415,-4.52190257128725,-0.33673516280694826,0.20913912884205144,-4.754442690991168,-0.3591299312545368,0.8966267799894787,-2.552041869385519,0.06270839878557422,0.8974628831517502,-3.7955121717227445,-0.08874220095313406,0.685678873730132,-4.355682342261996,-0.1331830802680739,0.513740235064517,-4.62575537013035,-0.1362906528048935,2.9624583709645527,2.993200481173973,2.8505034404434832,2.821818349488723,2.775437112202093,0.9999999966910748,1.000000001597114,1.0000000043126425,0.9999999949426772,1.0000000089219574,0.9999999942784215,0.056179123397048364,0.012859254200748734,-2.3649960046056467e-08
2,0.0,0.0,0.0,-0.6436296600896635,-0.9317444036153584,-0.09302339226133366,-0.8571793261524773,-2.2317171229936874,-0.16983273764685855,-0.9696053413916693,-3.135387570199372,-0.32255289310072877,-0.738759506793844,-3.7213398064658003,-0.4233714415403981,0.5238311087006882,-3.199698462869021,0.2607753546854641,0.6460221277390938,-4.353603020802684,-0.059332642429304694,0.07281422551085183,-4.571582310264464,-0.32699525665286316,-0.3686763255777251,-4.333283472269913,-0.46904638096788975,0.7592947807507753,-3.1009294857185146,0.12459495508920859,0.7494413089387967,-4.4468598063038165,-0.16380784089006784,0.06316716004931311,-4.583395987928796,-0.34180900565233757,-0.3289199143170772,-4.258910219295877,-0.3984422700285572,0.9105604188112975,-2.8749236835648966,-0.08807077950109254,0.8908815542212571,-4.270621811465699,-0.3562010288823481,0.17718957758797008,-4.449122753076506,-0.4167373478651546,-0.274073045507787,-4.146780015521622,-0.384332903216397,0.9404240718317982,-2.508038100586975,-0.32918757386581765,0.7919342082288553,-3.677920156172785,-0.5281509763236985,0.26396826383924854,-4.020121019985807,-0.5605603458084111,-0.15291675903741953,-3.923825615846992,-0.5249934180799375,3.026913628171194,2.7876665584160856,2.790880221600515,2.784869413695404,2.6597213642977016,0.9999999966910748,1.000000001597114,1.0000000043126425,0.9999999949426772,1.0000000089219574,0.9999999942784215,0.052798039044693205,-0.00020425178072278668,-4.538205749919885e-08
2,0.0,0.0,0.0,-0.8205804649122701,-1.1111748400289607,-0.030938426435465127,-1.0731232067389156,-2.3973653672879087,-0.10594713780398685,-1.2098728180736955,-3.393073952060012,-0.28714010054209604,-1.021856992158575,-4.098739521738797,-0.4265679523960927,0.5203657845679693,-3.4850645886586613,0.4084298490697684,0.4840431239309956,-4.790860732818216,0.13017812804236228,-0.12331097054188003,-4.957715502594375,-0.14244667298988495,-0.5866127900246203,-4.643064604958609,-0.30149265432389105,0.7943171806018764,-3.421954396237704,0.21613594252671853,0.5884632283430864,-4.960905624708145,-0.027555941690739216,-0.1477845514845341,-5.034589251074619,-0.2218180548410983,-0.567794559716749,-4.581387989172039,-0.31315932751882913,0.9471536385803451,-3.2492789578426953,-0.05596438146033644,0.7583578202446161,-4.852468733574135,-0.32605689513033853,-0.046045321693035574,-4.972374045610955,-0.41303265315749493,-0.541350251564336,-4.516741736853416,-0.409984235606791,0.942714205436112,-2.9945086359934243,-0.35378837642321803,0.6987300676915476,-4.408513386189618,-0.5862998971269068,0.07253403958679748,-4.69780120266724,-0.6305750023943636,-0.4202813403213648,-4.445906315121379,-0.6064445385230651,3.007671829988582,2.7722162816968132,2.7212359712027725,2.7157881101884356,2.6678085225475723,0.9999999966910748,1.000000001597114,1.0000000043126425,0.9999999949426772,1.0000000089219574,0.9999999942784215,0.05342806166426009,-0.00023360372990864978,-4.8094084863900835e-08
2,0.0,0.0,0.0,-0.6714528135764154,-1.0047875611344919,-0.12097664182867052,-0.8722672628144316,-2.3936510870076155,-0.24209677115757455,-1.0050793582656892,-3.360105954435562,-0.4387704732826716,-0.8060207219196789,-4.0052442420883985,-0.5814511183582631,0.9085855922454688,-3.408820198605774,0.18512819917466716,0.8960058671265012,-4.802256197736389,-0.18647804109398325,0.19440038308410448,-5.026999989585431,-0.48988159936401854,-0.2992533718011027,-4.656454511227421,-0.6470068097208119,1.157592417402344,-3.282880372679375,0.03823805862461571,0.9722952245642034,-4.951765929315173,-0.3019794177284605,0.13730518542816197,-5.044607477757999,-0.4867090584701025,-0.29263885377071414,-4.533726763246438,-0.532606658656863,1.2717972093969019,-3.0367068154014487,-0.18591852614901436,1.1070267731770291,-4.706870182732013,-0.48538190320092767,0.26532597271797315,-4.886483538127004,-0.5266814227185221,-0.22751159710756028,-4.444764037423199,-0.4712585516910931,1.2107204525501873,-2.6913626441779592,-0.4425413616421101,0.9990148292863965,-4.0441966346197145,-0.6832311670313489,0.3860426558673303,-4.453586970206261,-0.7129463024662646,-0.0782729520766023,-4.3178648436359985,-0.6561542768136108,3.0285382115114285,2.7302150648993084,2.647625940707944,2.6358904826207845,2.5708163092063065,0.9999999966910748,1.000000001597114,1.0000000043126425,0.9999999949426772,1.0000000089219574,0.9999999942784215,0.0517137710653822,0.000282224486327246,-4.707188147681658e-08
2,0.0,0.0,0.0,-0.8874143446549211,-1.1142542550128411,-0.24705801939594005,-1.1976900063006963,-2.723759585829581,-0.43925085904823086,-1.3596727295954951,-3.9374662991424296,-0.6925289733468069,-1.0850359720464218,-4.693411306163354,-0.8760483975067141,0.9407776761860787,-3.8785766341789882,0.10515497473143648,0.820711462793069,-5.57674399457316,-0.33060639910851125,-0.028108604106354,-5.794079854927832,-0.6556895981449706,-0.632903862193223,-5.397160071772837,-0.8140518644296056,1.1717914082153433,-3.7007740604622104,0.0033396805115662453,0.8056139296006858,-5.762569749905818,-0.4036414048979636,-0.1823507969036233,-5.767808522758383,-0.5927169322872091,-0.6706015618805411,-5.125340986218072,-0.623356878952501,1.2361329540525539,-3.422331788316089,-0.19313543725410592,0.9091160374672347,-5.411839143799288,-0.6045637678216478,-0.09533164584550362,-5.4897583296839425,-0.6442733401259754,-0.6463797735607858,-4.906964752205356,-0.5444091561907566,1.1026332795759697,-3.048916529421357,-0.42913630636696837,0.8528527480706452,-4.717744432799667,-0.7703462198692038,0.15340652925852877,-5.089311476936047,-0.8131851063043848,-0.3626963833148987,-4.843916517538265,-0.7323737684390135,3.0373713812152574,2.7292038974478423,2.6248669705513223,2.615434624196621,2.648327103403184,0.9999999966910748,1.000000001597114,1.0000000043126425,0.9999999949426772,1.0000000089219574,0.9999999942784215,0.05178342661666303,0.0011485449907598219,-4.520075782107934e-08
2,0.0,0.0,0.0,-0.8659112791178862,-1.2098068950426437,-0.19553335022116047,-1.138359954139677,-2.7729652179590936,-0.3858148161886889,-1.3021631475105695,-3.9326670205274867,-0.64720171787184,-1.0367916435426587,-4.6908667891618485,-0.844981430395188,1.0894775295055963,-3.914886291023052,0.1361260135590846,0.8559203076749373,-5.642067849658251,-0.27763684232597474,-0.014654458286152524,-5.850768722457393,-0.6076286429467429,-0.6158080485467639,-5.410524878850464,-0.7767444235518555,1.3203207263423724,-3.7377908849239545,0.0007763118088254806,0.8578360701287511,-5.858108223971863,-0.387823750541026,-0.17839788069537504,-5.83164596203239,-0.5831874610276777,-0.6766755455357446,-5.124457746022549,-0.6270992160776044,1.359883654293983,-3.467851255760835,-0.21995549863742725,0.9822739119382539,-5.516854913077278,-0.5944883211112644,-0.04345039185267663,-5.588574003569033,-0.6314343818567164,-0.5973407545193196,-4.953934203721299,-0.545600235498626,1.184084356547108,-3.1309837868481614,-0.47750785845745125,0.929733585834967,-4.842869366292009,-0.7896506085676122,0.22783988117782328,-5.219564583818549,-0.8204600682060665,-0.2828220615097871,-4.940890269891932,-0.7404031174920579,3.036452538920705,2.6587850985079693,2.5624213186097364,2.577308152248951,2.637871774407434,0.9999999966910748,1.000000001597114,1.0000000043126425,0.9999999949426772,1.0000000089219574,0.9999999942784215,0.051071789071064085,0.0015552840449588037,-4.755800811036058e-08
2,0.0,0.0,0.0,-0.7519000958572973,-1.1275806821624133,-0.2286651580738368,-0.9960779623991308,-2.6306776453686282,-0.41053018098004607,-1.163170644689792,-3.7250513882013347,-0.6347171674999375,-0.9228889458875603,-4.330314393209947,-0.7935565784470755,1.001739305531284,-3.588011611410392,0.028505619509085034,0.8776330469000981,-5.1273173172993545,-0.37681647611733915,0.08837767173053236,-5.3745788529667955,-0.6891094435908577,-0.479737537562259,-5.041806747432229,-0.8461628533743686,1.1804867881230445,-3.4042265793874757,-0.05599906040321717,0.8416092129940358,-5.283647262382502,-0.4340667130160309,-0.07443700098288514,-5.335819066217785,-0.618073105327698,-0.5268421610720714,-4.766070318541482,-0.653483211554131,1.1954436043559273,-3.093286297061337,-0.21823377967786642,0.9147297511041856,-4.85621184453334,-0.5604373814919633,0.026703344555672956,-5.009044433118842,-0.5997574927634248,-0.46800765507668635,-4.5376419507091486,-0.5205996035430075,1.0046926025968321,-2.6929727547200777,-0.41747254252691285,0.8093062837725487,-4.125591293747101,-0.6838909247119019,0.24848094790258196,-4.565757704274278,-0.7205291447303213,-0.1662919197431063,-4.450129527040186,-0.6526160835177667,3.060108425170051,2.7038895991312097,2.6021473227339076,2.605179529276111,2.654189851267356,0.9999999966910748,1.000000001597114,1.0000000043126425,0.9999999949426772,1.0000000089219574,0.9999999942784215,0.0508860071393148,0.0018543000635087119,-4.492862084183255e-08
2,0.0,0.0,0.0,-0.8747065311654635,-1.2377626678993177,-0.17608815630046756,-1.1144247841799042,-2.8292913264401895,-0.3458262391483217,-1.2924255859545475,-3.9802555041940413,-0.5915960664009866,-1.0732169585613354,-4.732455874795815,-0.7743617933021276,1.0714221622965083,-3.8631497614882293,0.1770716467231246,0.9104459646580658,-5.546623217556643,-0.25145465411873974,0.05878174899504496,-5.778720993263707,-0.5792965899125666,-0.5521862004803126,-5.41071568392631,-0.7382588404328665,1.295092236188127,-3.6924632571066955,0.027475425291753675,0.914799114221922,-5.774261043672528,-0.38905593566963403,-0.12110721611433636,-5.793809902803113,-0.5935302375421697,-0.640412882703364,-5.136420729579627,-0.6267425418028185,1.3374830612741306,-3.4346315233710096,-0.2121750463937944,0.986828994489878,-5.386922288304094,-0.6112142744354643,-0.03987826269917631,-5.486022518262707,-0.6696652206633951,-0.6068381757005175,-4.90480424853682,-0.5845350605953552,1.168617120083426,-3.1210985610656508,-0.4861879641583541,0.904526953041521,-4.749514880568848,-0.8010266959860181,0.19548681423720374,-5.114770101759151,-0.8402851073401765,-0.32541212434411665,-4.869049268347628,-0.7616514536594544,3.0386188105788126,2.6758355789462724,2.588817827303114,2.5796327797696015,2.6280896900175748,0.9999999966910748,1.000000001597114,1.0000000043126425,0.9999999949426772,1.0000000089219574,0.9999999942784215,0.050741168526483256,0.0014388100892142649,-4.427883641492516e-08
2,0.0,0.0,0.0,-0.7408347325555529,-1.120522884743418,-0.21091343412437935,-0.9753888409450269,-2.50537308154498,-0.4009754674934144,-1.137509314405012,-3.526175564539653,-0.6370403144721803,-0.918659308425894,-4.172811329475326,-0.8142687792870131,0.9262713104510509,-3.4569470897982097,0.04064674698666276,0.7247974625079523,-4.934283580852399,-0.3343341664332813,-0.009174352867642347,-5.1071907157587555,-0.628061950218856,-0.5087021611616849,-4.7390223984576485,-0.7793636897364414,1.1249154525559115,-3.257846611352398,-0.05633519890388,0.7610644277692088,-5.0728140293153325,-0.41623934761870873,-0.11291543290138792,-5.0597004726927475,-0.585316538795759,-0.5426049669472923,-4.449187255374155,-0.6166440847109476,1.14599339306745,-2.950704830096268,-0.2271243468766846,0.8656345652696107,-4.661076560575222,-0.5504934787730581,0.011402975706690355,-4.7748002318720575,-0.5732724667311235,-0.46535550039753165,-4.281212674033906,-0.4928711942176648,0.9628763139512432,-2.577641997782673,-0.43420323863469845,0.7679097681829451,-3.9413398714518353,-0.6924290643630686,0.2092197940202879,-4.350895963358877,-0.7238619321642448,-0.21114873064198286,-4.2293138607662435,-0.6607693428401543,3.050986515567818,2.6712672284580483,2.5863855073550472,2.6015188500934396,2.6486940656638005,0.9999999966910748,1.000000001597114,1.0000000043126425,0.9999999949426772,1.0000000089219574,0.9999999942784215,0.0520702326190898,-0.002200437880510203,-3.3009441747534594e-08
1,0.0,0.0,0.0,0.7143672355574714,0.5177286872027006,-0.31416511958342325,1.240786824443242,1.3245417561360544,-0.4917225249154789,1.6291935040261092,1.8906375641334567,-0.6210098904558955,1.965986984919071,2.272076271403784,-0.7376624380883965,0.5023667304703522,2.678795413105328,-0.34203651312120364,0.6871083663454474,3.80594497716557,-0.4388618746407527,0.8127506660963751,4.284085945086651,-0.5360873364821721,0.8485507929968217,4.589318410400895,-0.6037831894312936,0.10249813754894381,2.688968809262855,-0.23306645676873444,0.4418153418992572,3.653934977899563,-0.24592447361954795,0.6939035179027454,4.018668035361716,-0.2915468382600604,0.8282811398840337,4.231794608277032,-0.3464072034251614,-0.17492219703054768,2.5135017883962796,-0.14173766515691327,0.2582796001060392,3.2936329882132926,-0.1362634484122447,0.5597394043835255,3.5523568250550306,-0.1251745159294106,0.7014694118453996,3.677684999983322,-0.13857321613805101,-0.3732768442540344,2.274345091012217,-0.0780890219049657,0.06819009787384984,2.883700415940591,-0.0576264177263186,0.35689443427429435,3.0470478258917044,0.017273459103456457,0.5157578702741664,3.0679771524925594,0.07589028773099471,3.118417991405941,3.095314919407624,2.8330366573118306,2.562130918880395,2.349720956453637,0.9999999966910748,1.000000001597114,1.0000000043126425,0.9999999949426772,1.0000000089219574,0.9999999942784215,0.002797265709250969,0.02498804644387302,-5.066447786051183e-09
1,0.0,0.0,0.0,0.1721932402893131,-0.41794225598612234,-0.21808706198420236,0.2613638675794369,-0.9446579753498338,-0.3647241298623459,0.42735292576194445,-1.3439093923742393,-0.5021955966674749,0.6160172339207814,-1.6126091284245145,-0.6177201865718432,-0.2892926144483762,-1.7300429385373106,-0.1698185951145303,-0.49876803449995016,-1.8625750713981517,-0.39168834512607253,-0.36341939543212276,-1.51033723761787,-0.5531622175535555,-0.23160848228922615,-1.3001711372602698,-0.6419134079566826,-0.5081986920890634,-1.4849322969847965,-0.16184164296636896,-0.6941982471896563,-1.5788588779505903,-0.3638840248533567,-0.5158794756855243,-1.2536579386681737,-0.4506515852012154,-0.3772425188440086,-1.0624100034246609,-0.4854244854601985,-0.6688881533561862,-1.1833746476222522,-0.18788874035107983,-0.8281680947335742,-1.2422611788698892,-0.38063294639859024,-0.6510514118245444,-0.9715793699021268,-0.3588142161867265,-0.5117999610893167,-0.8155128985254625,-0.30977538380685576,-0.7900773155370484,-0.8669101037375555,-0.23475145499726496,-0.9299544531682463,-0.9348753749289576,-0.3516183126909529,-0.7876801114047757,-0.7385874962582979,-0.3028793984918311,-0.6550906760454918,-0.6101584245409952,-0.23582350835790028,2.921009050070028,2.1636588565258803,2.1924529107936235,2.2176184703971353,2.579288009879183,0.9999999966910748,-1.183782638580766e-08,1.857738651800389e-08,-2.4739766124604046e-08,1.7957795694911738e-08,0.20000005050766478,-0.05952399091266369,-0.05809742226787361,-4.736313277014998e-08
1,0.0,0.0,0.0,0.17840055199088534,-0.43044250510506066,-0.19213085010298703,0.2120285119904652,-0.981270532181975,-0.2951674208561114,0.2907148367199283,-1.3612009712044175,-0.3911645980648608,0.4873024835363481,-1.581789715881455,-0.48134697410986227,-0.19575054553863508,-1.6339526133615516,-0.1753436962256023,-0.6139049692413137,-2.281180649311173,-0.3641652706665245,-0.864332354036757,-2.711272956669375,-0.5049782969168622,-1.0620132933280009,-3.0720105700366274,-0.6125442974313164,-0.418520244930099,-1.417910329200511,-0.17300707033480758,-0.6794261000193796,-1.6485143817468266,-0.4526011940235636,-0.491982378042979,-1.2554061437813955,-0.5333112488488585,-0.3122719766489105,-1.0281883443757731,-0.5393974180586006,-0.5955465668781348,-1.1209728756244932,-0.1939114264857762,-0.8166048987988788,-1.232140908491408,-0.45703694014401186,-0.6123519968368397,-0.9182764292364038,-0.40498436241622965,-0.4293237813835487,-0.7614481386561723,-0.31305024420319516,-0.7443400033861169,-0.7999406432981372,-0.23428212731390022,-0.9319501246826895,-0.9306425534281004,-0.42566927805314664,-0.7443929946938382,-0.6801608781225053,-0.37781051427066376,-0.5611178243205301,-0.5343281389892629,-0.2986282614473191,2.9901015597772154,2.674809215952422,2.3875937541751915,2.295012720615861,2.6207847544770044,0.9999999966910748,1.000000001597114,1.857738651800389e-08,-2.4739766124604046e-08,1.7957795694911738e-08,0.40000001920353684,-0.056012910711664685,-0.06065408418208244,-3.6088622092516186e-08
1,0.0,0.0,0.0,0.13131729907689338,-0.35289153377467597,-0.2058550115063891,0.14742211976729738,-0.9088146696084046,-0.32815658916139023,0.23536457846518,-1.2698884512578155,-0.448346197473734,0.4397061442390827,-1.3983027983137732,-0.5564321869381319,-0.28580228373836036,-1.5426694453470189,-0.22123130911696648,-0.6598417478091734,-2.1805138301715696,-0.44561595188842995,-0.8964008648435366,-2.5598983409019356,-0.5776466754444564,-1.1080258960488394,-2.910729954507932,-0.6714100826882508,-0.4963943236539611,-1.3094460913702628,-0.2266090926157764,-0.6635281982651564,-1.4674713716963466,-0.5300039652449213,-0.40488428738000654,-1.0350844857867276,-0.5715284343481968,-0.24291989637757702,-0.9106339714775398,-0.5440075353534365,-0.6584370454916758,-1.013882277689883,-0.26162039912096685,-0.7902169633828542,-1.0885263666152252,-0.5458451511751643,-0.5194233593652489,-0.7464234924440538,-0.45500129132359113,-0.3642275184776133,-0.6697242394940043,-0.3309336391877741,-0.7944129942517161,-0.6873514089264331,-0.31995478114450937,-0.9134398882944829,-0.8253578499035874,-0.5077157024882517,-0.7008451938586762,-0.5874667736352603,-0.4372663862355475,-0.567093322892116,-0.4854054484038807,-0.341987126883391,2.9173312221287477,2.7694442016832372,2.2969920577107823,2.2073938869126377,2.622496599160367,0.9999999966910748,1.000000001597114,1.857738651800389e-08,-2.4739766124604046e-08,1.7957795694911738e-08,0.40000001920353684,0.007901536433959008,-0.06102888051547892,6.635832157451327e-09
1,0.0,0.0,0.0,0.13610285568309577,-0.35136631173957156,-0.21264497923146058,0.14972363100622846,-0.8949260149293544,-0.3452731667875023,0.2270481271601485,-1.2386229313369364,-0.4759610608975724,0.44334872089699273,-1.3697820922752393,-0.592684210047857,-0.29183130381958833,-1.5371799418913452,-0.23281170459725978,-0.6673656072506402,-2.1729199398265555,-0.4678950038523406,-0.908636692539877,-2.530470594830912,-0.607180893605448,-1.1237098894774544,-2.8722768410986133,-0.7036672829548696,-0.5083226683151877,-1.3024778255322003,-0.2375680522806558,-0.6431199977325973,-1.4120799232838044,-0.5554074625966933,-0.3743809426126945,-0.9690117298430396,-0.6016887426287886,-0.21259943096460118,-0.8505035285948075,-0.5742725759897499,-0.6779854861871151,-1.0135482527408062,-0.27317643032842603,-0.7748916618040146,-1.0432975286517594,-0.5697068582273759,-0.491580529808283,-0.6900077484186045,-0.4834828360217177,-0.3292057623973814,-0.6081500666585502,-0.3584508249816246,-0.8207158282065037,-0.694365863718022,-0.3325391117313406,-0.9052741695141556,-0.800877512591316,-0.530513526141129,-0.6706618830193222,-0.5508698746594891,-0.46372735480195515,-0.5228819479293918,-0.440158081455805,-0.36643388343488126,2.9211423302373363,2.7687833185308075,2.1630933277679314,2.0393795987057812,2.4558956619527508,0.9999999966910748,1.000000001597114,1.857738651800389e-08,-2.4739766124604046e-08,1.7957795694911738e-08,0.40000001920353684,0.00719793669126171,-0.054090236696875876,2.0373720513402417e-08
1,0.0,0.0,0.0,0.15399598308382137,-0.3818451373254885,-0.1641322701881931,0.17396512700367053,-0.9272973235690406,-0.27931299897509304,0.2595131989388555,-1.2721088035438255,-0.4026128620928539,0.49002532837627477,-1.387958789914657,-0.5215408201071385,-0.2858145551267557,-1.5999758489678813,-0.20657185566339797,-0.6676739509590277,-2.2073128170052905,-0.4085902239499588,-0.9142378894402944,-2.563518086222725,-0.5491374154586729,-1.1198333047166,-2.8851332614976464,-0.658618927110014,-0.5035655668536171,-1.3732146066911552,-0.2283768947040395,-0.6291359476983501,-1.469059704008127,-0.5094153286346198,-0.37246138131763323,-1.0820786951659007,-0.575643778366697,-0.1999124538667335,-0.9267914831744495,-0.5816437031614667,-0.6678730617328797,-1.0772155525760954,-0.2709779444245471,-0.7642627291536882,-1.114825610644376,-0.5240240099014373,-0.4995490337814363,-0.8033127189965642,-0.46505179716657796,-0.33250035910083064,-0.6840773422131144,-0.3799223633882295,-0.7979368682125185,-0.750538170312493,-0.3337986151843398,-0.8655714869802509,-0.81177413816843,-0.5163519405135347,-0.6429616054033205,-0.5863319011249297,-0.4759965543576658,-0.48599893220292617,-0.4758971089831423,-0.4101843509880338,2.9061236223921565,2.7371783115496964,2.144507177044524,2.0823617011023785,2.329941265279902,0.9999999966910748,1.000000001597114,1.857738651800389e-08,-2.4739766124604046e-08,1.7957795694911738e-08,0.40000001920353684,0.007810172326203673,-0.05046407916519878,2.6471890541879824e-08
1,0.0,0.0,0.0,0.1678781056560214,-0.3836111680092752,-0.18169708835738899,0.20279092288912345,-0.906376113801858,-0.3182493156020729,0.3017356850458335,-1.2531611061871297,-0.46073615842313687,0.5311837384735527,-1.380560406569317,-0.6000409124892425,-0.26335422328424507,-1.638937021890771,-0.23874617734643788,-0.6488945713156689,-2.2150380038458772,-0.45322484031521626,-0.9092918602147997,-2.5662421590754407,-0.6107674836715543,-1.1164951799882976,-2.8636620559527497,-0.7300941344764924,-0.4923576704613737,-1.4205856321258257,-0.25235065591335537,-0.5897408268733043,-1.4482284793742526,-0.5451906920711644,-0.3425115928080982,-1.0248718232334728,-0.6186081776747836,-0.163524009274397,-0.8078323860879004,-0.6275116800227025,-0.65347839001435,-1.1194628504799669,-0.2863889013818977,-0.7244210282819346,-1.0765552468416035,-0.5406206846126531,-0.4686560602584216,-0.7392952453772814,-0.4822917550094029,-0.2921875398895943,-0.5645350957109507,-0.3961197804634333,-0.7775283715556459,-0.787687541708262,-0.34362360678508685,-0.8263888633138412,-0.778333485077418,-0.5231124780027687,-0.609051566714532,-0.5335149741886874,-0.484097266781369,-0.4405780917021867,-0.40520007406136815,-0.416915066148674,2.9071431218841948,2.6938123481753458,1.9188650837246166,1.7725515390047935,2.012631420523043,0.9999999966910748,1.000000001597114,1.857738651800389e-08,-2.4739766124604046e-08,1.7957795694911738e-08,0.40000001920353684,0.007507428601575358,-0.04621112284990537,2.947949786947475e-08
1,0.0,0.0,0.0,0.17833701151549486,-0.3437700174627033,-0.2807267920226655,0.21620656406242705,-0.8646638838315908,-0.460291116501764,0.3255185918574064,-1.2546674246517404,-0.631105369330704,0.59003941436635,-1.4294456457212799,-0.7850944435194969,-0.28931503147284643,-1.7251028071139267,-0.26732769583708454,-0.7035480793179407,-2.328856671355467,-0.5144580007218968,-0.9767497947232435,-2.6544725497529105,-0.6773027784616703,-1.2065649006896895,-2.971757741474602,-0.7922924751870912,-0.5128263717059066,-1.5020910580424554,-0.23700716762468543,-0.674598692734522,-1.4630739794132022,-0.5450143825221103,-0.3901123958610757,-1.0574843886637955,-0.6120162017731625,-0.18976926095073615,-0.9754255355433362,-0.609925925677724,-0.6800159643898877,-1.1937947376680382,-0.2438088486795964,-0.7912271162409928,-1.0477776503797518,-0.5316975715790737,-0.49135256296993995,-0.7292387507643097,-0.4773595604818981,-0.28408471742006103,-0.6916241739059027,-0.3834713407393018,-0.8107047966080784,-0.8719113479337776,-0.28206271181616843,-0.8787410460826017,-0.7946422098316113,-0.48200938222031847,-0.6232434117826565,-0.5373005754490079,-0.4436593614520725,-0.42278851860011263,-0.4641428569120232,-0.36805153373844945,2.9422781364270367,2.6851601342007383,1.7449563734988862,1.5109389820766537,1.7320622248188111,0.9999999966910748,1.000000001597114,1.857738651800389e-08,-2.4739766124604046e-08,1.7957795694911738e-08,0.40000001920353684,0.0045398047041110695,-0.036224936963065384,5.9280486710477596e-09
1,0.0,0.0,0.0,0.30931378329397136,0.9062804009063791,-0.6191166647511904,0.3574430412883444,1.9385763978329287,-0.8772809904635097,0.49296026613226307,2.824387393807083,-0.9985395793766978,0.651247203992081,3.456467307967772,-1.0960595349295166,-0.9510388480050372,2.1750879074395697,-0.7601372759415159,-1.4025089185826107,3.2517876478433276,-0.9071225111118923,-1.6411396530081455,3.8759438059069105,-0.9637032174311468,-1.8514520732770445,4.383502481541844,-1.0002281732834903,-1.2004136917284267,1.9537166038074965,-0.4461181717102899,-0.9597601865566353,3.179312249171414,-0.6115713112708435,-0.46210041035471244,3.122302420554746,-0.5570980895908847,-0.252926283315971,2.7787323201635035,-0.48229717993073407,-1.2396947610813596,1.8000144288136246,-0.15777051953755408,-1.0022551980312635,2.8099406855390416,-0.3170667380428502,-0.585238399507664,2.734009097870895,-0.26227040797974727,-0.39994182322234273,2.455672433472671,-0.18279128518663218,-1.183372587144012,1.694062370250541,0.08522369799387663,-1.0646404299751284,2.4057836546888187,-0.018157400501656817,-0.7881129070673856,2.434668628999531,0.01422552901667562,-0.6134637811747482,2.256316443501268,0.0802919564149217,2.99048636887191,2.9563510450098236,2.4045934734487067,2.3094890040612484,2.3472042049804718,0.9999999966910748,1.000000001597114,1.0000000043126425,0.9999999949426772,1.0000000089219574,0.9999999942784215,-0.0016263293086684056,0.04272514398932354,1.4991576296860453e-09
1,0.0,0.0,0.0,0.3631139107026513,0.9778874219499486,-0.7030502000391959,0.39788633011321684,2.0923464501189026,-0.9877631189109081,0.5408470874746061,3.0478197050907343,-1.1204596941548057,0.7414567843054437,3.773212611831134,-1.222816622409864,-1.034468056075664,2.3650936549168837,-0.7854239066133897,-1.501179197720384,3.522330268096148,-0.962126438711429,-1.775882947981461,4.20479275658854,-1.0485497728254711,-2.0108275882551436,4.76269593968108,-1.111115097242735,-1.2778419015888547,2.1409541837221204,-0.45650544581589303,-0.7701097415445675,3.4604058015039,-0.6556467337988111,-0.2845067517737866,3.2056149382701005,-0.6094404450402198,-0.21559395913904233,2.7288894526087866,-0.5396246876190121,-1.2919126197545212,1.9767505259345808,-0.17007725045923242,-0.7668114150105941,3.063677849270535,-0.3588353143815926,-0.3935408561969222,2.802920971419062,-0.29392273615247605,-0.3787489737029281,2.430917621336942,-0.2132236866531928,-1.2095321036936433,1.8566355742649572,0.05767912990476548,-0.8720827223754646,2.633659802369571,-0.08372194911611175,-0.5794263115662865,2.4675428649251647,-0.04994199291088364,-0.49134628118665574,2.1417650044435277,0.02273670349850565,2.979956855433467,2.984349495735557,2.247756490141663,2.116877079949494,2.140180109311561,0.9999999966910748,1.000000001597114,1.0000000043126425,0.9999999949426772,1.0000000089219574,0.9999999942784215,-0.001224017782174766,0.0431935779777599,3.1610446466385236e-09
1,0.0,0.0,0.0,0.3528751226788203,0.9532859980478999,-0.7278324554595557,0.37424549221939546,2.0513185881765734,-1.0239609193944776,0.502953889756737,2.9966817483783674,-1.1568882447143323,0.7126994168237275,3.7239048324902218,-1.260512483836932,-1.0271817501219933,2.2300040978047444,-0.8675569228484756,-1.5176404429301027,3.369531935553158,-1.042237555381302,-1.8145238740491418,4.038795787282535,-1.1200415174307343,-2.077809723989986,4.58400660198072,-1.1773179671917107,-1.2902792701448498,2.0432228206949334,-0.5187683107430421,-0.840447604793133,3.427670649905506,-0.7019820776554285,-0.33728050149637095,3.2229096629667024,-0.6343205556067703,-0.2594267288634368,2.7447519863663015,-0.5560722363287499,-1.315476667345965,1.9409422050680991,-0.20938680813562804,-0.8512683766853018,3.1142784861738373,-0.39767619866922466,-0.4493703273895045,2.9080646573807014,-0.32765661987324657,-0.41204819409830795,2.5303979485477086,-0.24485991347891134,-1.243354520497514,1.8760908552557765,0.04239618356189706,-0.9772574867394778,2.7171978231033087,-0.10861747933490923,-0.691730639172917,2.616001341790619,-0.07857911055717348,-0.5815191883662308,2.3106388942257565,-0.010141858160442996,2.972836024098252,2.9403278619191098,2.2734241470590333,2.1749808779697175,2.2342143037871205,0.9999999966910748,1.000000001597114,1.0000000043126425,0.9999999949426772,1.0000000089219574,0.9999999942784215,-0.00103846523399088,0.04327859998568316,3.6947802545853008e-09
1,0.0,0.0,0.0,0.02574634795313311,0.6507664061535074,-0.2162992652004114,-0.08896067003225673,1.3610084793356994,-0.42863404928626636,-0.04660888483831385,2.009681465750936,-0.691958856286391,0.0299589950974182,2.503322288950871,-0.94371473718276,-1.2864942364853376,1.4152218707577795,-0.13439615372369818,-1.5538629811574245,2.0310936748603385,-0.454634193078373,-1.388286936554986,2.0472315586324674,-0.6717379689637649,-1.23942698548694,1.8798614903215014,-0.7637459029586892,-1.5798502515417048,1.1475557710708895,-0.24388709463544844,-2.2815161738723764,1.5981435333422263,-0.5060011739708966,-2.6477268153447033,1.888243577045171,-0.6687914133042451,-2.8955631597390212,2.140575556966878,-0.7627185539691947,-1.704590207010788,0.8898242582315903,-0.4096863256970844,-1.9970511949397673,1.6293609722437923,-0.7124157032501476,-1.62679834398695,1.6578535705930046,-0.7924215726176955,-1.3055566729039847,1.545615081309349,-0.7667914684794854,-1.7121772466001632,0.6405865484408534,-0.6020863549594593,-2.1795669020471227,1.0710467166024413,-0.7366496873473813,-2.336489097183326,1.286167361509122,-0.71359509756466,-2.417031483905224,1.4432808252009939,-0.6709951747328472,2.907576320450056,2.6519152872314646,2.9528162792582013,2.4425721301235632,2.7532768449259537,0.9999999966910748,1.000000001597114,1.0000000043126425,0.9999999949426772,1.0000000089219574,0.9999999942784215,-0.001540879368231607,0.040641929659172925,1.3951791564879623e-08
1,0.0,0.0,0.0,-0.07652335657496405,0.23939555915686525,-0.7474827958296796,-0.17648054372538569,0.7634019750188417,-1.1865434500813543,-0.13280341609151636,1.6426098172117407,-1.5218936431718015,-0.07780395241285046,2.3596430021939607,-1.8350175432582403,-1.760525872734312,0.4405321791312744,-0.9220699908747226,-2.6616683245407127,0.835126948255873,-1.2531456910502694,-3.204240109675809,1.1318219660032247,-1.3922257489104533,-3.617664369565464,1.3435806463237385,-1.470016465790638,-1.8440886395299765,0.7640351212529723,-0.7002341415741555,-1.8035944952403695,1.9859177276854307,-1.086288004210497,-1.245372007041344,1.935193708329549,-1.0766678076558394,-1.0115279184366852,1.4924163222419649,-0.9777913679256633,-1.7628723643255828,1.1006148856383668,-0.543044093629631,-1.6503723301709463,2.1240723437998477,-0.900535879583438,-1.2152158282950452,1.9462636244119533,-0.8184975864333406,-1.1207282256247169,1.5022763517260078,-0.6709717517945222,-1.648562642397241,1.3177955467751694,-0.4553011374109005,-1.671441200519337,2.080405253816046,-0.7272139093771016,-1.4537456665154198,2.0252208949438164,-0.6956050440450102,-1.3811809771809909,1.758073191725301,-0.5799378750857646,2.7581942080753077,2.929579007331076,2.0002508160802996,2.0707139970611323,2.3010125173378078,0.9999999966910748,1.000000001597114,1.0000000043126425,-2.4739766124604046e-08,1.0000000089219574,0.8000000117850957,-0.001528117404463977,0.03844412408560658,8.52595083323218e-09
1,0.0,0.0,0.0,0.14684199855169214,0.033960685776948524,-0.5331381614450447,0.17914828589954443,0.09339381602470315,-0.9173959372522609,0.17037568022647753,0.4320390918751529,-1.2194901903653923,0.2282632988780101,0.843274905695973,-1.4614687466254805,-0.9465425339968985,-0.4071383959958601,-0.7793777695992321,-1.0410821299417392,0.8040283079596735,-1.1517236495995975,-0.6317571935120623,0.9100657484056589,-1.305469507513235,-0.48326723430040514,0.6703728295584181,-1.3739759854808158,-1.22439647894659,-0.11053069862021947,-0.6647489686286883,-1.055937417399673,1.1446840478624751,-1.0256225194287079,-0.5810509503464842,1.009451720300946,-1.0592550179712403,-0.45863659943607454,0.6441509046145557,-1.0354130382704458,-1.3384426913237948,0.20671195615982008,-0.5874517596795433,-1.1374236389171524,1.2742317184135201,-0.8571972408687398,-0.7291370859326947,1.1185257826090855,-0.7646855136761472,-0.6090536381664149,0.7918677587749168,-0.6666200217953758,-1.3371165789320183,0.48776377676017646,-0.5635023061042479,-1.1687397943274007,1.2437898159946839,-0.7565544790861557,-0.8505950099383724,1.1677166156503556,-0.7183109603815747,-0.7026208193928116,0.9110368281570053,-0.6345561741702119,2.4457807431411633,1.5016444967777263,1.5136543765193982,1.6374672546300877,1.7788560566525433,0.9999999966910748,1.000000001597114,1.0000000043126425,0.9999999949426772,1.0000000089219574,0.9999999942784215,-0.0008613599573825629,-0.015834755969671013,-5.2929515984820434e-09
1,0.0,0.0,0.0,-0.05644230660278607,-0.4451445919479068,-0.10225349638195468,0.03807904661827234,-0.985838866663105,-0.19543769324178667,0.1616840502195006,-1.359259720086381,-0.30186569504693583,0.15243474880698749,-1.702724867689031,-0.3943610671756457,0.6934153963674802,-1.2356373059217545,-0.064220040529025,0.8390948600957795,-1.5422565775864643,-0.25474228915931885,0.627364666276501,-1.3490377614042663,-0.3855990753317935,0.4765785909591484,-1.1307030951356198,-0.4452859748024403,0.8233602912265661,-0.962777606884215,-0.09269878250567626,0.9322864787470506,-1.2258049268184876,-0.26322722551117406,0.6405765184076964,-0.976923170316732,-0.3201019261650019,0.45480889104223127,-0.7622149792529456,-0.32521933922771434,0.922161634481177,-0.6470905422072282,-0.14777842196037094,1.0047011111215542,-0.8808744547964139,-0.2936162047892441,0.7125308907431982,-0.696034377248643,-0.2728640146413966,0.5080477531441492,-0.5250012342990535,-0.227344421490287,0.982264982931127,-0.29055782151309584,-0.2171599942072463,1.1091925826574445,-0.5173818049971568,-0.3099061759942069,0.8700173977874914,-0.4377576531746547,-0.27599218545907855,0.6755793165110797,-0.3177426501589564,-0.22378635949016595,2.969223720925418,2.6710150021250763,2.5887215208960734,2.436779249409875,2.387965938111537,0.9999999966910748,-1.183782638580766e-08,1.857738651800389e-08,-2.4739766124604046e-08,1.7957795694911738e-08,0.20000005050766478,0.0484957786814894,-0.02900691196611768,1.310914616288737e-08
1,0.0,0.0,0.0,-0.11262487801167857,-0.4015216869715533,-0.17677922522649311,-0.06607211803251076,-0.9558321576292752,-0.28665790273810876,-0.006084499057506222,-1.342977557147041,-0.3905424491858214,0.016106480043680482,-1.6510751758277389,-0.4894397612265462,0.4430009613671745,-1.252792710009952,-0.2159823419944941,0.7477427479477823,-1.7536898948088497,-0.36982849446472177,0.9281401682849457,-2.0439310017947063,-0.45708196341501917,1.0795914904937418,-2.273972758283789,-0.52018058633834,0.5977237364862653,-0.9767490009738196,-0.22536949838244336,0.7782420934689895,-1.1570744539618443,-0.46277356152509924,0.524622923151239,-0.8401105931709019,-0.5222012942454184,0.3217377214309658,-0.623608644997978,-0.5079143049428207,0.6980961231384111,-0.6495925647248213,-0.2525564988208954,0.8047304574527971,-0.7346169413961395,-0.468524928898808,0.5456768267823326,-0.47391076493424694,-0.443669735103679,0.36597376377833596,-0.33749731263850113,-0.37446680295603835,0.7659991003523439,-0.3096710151881277,-0.29468184403575415,0.9001626394570627,-0.4243627447080167,-0.43828084974675846,0.6855434496344059,-0.3005522990679235,-0.40051039891924023,0.5196368005388603,-0.22396951381786223,-0.33873400662609,3.047991742146974,2.9180867514025204,2.549603235748742,2.390752541576926,2.7017543511068833,0.9999999966910748,1.000000001597114,1.857738651800389e-08,-2.4739766124604046e-08,1.7957795694911738e-08,0.40000001920353684,0.04930533386132655,-0.034096639481877064,1.7825364575668743e-08
